{
  "entries" : [
    {
      "identifier" : "START",
      "message" : "Running ExecuteDAI_API\/PullLogsDownLocally.script",
      "timestamp" : "2022-06-03 11:26:10.525 -0600"
    },
    {
      "handlerName" : "on_setaccesstoken",
      "message" : "Able to Access DAI Server, and grab a access token",
      "timestamp" : "2022-06-03 11:26:10.787 -0600",
      "identifier" : "LogSuccess",
      "scriptName" : "",
      "handlerLine" : 13
    },
    {
      "handlerName" : "on_executedai_api_pulllogsdownlocally",
      "message" : "[{eventtime:\"2022-03-14 19:55:55.028766\", id:80858, message:@\"Setting up coverage in database \\\"ttdb\\\"\", severity:\"INFORMATIONAL\", stage:\"INITIALISING\", step_id:<missing value>, testrunid:1258},{eventtime:\"2022-03-14 19:55:55.033551\", id:80859, message:\"No Coverage data found with matching structure, creating new structure\", severity:\"INFORMATIONAL\", stage:\"INITIALISING\", step_id:<missing value>, testrunid:1258},{eventtime:\"2022-03-14 19:55:55.047181\", id:80860, message:@\"Created test in database \\\"ttdb\\\" with test id 1258\", severity:\"INFORMATIONAL\", stage:\"INITIALISING\", step_id:<missing value>, testrunid:1258},{eventtime:\"2022-03-14 19:55:55.048180\", id:80861, message:@\"-  Exploring unhit \\\"All Pairs\\\" paths to apply selection focus\", severity:\"INFORMATIONAL\", stage:\"INITIALISING\", step_id:<missing value>, testrunid:1258},{eventtime:\"2022-03-14 19:55:55.052817\", id:80862, message:\"No coverage data loaded for this model, no path focus will be applied in this run.\", severity:\"INFORMATIONAL\", stage:\"INITIALISING\", step_id:<missing value>, testrunid:1258},{eventtime:\"2022-03-14 19:55:55.054060\", id:80863, message:@\"Focused test cases and coverage paths: \\n\", severity:\"INFORMATIONAL\", stage:\"INITIALISING\", step_id:<missing value>, testrunid:1258},{eventtime:\"2022-03-14 19:55:55.055451\", id:80864, message:@\"Starting in state \\\"Initial\\\" \", severity:\"INFORMATIONAL\", stage:\"INITIALISING\", step_id:<missing value>, testrunid:1258},{eventtime:\"2022-03-14 19:55:56.736986\", id:80865, message:@\"Executing state \\\"Initial\\\"'s action \\\"Action0\\\" \", severity:\"INFORMATIONAL\", stage:\"ENGINE\", step_id:\"54f5ab6a-4581-4505-b4e8-dbb5f06b6e0f\", testrunid:1258},{eventtime:\"2022-03-14 19:55:56.738220\", id:80866, message:\"Executing Sensetalk snippet amazon.script\", severity:\"INFORMATIONAL\", stage:\"ENGINE\", step_id:\"54f5ab6a-4581-4505-b4e8-dbb5f06b6e0f\", testrunid:1258},{eventtime:\"2022-03-14 19:55:57.230003\", id:80867, message:@\"3\/14\/22, 1:55:57 PM\\tdoubleclick\\tChrome\\tat (341, 940)\", severity:\"INFORMATIONAL\", stage:\"SNIPPET\", step_id:\"54f5ab6a-4581-4505-b4e8-dbb5f06b6e0f\", testrunid:1258},{eventtime:\"2022-03-14 19:56:03.136303\", id:80868, message:@\"3\/14\/22, 1:56:03 PM\\twaitfor\\tRefreshIcon\\tfound at (88, 52)\", severity:\"INFORMATIONAL\", stage:\"SNIPPET\", step_id:\"54f5ab6a-4581-4505-b4e8-dbb5f06b6e0f\", testrunid:1258},{eventtime:\"2022-03-14 19:56:03.246020\", id:80869, message:@\"3\/14\/22, 1:56:03 PM\\tclick\\tAddressBar\\tat (191, 52)\", severity:\"INFORMATIONAL\", stage:\"SNIPPET\", step_id:\"54f5ab6a-4581-4505-b4e8-dbb5f06b6e0f\", testrunid:1258},{eventtime:\"2022-03-14 19:56:04.165261\", id:80870, message:@\"3\/14\/22, 1:56:04 PM\\ttypetext\\t\\twww.amazon.com\", severity:\"INFORMATIONAL\", stage:\"SNIPPET\", step_id:\"54f5ab6a-4581-4505-b4e8-dbb5f06b6e0f\", testrunid:1258},{eventtime:\"2022-03-14 19:56:04.896085\", id:80871, message:@\"3\/14\/22, 1:56:04 PM\\ttypetext\\t\\t[returnKey]\", severity:\"INFORMATIONAL\", stage:\"SNIPPET\", step_id:\"54f5ab6a-4581-4505-b4e8-dbb5f06b6e0f\", testrunid:1258},{eventtime:\"2022-03-14 19:56:21.433026\", id:80872, message:@\"3\/14\/22, 1:56:21 PM\\twaitfor\\tamazon\\tfound at (71, 101)\", severity:\"INFORMATIONAL\", stage:\"SNIPPET\", step_id:\"54f5ab6a-4581-4505-b4e8-dbb5f06b6e0f\", testrunid:1258},{eventtime:\"2022-03-14 19:56:24.023052\", id:80873, message:@\"3\/14\/22, 1:56:23 PM\\twaitfor\\tRefreshIcon\\tfound at (88, 52)\", severity:\"INFORMATIONAL\", stage:\"SNIPPET\", step_id:\"54f5ab6a-4581-4505-b4e8-dbb5f06b6e0f\", testrunid:1258},{eventtime:\"2022-03-14 19:56:24.273342\", id:80874, message:@\"3\/14\/22, 1:56:24 PM\\tclick\\tamazonSearch\\tat (423, 101)\", severity:\"INFORMATIONAL\", stage:\"SNIPPET\", step_id:\"54f5ab6a-4581-4505-b4e8-dbb5f06b6e0f\", testrunid:1258},{eventtime:\"2022-03-14 19:56:25.220963\", id:80875, message:@\"3\/14\/22, 1:56:25 PM\\ttypetext\\t\\tWomen shoes[returnKey]\", severity:\"INFORMATIONAL\", stage:\"SNIPPET\", step_id:\"54f5ab6a-4581-4505-b4e8-dbb5f06b6e0f\", testrunid:1258},{eventtime:\"2022-03-14 19:56:27.520061\", id:80876, message:@\"3\/14\/22, 1:56:27 PM\\twaitfor\\tresultsfor\\tfound at (364, 192)\", severity:\"INFORMATIONAL\", stage:\"SNIPPET\", step_id:\"54f5ab6a-4581-4505-b4e8-dbb5f06b6e0f\", testrunid:1258},{eventtime:\"2022-03-14 19:56:30.717421\", id:80877, message:@\"3\/14\/22, 1:56:30 PM\\twaitfor\\tRefreshIcon\\tfound at (88, 52)\", severity:\"INFORMATIONAL\", stage:\"SNIPPET\", step_id:\"54f5ab6a-4581-4505-b4e8-dbb5f06b6e0f\", testrunid:1258},{eventtime:\"2022-03-14 19:56:30.744943\", id:80878, message:@\"3\/14\/22, 1:56:30 PM\\ttypetext\\t\\t[pageDown]\", severity:\"INFORMATIONAL\", stage:\"SNIPPET\", step_id:\"54f5ab6a-4581-4505-b4e8-dbb5f06b6e0f\", testrunid:1258},{eventtime:\"2022-03-14 19:56:31.461756\", id:80879, message:@\"3\/14\/22, 1:56:31 PM\\ttypetext\\t\\t[pageDown]\", severity:\"INFORMATIONAL\", stage:\"SNIPPET\", step_id:\"54f5ab6a-4581-4505-b4e8-dbb5f06b6e0f\", testrunid:1258},{eventtime:\"2022-03-14 19:56:32.272122\", id:80880, message:@\"3\/14\/22, 1:56:32 PM\\tclick\\tShoes\\tat (956, 361)\", severity:\"INFORMATIONAL\", stage:\"SNIPPET\", step_id:\"54f5ab6a-4581-4505-b4e8-dbb5f06b6e0f\", testrunid:1258},{eventtime:\"2022-03-14 19:56:34.459154\", id:80881, message:@\"3\/14\/22, 1:56:34 PM\\twaitfor\\tHeader\\tfound at (1123, 361)\", severity:\"INFORMATIONAL\", stage:\"SNIPPET\", step_id:\"54f5ab6a-4581-4505-b4e8-dbb5f06b6e0f\", testrunid:1258},{eventtime:\"2022-03-14 19:56:39.503121\", id:80882, message:@\"3\/14\/22, 1:56:39 PM\\twaitfor\\tRefreshIcon\\tfound at (88, 52)\", severity:\"INFORMATIONAL\", stage:\"SNIPPET\", step_id:\"54f5ab6a-4581-4505-b4e8-dbb5f06b6e0f\", testrunid:1258},{eventtime:\"2022-03-14 19:56:39.663984\", id:80883, message:@\"3\/14\/22, 1:56:39 PM\\tclick\\tSize\\tat (877, 580)\", severity:\"INFORMATIONAL\", stage:\"SNIPPET\", step_id:\"54f5ab6a-4581-4505-b4e8-dbb5f06b6e0f\", testrunid:1258},{eventtime:\"2022-03-14 19:56:40.915194\", id:80884, message:@\"3\/14\/22, 1:56:40 PM\\tclick\\t8\\tat (868, 452)\", severity:\"INFORMATIONAL\", stage:\"SNIPPET\", step_id:\"54f5ab6a-4581-4505-b4e8-dbb5f06b6e0f\", testrunid:1258},{eventtime:\"2022-03-14 19:56:45.075956\", id:80885, message:@\"3\/14\/22, 1:56:44 PM\\tclick\\tAddtnCart\\tat (1561, 616)\", severity:\"INFORMATIONAL\", stage:\"SNIPPET\", step_id:\"54f5ab6a-4581-4505-b4e8-dbb5f06b6e0f\", testrunid:1258},{eventtime:\"2022-03-14 19:56:47.011804\", id:80886, message:@\"3\/14\/22, 1:56:46 PM\\twaitfor\\tAddedtoCart\\tfound at (794, 243)\", severity:\"INFORMATIONAL\", stage:\"SNIPPET\", step_id:\"54f5ab6a-4581-4505-b4e8-dbb5f06b6e0f\", testrunid:1258},{eventtime:\"2022-03-14 19:56:47.150159\", id:80887, message:@\"3\/14\/22, 1:56:47 PM\\tclick\\tCart\\tat (1732, 108)\", severity:\"INFORMATIONAL\", stage:\"SNIPPET\", step_id:\"54f5ab6a-4581-4505-b4e8-dbb5f06b6e0f\", testrunid:1258},{eventtime:\"2022-03-14 19:56:49.456731\", id:80888, message:@\"3\/14\/22, 1:56:49 PM\\twaitfor\\tShoppingCart\\tfound at (140, 378)\", severity:\"INFORMATIONAL\", stage:\"SNIPPET\", step_id:\"54f5ab6a-4581-4505-b4e8-dbb5f06b6e0f\", testrunid:1258},{eventtime:\"2022-03-14 19:56:52.864129\", id:80889, message:@\"3\/14\/22, 1:56:52 PM\\tclick\\tDelete\\tat (351, 563)\", severity:\"INFORMATIONAL\", stage:\"SNIPPET\", step_id:\"54f5ab6a-4581-4505-b4e8-dbb5f06b6e0f\", testrunid:1258},{eventtime:\"2022-03-14 19:56:53.596452\", id:80890, message:@\"3\/14\/22, 1:56:53 PM\\ttypetext\\t\\t[controlKey][F4]\", severity:\"INFORMATIONAL\", stage:\"SNIPPET\", step_id:\"54f5ab6a-4581-4505-b4e8-dbb5f06b6e0f\", testrunid:1258},{eventtime:\"2022-03-14 19:56:53.601998\", id:80891, message:\"Executed Sensetalk snippet amazon.script\", severity:\"INFORMATIONAL\", stage:\"ENGINE\", step_id:\"54f5ab6a-4581-4505-b4e8-dbb5f06b6e0f\", testrunid:1258},{eventtime:\"2022-03-14 19:56:53.603143\", id:80892, message:@\"Execution time for action \\\"Action0\\\" 56.864 seconds\", severity:\"INFORMATIONAL\", stage:\"ENGINE\", step_id:\"54f5ab6a-4581-4505-b4e8-dbb5f06b6e0f\", testrunid:1258},{eventtime:\"2022-03-14 19:56:53.605674\", id:80893, message:@\"Transit to state \\\"Exit\\\" \", severity:\"INFORMATIONAL\", stage:\"ENGINE\", step_id:<missing value>, testrunid:1258},{eventtime:\"2022-03-14 19:56:53.608620\", id:80894, message:@\"Transit to state \\\"Cleanup\\\" \", severity:\"INFORMATIONAL\", stage:\"ENGINE\", step_id:<missing value>, testrunid:1258},{eventtime:\"2022-03-14 19:56:53.609332\", id:80895, message:@\"Writing to coverage database \\\"ttdb\\\" for model aws\", severity:\"INFORMATIONAL\", stage:\"ENGINE\", step_id:<missing value>, testrunid:1258},{eventtime:\"2022-03-14 19:56:53.616865\", id:80896, message:\"PASSED seed=871907, 0 errors, 0 warnings, 3 state transitions, 1 actions executed\", severity:\"INFORMATIONAL\", stage:\"ENGINE\", step_id:<missing value>, testrunid:1258},{eventtime:\"2022-05-31 21:33:48.971374\", id:82870, message:@\"Setting up coverage in database \\\"ttdb\\\"\", severity:\"INFORMATIONAL\", stage:\"INITIALISING\", step_id:<missing value>, testrunid:1307},{eventtime:\"2022-05-31 21:33:48.979175\", id:82871, message:\"No Coverage data found with matching structure, creating new structure\", severity:\"INFORMATIONAL\", stage:\"INITIALISING\", step_id:<missing value>, testrunid:1307},{eventtime:\"2022-05-31 21:33:49.001307\", id:82872, message:@\"Created test in database \\\"ttdb\\\" with test id 1307\", severity:\"INFORMATIONAL\", stage:\"INITIALISING\", step_id:<missing value>, testrunid:1307},{eventtime:\"2022-05-31 21:33:49.002449\", id:82873, message:@\"-  Exploring unhit \\\"All Pairs\\\" paths to apply selection focus\", severity:\"INFORMATIONAL\", stage:\"INITIALISING\", step_id:<missing value>, testrunid:1307},{eventtime:\"2022-05-31 21:33:49.014119\", id:82874, message:\"No coverage data loaded for this model, no path focus will be applied in this run.\", severity:\"INFORMATIONAL\", stage:\"INITIALISING\", step_id:<missing value>, testrunid:1307},{eventtime:\"2022-05-31 21:33:49.015263\", id:82875, message:@\"Focused test cases and coverage paths: \\n-  \\\"TestCase01\\\"\\n\", severity:\"INFORMATIONAL\", stage:\"INITIALISING\", step_id:<missing value>, testrunid:1307},{eventtime:\"2022-05-31 21:33:49.016167\", id:82876, message:@\"Starting in state \\\"Initial\\\" \", severity:\"INFORMATIONAL\", stage:\"INITIALISING\", step_id:<missing value>, testrunid:1307},{eventtime:\"2022-05-31 21:33:49.025698\", id:82877, message:@\"Executing state \\\"Initial\\\"'s action \\\"Action0\\\" \", severity:\"INFORMATIONAL\", stage:\"ENGINE\", step_id:\"2e48a362-3727-414a-937b-7fac33b2d0c6\", testrunid:1307},{eventtime:\"2022-05-31 21:33:49.026508\", id:82878, message:\"Executing Sensetalk snippet amazon.script\", severity:\"INFORMATIONAL\", stage:\"ENGINE\", step_id:\"2e48a362-3727-414a-937b-7fac33b2d0c6\", testrunid:1307},{eventtime:\"2022-05-31 21:33:49.027322\", id:82879, message:\"Executed Sensetalk snippet amazon.script\", severity:\"INFORMATIONAL\", stage:\"ENGINE\", step_id:\"2e48a362-3727-414a-937b-7fac33b2d0c6\", testrunid:1307},{eventtime:\"2022-05-31 21:33:49.028328\", id:82880, message:@\"Execution time for action \\\"Action0\\\" 0.001 seconds\", severity:\"INFORMATIONAL\", stage:\"ENGINE\", step_id:\"2e48a362-3727-414a-937b-7fac33b2d0c6\", testrunid:1307},{eventtime:\"2022-05-31 21:33:49.030165\", id:82881, message:@\"Transit to state \\\"State0\\\" \", severity:\"INFORMATIONAL\", stage:\"ENGINE\", step_id:<missing value>, testrunid:1307},{eventtime:\"2022-05-31 21:33:49.034248\", id:82882, message:@\"Executing state \\\"State0\\\"'s action \\\"Action1\\\" \", severity:\"INFORMATIONAL\", stage:\"ENGINE\", step_id:\"08dfe999-4684-4f17-9bee-7bc2ec59e4e2\", testrunid:1307},{eventtime:\"2022-05-31 21:33:49.035061\", id:82883, message:@\"Execution time for action \\\"Action1\\\" 0.000 seconds\", severity:\"INFORMATIONAL\", stage:\"ENGINE\", step_id:\"08dfe999-4684-4f17-9bee-7bc2ec59e4e2\", testrunid:1307},{eventtime:\"2022-05-31 21:33:49.037061\", id:82884, message:@\"Transit to state \\\"State1\\\" \", severity:\"INFORMATIONAL\", stage:\"ENGINE\", step_id:<missing value>, testrunid:1307},{eventtime:\"2022-05-31 21:33:49.041666\", id:82885, message:@\"Executing state \\\"State1\\\"'s action \\\"Action3\\\" \", severity:\"INFORMATIONAL\", stage:\"ENGINE\", step_id:\"97956152-5a94-435e-aa6c-e57d43746cda\", testrunid:1307},{eventtime:\"2022-05-31 21:33:49.042401\", id:82886, message:@\"Execution time for action \\\"Action3\\\" 0.000 seconds\", severity:\"INFORMATIONAL\", stage:\"ENGINE\", step_id:\"97956152-5a94-435e-aa6c-e57d43746cda\", testrunid:1307},{eventtime:\"2022-05-31 21:33:49.044378\", id:82887, message:@\"Transit to state \\\"Exit\\\" \", severity:\"INFORMATIONAL\", stage:\"ENGINE\", step_id:<missing value>, testrunid:1307},{eventtime:\"2022-05-31 21:33:49.046999\", id:82888, message:@\"Transit to state \\\"Cleanup\\\" \", severity:\"INFORMATIONAL\", stage:\"ENGINE\", step_id:<missing value>, testrunid:1307},{eventtime:\"2022-05-31 21:33:49.047724\", id:82889, message:@\"Writing to coverage database \\\"ttdb\\\" for model aws\", severity:\"INFORMATIONAL\", stage:\"ENGINE\", step_id:<missing value>, testrunid:1307},{eventtime:\"2022-05-31 21:33:49.060613\", id:82890, message:\"PASSED seed=50546420, 0 errors, 0 warnings, 5 state transitions, 3 actions executed\", severity:\"INFORMATIONAL\", stage:\"ENGINE\", step_id:<missing value>, testrunid:1307},{eventtime:\"2022-06-01 02:43:44.232073\", id:82891, message:@\"Setting up coverage in database \\\"ttdb\\\"\", severity:\"INFORMATIONAL\", stage:\"INITIALISING\", step_id:<missing value>, testrunid:1308},{eventtime:\"2022-06-01 02:43:44.263266\", id:82892, message:@\"Created test in database \\\"ttdb\\\" with test id 1308\", severity:\"INFORMATIONAL\", stage:\"INITIALISING\", step_id:<missing value>, testrunid:1308},{eventtime:\"2022-06-01 02:43:44.264006\", id:82893, message:\"Loading tests with ids: 1307\", severity:\"INFORMATIONAL\", stage:\"INITIALISING\", step_id:<missing value>, testrunid:1308},{eventtime:\"2022-06-01 02:43:44.264771\", id:82894, message:@\"-  Exploring unhit \\\"All Pairs\\\" paths to apply selection focus\", severity:\"INFORMATIONAL\", stage:\"INITIALISING\", step_id:<missing value>, testrunid:1308},{eventtime:\"2022-06-01 02:43:44.277694\", id:82895, message:@\"-  Exploring unhit \\\"Extended\\\" paths to apply selection focus\", severity:\"INFORMATIONAL\", stage:\"INITIALISING\", step_id:<missing value>, testrunid:1308},{eventtime:\"2022-06-01 02:43:44.291037\", id:82896, message:@\"Focused test cases and coverage paths: \\n-  \\\"Initial->Initial\\\"\\n-  \\\"State2->State2\\\"\\n-  \\\"Initial::Action4 -> Initial::Action0\\\"\\n-  \\\"Initial::Action4 -> Initial::Action4\\\"\\n-  \\\"State2::Action5 -> State2::Action5\\\"\\n-  \\\"Initial->Initial->State0\\\"\\n-  \\\"State2->State2->State2\\\"\\n-  \\\"Initial::Action4 -> Initial::Action0 -> State0::Action1\\\"\\n-  \\\"Initial::Action4 -> Initial::Action4 -> Initial::Action0\\\"\\n-  \\\"Initial::Action4 -> Initial::Action4 -> Initial::Action4\\\"\\n\", severity:\"INFORMATIONAL\", stage:\"INITIALISING\", step_id:<missing value>, testrunid:1308},{eventtime:\"2022-06-01 02:43:44.292072\", id:82897, message:@\"Starting in state \\\"Initial\\\" \", severity:\"INFORMATIONAL\", stage:\"INITIALISING\", step_id:<missing value>, testrunid:1308},{eventtime:\"2022-06-01 02:43:44.301335\", id:82898, message:@\"Executing state \\\"Initial\\\"'s action \\\"Action4\\\" \", severity:\"INFORMATIONAL\", stage:\"ENGINE\", step_id:\"0f9d66f7-2d26-48e9-8fd6-bbe6a70f7075\", testrunid:1308},{eventtime:\"2022-06-01 02:43:44.302282\", id:82899, message:\"Executing Sensetalk snippet Script03.script\", severity:\"INFORMATIONAL\", stage:\"ENGINE\", step_id:\"0f9d66f7-2d26-48e9-8fd6-bbe6a70f7075\", testrunid:1308},{eventtime:\"2022-06-01 02:43:44.303215\", id:82900, message:\"Executed Sensetalk snippet Script03.script\", severity:\"INFORMATIONAL\", stage:\"ENGINE\", step_id:\"0f9d66f7-2d26-48e9-8fd6-bbe6a70f7075\", testrunid:1308},{eventtime:\"2022-06-01 02:43:44.303969\", id:82901, message:@\"Execution time for action \\\"Action4\\\" 0.001 seconds\", severity:\"INFORMATIONAL\", stage:\"ENGINE\", step_id:\"0f9d66f7-2d26-48e9-8fd6-bbe6a70f7075\", testrunid:1308},{eventtime:\"2022-06-01 02:43:44.306891\", id:82902, message:@\"Executing state \\\"Initial\\\"'s action \\\"Action0\\\" \", severity:\"INFORMATIONAL\", stage:\"ENGINE\", step_id:\"dfd18c99-a2e9-45a5-9d6d-3c71f95f2c9a\", testrunid:1308},{eventtime:\"2022-06-01 02:43:44.307669\", id:82903, message:\"Executing Sensetalk snippet amazon.script\", severity:\"INFORMATIONAL\", stage:\"ENGINE\", step_id:\"dfd18c99-a2e9-45a5-9d6d-3c71f95f2c9a\", testrunid:1308},{eventtime:\"2022-06-01 02:43:44.308824\", id:82904, message:\"Executed Sensetalk snippet amazon.script\", severity:\"INFORMATIONAL\", stage:\"ENGINE\", step_id:\"dfd18c99-a2e9-45a5-9d6d-3c71f95f2c9a\", testrunid:1308},{eventtime:\"2022-06-01 02:43:44.309622\", id:82905, message:@\"Execution time for action \\\"Action0\\\" 0.001 seconds\", severity:\"INFORMATIONAL\", stage:\"ENGINE\", step_id:\"dfd18c99-a2e9-45a5-9d6d-3c71f95f2c9a\", testrunid:1308},{eventtime:\"2022-06-01 02:43:44.311376\", id:82906, message:@\"Covered focused path \\\"Initial::Action4 -> Initial::Action0\\\"\", severity:\"INFORMATIONAL\", stage:\"ENGINE\", step_id:<missing value>, testrunid:1308},{eventtime:\"2022-06-01 02:43:44.312162\", id:82907, message:@\"Transit to state \\\"State0\\\" \", severity:\"INFORMATIONAL\", stage:\"ENGINE\", step_id:<missing value>, testrunid:1308},{eventtime:\"2022-06-01 02:43:44.316192\", id:82908, message:@\"Executing state \\\"State0\\\"'s action \\\"Action1\\\" \", severity:\"INFORMATIONAL\", stage:\"ENGINE\", step_id:\"4182b5f0-14f1-4fc4-a256-3fa6e383b25a\", testrunid:1308},{eventtime:\"2022-06-01 02:43:44.316895\", id:82909, message:@\"Execution time for action \\\"Action1\\\" 0.000 seconds\", severity:\"INFORMATIONAL\", stage:\"ENGINE\", step_id:\"4182b5f0-14f1-4fc4-a256-3fa6e383b25a\", testrunid:1308},{eventtime:\"2022-06-01 02:43:44.318397\", id:82910, message:@\"Covered focused path \\\"Initial::Action4 -> Initial::Action0 -> State0::Action1\\\"\", severity:\"INFORMATIONAL\", stage:\"ENGINE\", step_id:<missing value>, testrunid:1308},{eventtime:\"2022-06-01 02:43:44.319159\", id:82911, message:@\"Transit to state \\\"State1\\\" \", severity:\"INFORMATIONAL\", stage:\"ENGINE\", step_id:<missing value>, testrunid:1308},{eventtime:\"2022-06-01 02:43:44.323359\", id:82912, message:@\"Executing state \\\"State1\\\"'s action \\\"Action3\\\" \", severity:\"INFORMATIONAL\", stage:\"ENGINE\", step_id:\"fdf3d41a-a62f-4788-a1bc-81046a11d0c4\", testrunid:1308},{eventtime:\"2022-06-01 02:43:44.324124\", id:82913, message:@\"Execution time for action \\\"Action3\\\" 0.000 seconds\", severity:\"INFORMATIONAL\", stage:\"ENGINE\", step_id:\"fdf3d41a-a62f-4788-a1bc-81046a11d0c4\", testrunid:1308},{eventtime:\"2022-06-01 02:43:44.325793\", id:82914, message:@\"Transit to state \\\"Exit\\\" \", severity:\"INFORMATIONAL\", stage:\"ENGINE\", step_id:<missing value>, testrunid:1308},{eventtime:\"2022-06-01 02:43:44.328339\", id:82915, message:@\"Transit to state \\\"Cleanup\\\" \", severity:\"INFORMATIONAL\", stage:\"ENGINE\", step_id:<missing value>, testrunid:1308},{eventtime:\"2022-06-01 02:43:44.329127\", id:82916, message:@\"Writing to coverage database \\\"ttdb\\\" for model aws\", severity:\"INFORMATIONAL\", stage:\"ENGINE\", step_id:<missing value>, testrunid:1308},{eventtime:\"2022-06-01 02:43:44.341620\", id:82917, message:\"PASSED seed=197629634, 0 errors, 0 warnings, 5 state transitions, 4 actions executed\", severity:\"INFORMATIONAL\", stage:\"ENGINE\", step_id:<missing value>, testrunid:1308},{eventtime:\"2022-06-01 04:02:20.925491\", id:82918, message:@\"Setting up coverage in database \\\"ttdb\\\"\", severity:\"INFORMATIONAL\", stage:\"INITIALISING\", step_id:<missing value>, testrunid:1309},{eventtime:\"2022-06-01 04:02:20.955043\", id:82919, message:@\"Created test in database \\\"ttdb\\\" with test id 1309\", severity:\"INFORMATIONAL\", stage:\"INITIALISING\", step_id:<missing value>, testrunid:1309},{eventtime:\"2022-06-01 04:02:20.955993\", id:82920, message:\"Loading tests with ids: 1307,1308\", severity:\"INFORMATIONAL\", stage:\"INITIALISING\", step_id:<missing value>, testrunid:1309},{eventtime:\"2022-06-01 04:02:20.956906\", id:82921, message:@\"-  Exploring unhit \\\"All Pairs\\\" paths to apply selection focus\", severity:\"INFORMATIONAL\", stage:\"INITIALISING\", step_id:<missing value>, testrunid:1309},{eventtime:\"2022-06-01 04:02:20.970355\", id:82922, message:@\"-  Exploring unhit \\\"Extended\\\" paths to apply selection focus\", severity:\"INFORMATIONAL\", stage:\"INITIALISING\", step_id:<missing value>, testrunid:1309},{eventtime:\"2022-06-01 04:02:20.983931\", id:82923, message:@\"-  Exploring unhit \\\"Full Exploratory\\\" paths to apply selection focus\", severity:\"INFORMATIONAL\", stage:\"INITIALISING\", step_id:<missing value>, testrunid:1309},{eventtime:\"2022-06-01 04:02:20.998127\", id:82924, message:@\"Focused test cases and coverage paths: \\n-  \\\"State2->State2\\\"\\n-  \\\"Initial::Action4 -> Initial::Action4\\\"\\n-  \\\"State2::Action5 -> State2::Action5\\\"\\n-  \\\"Initial->Initial->Initial\\\"\\n-  \\\"State2->State2->State2\\\"\\n-  \\\"Initial::Action4 -> Initial::Action4 -> Initial::Action0\\\"\\n-  \\\"Initial::Action4 -> Initial::Action4 -> Initial::Action4\\\"\\n-  \\\"State2::Action5 -> State2::Action5 -> State2::Action5\\\"\\n-  \\\"Initial->Initial->Initial->Initial\\\"\\n-  \\\"Initial->Initial->Initial->State0\\\"\\n-  \\\"State2->State2->State2->State2\\\"\\n-  \\\"Initial::Action4 -> Initial::Action4 -> Initial::Action0 -> State0::Action1\\\"\\n-  \\\"Initial::Action4 -> Initial::Action4 -> Initial::Action4 -> Initial::Action0\\\"\\n-  \\\"Initial::Action4 -> Initial::Action4 -> Initial::Action4 -> Initial::Action4\\\"\\n-  \\\"State2::Action5 -> State2::Action5 -> State2::Action5 -> State2::Action5\\\"\\n\", severity:\"INFORMATIONAL\", stage:\"INITIALISING\", step_id:<missing value>, testrunid:1309},{eventtime:\"2022-06-01 04:02:20.998970\", id:82925, message:@\"Starting in state \\\"Initial\\\" \", severity:\"INFORMATIONAL\", stage:\"INITIALISING\", step_id:<missing value>, testrunid:1309},{eventtime:\"2022-06-01 04:02:21.008472\", id:82926, message:@\"Executing state \\\"Initial\\\"'s action \\\"Action4\\\" \", severity:\"INFORMATIONAL\", stage:\"ENGINE\", step_id:\"7d15846d-bd0d-402e-9476-35c38dd517ab\", testrunid:1309},{eventtime:\"2022-06-01 04:02:21.009344\", id:82927, message:\"Executing Sensetalk snippet Script03.script\", severity:\"INFORMATIONAL\", stage:\"ENGINE\", step_id:\"7d15846d-bd0d-402e-9476-35c38dd517ab\", testrunid:1309},{eventtime:\"2022-06-01 04:02:21.010443\", id:82928, message:\"Executed Sensetalk snippet Script03.script\", severity:\"INFORMATIONAL\", stage:\"ENGINE\", step_id:\"7d15846d-bd0d-402e-9476-35c38dd517ab\", testrunid:1309},{eventtime:\"2022-06-01 04:02:21.011380\", id:82929, message:@\"Execution time for action \\\"Action4\\\" 0.002 seconds\", severity:\"INFORMATIONAL\", stage:\"ENGINE\", step_id:\"7d15846d-bd0d-402e-9476-35c38dd517ab\", testrunid:1309},{eventtime:\"2022-06-01 04:02:21.014782\", id:82930, message:@\"Executing state \\\"Initial\\\"'s action \\\"Action0\\\" \", severity:\"INFORMATIONAL\", stage:\"ENGINE\", step_id:\"e75efc81-5385-4c38-a8c8-2e7d19ddc629\", testrunid:1309},{eventtime:\"2022-06-01 04:02:21.015620\", id:82931, message:\"Executing Sensetalk snippet amazon.script\", severity:\"INFORMATIONAL\", stage:\"ENGINE\", step_id:\"e75efc81-5385-4c38-a8c8-2e7d19ddc629\", testrunid:1309},{eventtime:\"2022-06-01 04:02:21.016471\", id:82932, message:\"Executed Sensetalk snippet amazon.script\", severity:\"INFORMATIONAL\", stage:\"ENGINE\", step_id:\"e75efc81-5385-4c38-a8c8-2e7d19ddc629\", testrunid:1309},{eventtime:\"2022-06-01 04:02:21.017227\", id:82933, message:@\"Execution time for action \\\"Action0\\\" 0.001 seconds\", severity:\"INFORMATIONAL\", stage:\"ENGINE\", step_id:\"e75efc81-5385-4c38-a8c8-2e7d19ddc629\", testrunid:1309},{eventtime:\"2022-06-01 04:02:21.019066\", id:82934, message:@\"Transit to state \\\"State0\\\" \", severity:\"INFORMATIONAL\", stage:\"ENGINE\", step_id:<missing value>, testrunid:1309},{eventtime:\"2022-06-01 04:02:21.023974\", id:82935, message:@\"Executing state \\\"State0\\\"'s action \\\"Action1\\\" \", severity:\"INFORMATIONAL\", stage:\"ENGINE\", step_id:\"3819f7c8-ad11-4ca1-bc2f-092135dc6448\", testrunid:1309},{eventtime:\"2022-06-01 04:02:21.024725\", id:82936, message:@\"Execution time for action \\\"Action1\\\" 0.000 seconds\", severity:\"INFORMATIONAL\", stage:\"ENGINE\", step_id:\"3819f7c8-ad11-4ca1-bc2f-092135dc6448\", testrunid:1309},{eventtime:\"2022-06-01 04:02:21.026484\", id:82937, message:@\"Transit to state \\\"State1\\\" \", severity:\"INFORMATIONAL\", stage:\"ENGINE\", step_id:<missing value>, testrunid:1309},{eventtime:\"2022-06-01 04:02:21.030923\", id:82938, message:@\"Executing state \\\"State1\\\"'s action \\\"Action3\\\" \", severity:\"INFORMATIONAL\", stage:\"ENGINE\", step_id:\"1aa982de-ad80-4799-b6d8-40d225b470c0\", testrunid:1309},{eventtime:\"2022-06-01 04:02:21.031650\", id:82939, message:@\"Execution time for action \\\"Action3\\\" 0.000 seconds\", severity:\"INFORMATIONAL\", stage:\"ENGINE\", step_id:\"1aa982de-ad80-4799-b6d8-40d225b470c0\", testrunid:1309},{eventtime:\"2022-06-01 04:02:21.033343\", id:82940, message:@\"Transit to state \\\"Exit\\\" \", severity:\"INFORMATIONAL\", stage:\"ENGINE\", step_id:<missing value>, testrunid:1309},{eventtime:\"2022-06-01 04:02:21.036035\", id:82941, message:@\"Transit to state \\\"Cleanup\\\" \", severity:\"INFORMATIONAL\", stage:\"ENGINE\", step_id:<missing value>, testrunid:1309},{eventtime:\"2022-06-01 04:02:21.037134\", id:82942, message:@\"Writing to coverage database \\\"ttdb\\\" for model aws\", severity:\"INFORMATIONAL\", stage:\"ENGINE\", step_id:<missing value>, testrunid:1309},{eventtime:\"2022-06-01 04:02:21.052960\", id:82943, message:\"PASSED seed=248830164, 0 errors, 0 warnings, 5 state transitions, 4 actions executed\", severity:\"INFORMATIONAL\", stage:\"ENGINE\", step_id:<missing value>, testrunid:1309}]",
      "timestamp" : "2022-06-03 11:26:14.958 -0600",
      "identifier" : "Log",
      "scriptName" : "ExecuteDAI_API\/PullLogsDownLocally.script",
      "handlerLine" : 26
    },
    {
      "identifier" : "EndTestCase",
      "message" : "(Duration:\"4.65855\", Errors:\"0\", Exceptions:\"0\", StartTime:\"2022-06-03 11:26:10 -0600\", Successes:\"1\", TestCase:\"ExecuteDAI_API\/PullLogsDownLocally.script\", Warnings:\"0\")",
      "timestamp" : "2022-06-03 11:26:15.185 -0600"
    },
    {
      "identifier" : "SUCCESS",
      "message" : "Execution Time 0:00:04 ExecuteDAI_API\/PullLogsDownLocally.script",
      "timestamp" : "2022-06-03 11:26:15.195 -0600"
    }
  ],
  "createdTimestamp" : "2022-06-03 11:26:10.526 -0600"
}