﻿<?xml version="1.0" encoding="UTF-8" ?>
<runHistory script="Deploy/GrabTestCaseRuns">
 <run>
  <RunDate>2021-09-16 08:59:52.523 -0600</RunDate>
  <Status>Failure</Status>
  <Duration>9.556273</Duration>
  <Errors>1</Errors>
  <Warnings>0</Warnings>
  <Exceptions>0</Exceptions>
  <Successes>0</Successes>
  <LogFile>20210916_085952.523/LogFile.txt</LogFile>
  <ReturnValue></ReturnValue>
  <ErrorMessage>Invalid JSON -- Can&#x27;t get value of JSON expression &#x27;&#x27; (reason: No value.)</ErrorMessage>
 </run>
 <run>
  <RunDate>2021-09-16 09:05:18.746 -0600</RunDate>
  <Status>Success</Status>
  <Duration>13.018270</Duration>
  <Errors>0</Errors>
  <Warnings>0</Warnings>
  <Exceptions>0</Exceptions>
  <Successes>1</Successes>
  <LogFile>20210916_090518.746/LogFile.txt</LogFile>
  <ReturnValue></ReturnValue>
  <ErrorMessage></ErrorMessage>
 </run>
 <run>
  <RunDate>2021-09-16 09:07:50.884 -0600</RunDate>
  <Status>Success</Status>
  <Duration>8.799509</Duration>
  <Errors>0</Errors>
  <Warnings>0</Warnings>
  <Exceptions>0</Exceptions>
  <Successes>1</Successes>
  <LogFile>20210916_090750.884/LogFile.txt</LogFile>
  <ReturnValue></ReturnValue>
  <ErrorMessage></ErrorMessage>
 </run>
</runHistory>
