{
  "entries" : [
    {
      "identifier" : "START",
      "message" : "Running Execute DAI API\/GetRuns.script",
      "timestamp" : "2022-07-19 15:29:14.582 -0600"
    },
    {
      "handlerName" : "on_setaccesstoken",
      "message" : "Able to Access DAI Server, and grab a access token",
      "timestamp" : "2022-07-19 15:29:14.766 -0600",
      "identifier" : "LogSuccess",
      "scriptName" : "",
      "handlerLine" : 13
    },
    {
      "handlerName" : "on_execute_dai_api_getruns",
      "message" : "{message:\"Unknown arguments: starttime2021-04-19T17:13:42.391607 00:00\"}",
      "timestamp" : "2022-07-19 15:29:14.946 -0600",
      "identifier" : "Log",
      "scriptName" : "Execute DAI API\/GetRuns.script",
      "handlerLine" : 22
    },
    {
      "identifier" : "EndTestCase",
      "message" : "(Duration:\"0.458913\", Errors:\"0\", Exceptions:\"0\", StartTime:\"2022-07-19 15:29:14 -0600\", Successes:\"1\", TestCase:\"Execute DAI API\/GetRuns.script\", Warnings:\"0\")",
      "timestamp" : "2022-07-19 15:29:15.043 -0600"
    },
    {
      "identifier" : "SUCCESS",
      "message" : "Execution Time 0:00:00 Execute DAI API\/GetRuns.script",
      "timestamp" : "2022-07-19 15:29:15.053 -0600"
    }
  ],
  "createdTimestamp" : "2022-07-19 15:29:14.583 -0600"
}