{
  "entries" : [
    {
      "identifier" : "START",
      "message" : "Running ExecuteDAI_API\/GetRuns.script",
      "timestamp" : "2022-07-08 14:03:10.973 -0600"
    },
    {
      "handlerName" : "on_setaccesstoken",
      "message" : "Able to Access DAI Server, and grab a access token",
      "timestamp" : "2022-07-08 14:03:11.252 -0600",
      "identifier" : "LogSuccess",
      "scriptName" : "",
      "handlerLine" : 13
    },
    {
      "handlerName" : "on_executedai_api_getruns",
      "message" : "{date_as_of:\"2022-07-08T20:03:11.410374+00:00\", items:[{coverage:0.75, endtime:\"2019-02-11T17:21:08.349110+00:00\", events:\"True\", failedaction:<missing value>, groupid:1, hierarchyid:64, id:14, modelid:\"b1cd699a-6cb2-4f35-b8cb-b921116b895e\", modelname:\"123Test\", runtype:\"normal\", scriptname:<missing value>, seed:212736, starttime:\"2019-02-11T17:21:02.725264+00:00\", step:0, suitename:<missing value>, testcase:<missing value>, testcaseid:<missing value>, testconfigtask:<missing value>, teststatus:\"PASSED\"},{coverage:0.75, endtime:\"2019-02-11T17:21:16.533629+00:00\", events:\"True\", failedaction:<missing value>, groupid:1, hierarchyid:64, id:15, modelid:\"b1cd699a-6cb2-4f35-b8cb-b921116b895e\", modelname:\"123Test\", runtype:\"normal\", scriptname:<missing value>, seed:693197, starttime:\"2019-02-11T17:21:10.772548+00:00\", step:0, suitename:<missing value>, testcase:<missing value>, testcaseid:<missing value>, testconfigtask:<missing value>, teststatus:\"PASSED\"},{coverage:0.75, endtime:\"2019-02-11T17:21:24.225107+00:00\", events:\"True\", failedaction:<missing value>, groupid:1, hierarchyid:64, id:16, modelid:\"b1cd699a-6cb2-4f35-b8cb-b921116b895e\", modelname:\"123Test\", runtype:\"normal\", scriptname:<missing value>, seed:22857, starttime:\"2019-02-11T17:21:18.453374+00:00\", step:0, suitename:<missing value>, testcase:<missing value>, testcaseid:<missing value>, testconfigtask:<missing value>, teststatus:\"PASSED\"},{coverage:0.75, endtime:\"2019-02-11T17:21:31.825002+00:00\", events:\"True\", failedaction:<missing value>, groupid:1, hierarchyid:64, id:17, modelid:\"b1cd699a-6cb2-4f35-b8cb-b921116b895e\", modelname:\"123Test\", runtype:\"normal\", scriptname:<missing value>, seed:854516, starttime:\"2019-02-11T17:21:26.006961+00:00\", step:0, suitename:<missing value>, testcase:<missing value>, testcaseid:<missing value>, testconfigtask:<missing value>, teststatus:\"PASSED\"},{coverage:0.803571, endtime:\"2019-03-27T18:13:41.643647+00:00\", events:\"True\", failedaction:<missing value>, groupid:1, hierarchyid:110, id:18, modelid:\"a648be49-b9bd-44b2-ae49-d63952fba73d\", modelname:\"SAS_Pipeline\", runtype:\"normal\", scriptname:<missing value>, seed:312166, starttime:\"2019-03-27T18:13:08.922836+00:00\", step:0, suitename:<missing value>, testcase:<missing value>, testcaseid:<missing value>, testconfigtask:<missing value>, teststatus:\"PASSED\"},{coverage:0.916667, endtime:\"2019-03-27T18:14:58.036214+00:00\", events:\"True\", failedaction:<missing value>, groupid:1, hierarchyid:110, id:19, modelid:\"a648be49-b9bd-44b2-ae49-d63952fba73d\", modelname:\"SAS_Pipeline\", runtype:\"normal\", scriptname:<missing value>, seed:965173, starttime:\"2019-03-27T18:13:43.917852+00:00\", step:0, suitename:<missing value>, testcase:<missing value>, testcaseid:<missing value>, testconfigtask:<missing value>, teststatus:\"PASSED\"},{coverage:0.779762, endtime:\"2019-03-27T18:15:31.223104+00:00\", events:\"True\", failedaction:<missing value>, groupid:1, hierarchyid:110, id:20, modelid:\"a648be49-b9bd-44b2-ae49-d63952fba73d\", modelname:\"SAS_Pipeline\", runtype:\"normal\", scriptname:<missing value>, seed:244866, starttime:\"2019-03-27T18:15:00.779121+00:00\", step:0, suitename:<missing value>, testcase:<missing value>, testcaseid:<missing value>, testconfigtask:<missing value>, teststatus:\"PASSED\"},{coverage:0.641667, endtime:\"2019-03-27T18:15:52.826205+00:00\", events:\"True\", failedaction:<missing value>, groupid:1, hierarchyid:110, id:21, modelid:\"a648be49-b9bd-44b2-ae49-d63952fba73d\", modelname:\"SAS_Pipeline\", runtype:\"normal\", scriptname:<missing value>, seed:864410, starttime:\"2019-03-27T18:15:33.810250+00:00\", step:0, suitename:<missing value>, testcase:<missing value>, testcaseid:<missing value>, testconfigtask:<missing value>, teststatus:\"PASSED\"},{coverage:0.779762, endtime:\"2019-03-27T18:16:35.665581+00:00\", events:\"True\", failedaction:<missing value>, groupid:1, hierarchyid:110, id:22, modelid:\"a648be49-b9bd-44b2-ae49-d63952fba73d\", modelname:\"SAS_Pipeline\", runtype:\"normal\", scriptname:<missing value>, seed:403213, starttime:\"2019-03-27T18:15:55.490251+00:00\", step:0, suitename:<missing value>, testcase:<missing value>, testcaseid:<missing value>, testconfigtask:<missing value>, teststatus:\"PASSED\"},{coverage:0.63373, endtime:\"2019-03-27T18:25:15.070832+00:00\", events:\"True\", failedaction:<missing value>, groupid:1, hierarchyid:180, id:23, modelid:\"a648be49-b9bd-44b2-ae49-d63952fba73d\", modelname:\"SAS_Pipeline\", runtype:\"normal\", scriptname:<missing value>, seed:486513, starttime:\"2019-03-27T18:24:58.354324+00:00\", step:0, suitename:<missing value>, testcase:<missing value>, testcaseid:<missing value>, testconfigtask:<missing value>, teststatus:\"PASSED\"},{coverage:0.609325, endtime:\"2019-03-27T18:25:46.497521+00:00\", events:\"True\", failedaction:<missing value>, groupid:1, hierarchyid:180, id:24, modelid:\"a648be49-b9bd-44b2-ae49-d63952fba73d\", modelname:\"SAS_Pipeline\", runtype:\"normal\", scriptname:<missing value>, seed:989134, starttime:\"2019-03-27T18:25:17.883931+00:00\", step:0, suitename:<missing value>, testcase:<missing value>, testcaseid:<missing value>, testconfigtask:<missing value>, teststatus:\"CANCELLED\"},{coverage:0.65873, endtime:\"2019-03-27T18:28:21.871989+00:00\", events:\"True\", failedaction:<missing value>, groupid:1, hierarchyid:253, id:25, modelid:\"a648be49-b9bd-44b2-ae49-d63952fba73d\", modelname:\"SAS_Pipeline\", runtype:\"normal\", scriptname:<missing value>, seed:959230, starttime:\"2019-03-27T18:28:05.545815+00:00\", step:0, suitename:<missing value>, testcase:<missing value>, testcaseid:<missing value>, testconfigtask:<missing value>, teststatus:\"PASSED\"},{coverage:0.837302, endtime:\"2019-03-27T18:28:58.697340+00:00\", events:\"True\", failedaction:<missing value>, groupid:1, hierarchyid:253, id:26, modelid:\"a648be49-b9bd-44b2-ae49-d63952fba73d\", modelname:\"SAS_Pipeline\", runtype:\"normal\", scriptname:<missing value>, seed:625323, starttime:\"2019-03-27T18:28:24.128644+00:00\", step:0, suitename:<missing value>, testcase:<missing value>, testcaseid:<missing value>, testconfigtask:<missing value>, teststatus:\"PASSED\"},{coverage:0.679564, endtime:\"2019-03-27T18:29:19.719992+00:00\", events:\"True\", failedaction:<missing value>, groupid:1, hierarchyid:253, id:27, modelid:\"a648be49-b9bd-44b2-ae49-d63952fba73d\", modelname:\"SAS_Pipeline\", runtype:\"normal\", scriptname:<missing value>, seed:719637, starttime:\"2019-03-27T18:29:01.341114+00:00\", step:0, suitename:<missing value>, testcase:<missing value>, testcaseid:<missing value>, testconfigtask:<missing value>, teststatus:\"PASSED\"},{coverage:0.617063, endtime:\"2019-03-27T18:36:18.535888+00:00\", events:\"True\", failedaction:<missing value>, groupid:1, hierarchyid:323, id:28, modelid:\"a648be49-b9bd-44b2-ae49-d63952fba73d\", modelname:\"SAS_Pipeline\", runtype:\"normal\", scriptname:<missing value>, seed:251988, starttime:\"2019-03-27T18:36:02.787323+00:00\", step:0, suitename:<missing value>, testcase:<missing value>, testcaseid:<missing value>, testconfigtask:<missing value>, teststatus:\"PASSED\"},{coverage:0.724206, endtime:\"2019-03-27T18:36:44.725129+00:00\", events:\"True\", failedaction:<missing value>, groupid:1, hierarchyid:323, id:29, modelid:\"a648be49-b9bd-44b2-ae49-d63952fba73d\", modelname:\"SAS_Pipeline\", runtype:\"normal\", scriptname:<missing value>, seed:263652, starttime:\"2019-03-27T18:36:21.158719+00:00\", step:0, suitename:<missing value>, testcase:<missing value>, testcaseid:<missing value>, testconfigtask:<missing value>, teststatus:\"PASSED\"},{coverage:0.71627, endtime:\"2019-03-27T18:37:19.129111+00:00\", events:\"True\", failedaction:<missing value>, groupid:1, hierarchyid:323, id:30, modelid:\"a648be49-b9bd-44b2-ae49-d63952fba73d\", modelname:\"SAS_Pipeline\", runtype:\"normal\", scriptname:<missing value>, seed:127279, starttime:\"2019-03-27T18:36:48.406435+00:00\", step:0, suitename:<missing value>, testcase:<missing value>, testcaseid:<missing value>, testconfigtask:<missing value>, teststatus:\"PASSED\"},{coverage:0.813492, endtime:\"2019-03-27T18:38:18.684493+00:00\", events:\"True\", failedaction:<missing value>, groupid:1, hierarchyid:323, id:31, modelid:\"a648be49-b9bd-44b2-ae49-d63952fba73d\", modelname:\"SAS_Pipeline\", runtype:\"normal\", scriptname:<missing value>, seed:966772, starttime:\"2019-03-27T18:37:40.956281+00:00\", step:0, suitename:<missing value>, testcase:<missing value>, testcaseid:<missing value>, testconfigtask:<missing value>, teststatus:\"PASSED\"},{coverage:0.724206, endtime:\"2019-03-27T18:38:46.368081+00:00\", events:\"True\", failedaction:<missing value>, groupid:1, hierarchyid:323, id:32, modelid:\"a648be49-b9bd-44b2-ae49-d63952fba73d\", modelname:\"SAS_Pipeline\", runtype:\"normal\", scriptname:<missing value>, seed:624772, starttime:\"2019-03-27T18:38:21.799491+00:00\", step:0, suitename:<missing value>, testcase:<missing value>, testcaseid:<missing value>, testconfigtask:<missing value>, teststatus:\"PASSED\"},{coverage:0.840278, endtime:\"2019-03-27T18:39:32.113234+00:00\", events:\"True\", failedaction:<missing value>, groupid:1, hierarchyid:323, id:33, modelid:\"a648be49-b9bd-44b2-ae49-d63952fba73d\", modelname:\"SAS_Pipeline\", runtype:\"normal\", scriptname:<missing value>, seed:301973, starttime:\"2019-03-27T18:38:49.104206+00:00\", step:0, suitename:<missing value>, testcase:<missing value>, testcaseid:<missing value>, testconfigtask:<missing value>, teststatus:\"PASSED\"},{coverage:0.724921, endtime:\"2019-03-27T18:46:43.480093+00:00\", events:\"True\", failedaction:<missing value>, groupid:1, hierarchyid:399, id:34, modelid:\"6cc7babe-c0d2-4b39-9283-263c96016f69\", modelname:\"Me\", runtype:\"normal\", scriptname:<missing value>, seed:475054, starttime:\"2019-03-27T18:45:30.396976+00:00\", step:0, suitename:<missing value>, testcase:<missing value>, testcaseid:<missing value>, testconfigtask:<missing value>, teststatus:\"PASSED\"},{coverage:1, endtime:\"2019-04-09T17:24:04.684120+00:00\", events:\"True\", failedaction:<missing value>, groupid:1, hierarchyid:546, id:35, modelid:\"34c57fd4-59ab-4103-b113-02af4d64024c\", modelname:\"1231231\", runtype:\"normal\", scriptname:<missing value>, seed:256995, starttime:\"2019-04-09T17:24:02.799744+00:00\", step:0, suitename:<missing value>, testcase:<missing value>, testcaseid:<missing value>, testconfigtask:<missing value>, teststatus:\"PASSED\"},{coverage:1, endtime:\"2019-04-09T20:28:04.066433+00:00\", events:\"True\", failedaction:<missing value>, groupid:1, hierarchyid:546, id:36, modelid:\"34c57fd4-59ab-4103-b113-02af4d64024c\", modelname:\"1231231\", runtype:\"normal\", scriptname:<missing value>, seed:204572, starttime:\"2019-04-09T20:27:57.836873+00:00\", step:0, suitename:<missing value>, testcase:<missing value>, testcaseid:<missing value>, testconfigtask:<missing value>, teststatus:\"PASSED\"},{coverage:1, endtime:\"2019-04-10T19:07:03.253028+00:00\", events:\"True\", failedaction:<missing value>, groupid:1, hierarchyid:546, id:37, modelid:\"34c57fd4-59ab-4103-b113-02af4d64024c\", modelname:\"1231231\", runtype:\"normal\", scriptname:<missing value>, seed:50418, starttime:\"2019-04-10T19:06:57.323981+00:00\", step:0, suitename:<missing value>, testcase:<missing value>, testcaseid:<missing value>, testconfigtask:<missing value>, teststatus:\"PASSED\"},{coverage:0.554762, endtime:\"2019-04-12T16:34:21.900024+00:00\", events:\"True\", failedaction:<missing value>, groupid:1, hierarchyid:554, id:38, modelid:\"ecc81992-9e13-45d9-b64f-e3ca0a3445e8\", modelname:\"LesSwchabs\", runtype:\"normal\", scriptname:<missing value>, seed:679075, starttime:\"2019-04-12T16:34:03.178934+00:00\", step:0, suitename:<missing value>, testcase:<missing value>, testcaseid:<missing value>, testconfigtask:<missing value>, teststatus:\"PASSED\"},{coverage:0.975, endtime:\"2019-04-12T16:36:16.767217+00:00\", events:\"True\", failedaction:<missing value>, groupid:1, hierarchyid:554, id:39, modelid:\"ecc81992-9e13-45d9-b64f-e3ca0a3445e8\", modelname:\"LesSwchabs\", runtype:\"normal\", scriptname:<missing value>, seed:320528, starttime:\"2019-04-12T16:34:24.176285+00:00\", step:0, suitename:<missing value>, testcase:<missing value>, testcaseid:<missing value>, testconfigtask:<missing value>, teststatus:\"PASSED\"},{coverage:0.380357, endtime:\"2019-04-12T16:36:38.937384+00:00\", events:\"True\", failedaction:<missing value>, groupid:1, hierarchyid:554, id:40, modelid:\"ecc81992-9e13-45d9-b64f-e3ca0a3445e8\", modelname:\"LesSwchabs\", runtype:\"normal\", scriptname:<missing value>, seed:222296, starttime:\"2019-04-12T16:36:19.199800+00:00\", step:0, suitename:<missing value>, testcase:<missing value>, testcaseid:<missing value>, testconfigtask:<missing value>, teststatus:\"CANCELLED\"},{coverage:0.88125, endtime:\"2019-04-12T16:58:02.630284+00:00\", events:\"True\", failedaction:<missing value>, groupid:1, hierarchyid:629, id:41, modelid:\"cc5547f7-0cd0-453f-9cc6-a6af0d16205e\", modelname:\"lesschb2\", runtype:\"normal\", scriptname:<missing value>, seed:906705, starttime:\"2019-04-12T16:57:50.904343+00:00\", step:0, suitename:<missing value>, testcase:<missing value>, testcaseid:<missing value>, testconfigtask:<missing value>, teststatus:\"PASSED\"},{coverage:0.8625, endtime:\"2019-04-12T16:58:20.605550+00:00\", events:\"True\", failedaction:<missing value>, groupid:1, hierarchyid:629, id:42, modelid:\"cc5547f7-0cd0-453f-9cc6-a6af0d16205e\", modelname:\"lesschb2\", runtype:\"normal\", scriptname:<missing value>, seed:338997, starttime:\"2019-04-12T16:58:07.339822+00:00\", step:0, suitename:<missing value>, testcase:<missing value>, testcaseid:<missing value>, testconfigtask:<missing value>, teststatus:\"PASSED\"},{coverage:1, endtime:\"2019-04-17T17:23:53.636555+00:00\", events:\"True\", failedaction:<missing value>, groupid:1, hierarchyid:546, id:43, modelid:\"34c57fd4-59ab-4103-b113-02af4d64024c\", modelname:\"1231231\", runtype:\"normal\", scriptname:<missing value>, seed:64829, starttime:\"2019-04-17T17:23:51.714788+00:00\", step:0, suitename:<missing value>, testcase:<missing value>, testcaseid:<missing value>, testconfigtask:<missing value>, teststatus:\"PASSED\"},{coverage:1, endtime:\"2019-04-17T17:24:22.509579+00:00\", events:\"True\", failedaction:<missing value>, groupid:1, hierarchyid:546, id:44, modelid:\"34c57fd4-59ab-4103-b113-02af4d64024c\", modelname:\"1231231\", runtype:\"normal\", scriptname:<missing value>, seed:669338, starttime:\"2019-04-17T17:24:20.213173+00:00\", step:0, suitename:<missing value>, testcase:<missing value>, testcaseid:<missing value>, testconfigtask:<missing value>, teststatus:\"PASSED\"},{coverage:1, endtime:\"2019-04-17T17:24:49.340780+00:00\", events:\"True\", failedaction:<missing value>, groupid:1, hierarchyid:546, id:45, modelid:\"34c57fd4-59ab-4103-b113-02af4d64024c\", modelname:\"1231231\", runtype:\"normal\", scriptname:<missing value>, seed:807191, starttime:\"2019-04-17T17:24:37.771279+00:00\", step:0, suitename:<missing value>, testcase:<missing value>, testcaseid:<missing value>, testconfigtask:<missing value>, teststatus:\"PASSED\"},{coverage:1, endtime:\"2019-04-19T16:12:35.103394+00:00\", events:\"True\", failedaction:<missing value>, groupid:1, hierarchyid:546, id:46, modelid:\"34c57fd4-59ab-4103-b113-02af4d64024c\", modelname:\"1231231\", runtype:\"normal\", scriptname:<missing value>, seed:188057, starttime:\"2019-04-19T16:12:23.278696+00:00\", step:0, suitename:<missing value>, testcase:<missing value>, testcaseid:<missing value>, testconfigtask:<missing value>, teststatus:\"PASSED\"},{coverage:1, endtime:\"2019-04-19T16:24:54.665451+00:00\", events:\"True\", failedaction:<missing value>, groupid:1, hierarchyid:704, id:47, modelid:\"34c57fd4-59ab-4103-b113-02af4d64024c\", modelname:\"1231231\", runtype:\"normal\", scriptname:<missing value>, seed:278589, starttime:\"2019-04-19T16:24:53.037499+00:00\", step:0, suitename:<missing value>, testcase:<missing value>, testcaseid:<missing value>, testconfigtask:<missing value>, teststatus:\"PASSED\"},{coverage:1, endtime:\"2019-04-19T16:35:17.910152+00:00\", events:\"True\", failedaction:<missing value>, groupid:1, hierarchyid:704, id:48, modelid:\"34c57fd4-59ab-4103-b113-02af4d64024c\", modelname:\"1231231\", runtype:\"normal\", scriptname:<missing value>, seed:577467, starttime:\"2019-04-19T16:34:53.688488+00:00\", step:0, suitename:<missing value>, testcase:<missing value>, testcaseid:<missing value>, testconfigtask:<missing value>, teststatus:\"PASSED\"},{coverage:1, endtime:\"2019-04-23T19:33:18.516200+00:00\", events:\"True\", failedaction:<missing value>, groupid:1, hierarchyid:712, id:49, modelid:\"f1cb963c-915d-4150-a9f3-1e1f35958743\", modelname:\"12345\", runtype:\"normal\", scriptname:<missing value>, seed:91837, starttime:\"2019-04-23T19:33:14.665129+00:00\", step:0, suitename:<missing value>, testcase:<missing value>, testcaseid:<missing value>, testconfigtask:<missing value>, teststatus:\"PASSED\"},{coverage:0.666667, endtime:\"2019-04-23T19:39:38.380982+00:00\", events:\"True\", failedaction:<missing value>, groupid:1, hierarchyid:736, id:50, modelid:\"f1cb963c-915d-4150-a9f3-1e1f35958743\", modelname:\"12345\", runtype:\"normal\", scriptname:<missing value>, seed:70668, starttime:\"2019-04-23T19:39:24.439812+00:00\", step:0, suitename:<missing value>, testcase:<missing value>, testcaseid:<missing value>, testconfigtask:<missing value>, teststatus:\"PASSED\"},{coverage:0.722222, endtime:\"2019-04-23T19:39:57.324290+00:00\", events:\"True\", failedaction:<missing value>, groupid:1, hierarchyid:736, id:51, modelid:\"f1cb963c-915d-4150-a9f3-1e1f35958743\", modelname:\"12345\", runtype:\"normal\", scriptname:<missing value>, seed:837188, starttime:\"2019-04-23T19:39:40.434339+00:00\", step:0, suitename:<missing value>, testcase:<missing value>, testcaseid:<missing value>, testconfigtask:<missing value>, teststatus:\"PASSED\"},{coverage:0.833333, endtime:\"2019-04-24T14:21:12.035926+00:00\", events:\"True\", failedaction:<missing value>, groupid:1, hierarchyid:790, id:52, modelid:\"afc632bf-c0c7-4a14-b463-ac9af6f90e44\", modelname:\"SAP\", runtype:\"normal\", scriptname:<missing value>, seed:265062, starttime:\"2019-04-24T14:21:02.056335+00:00\", step:0, suitename:<missing value>, testcase:<missing value>, testcaseid:<missing value>, testconfigtask:<missing value>, teststatus:\"PASSED\"},{coverage:0.683333, endtime:\"2019-04-24T14:21:26.794284+00:00\", events:\"True\", failedaction:<missing value>, groupid:1, hierarchyid:790, id:53, modelid:\"afc632bf-c0c7-4a14-b463-ac9af6f90e44\", modelname:\"SAP\", runtype:\"normal\", scriptname:<missing value>, seed:890636, starttime:\"2019-04-24T14:21:16.570172+00:00\", step:0, suitename:<missing value>, testcase:<missing value>, testcaseid:<missing value>, testconfigtask:<missing value>, teststatus:\"PASSED\"},{coverage:0.75, endtime:\"2019-04-24T14:22:00.122097+00:00\", events:\"True\", failedaction:<missing value>, groupid:1, hierarchyid:790, id:54, modelid:\"afc632bf-c0c7-4a14-b463-ac9af6f90e44\", modelname:\"SAP\", runtype:\"normal\", scriptname:<missing value>, seed:194156, starttime:\"2019-04-24T14:21:45.700916+00:00\", step:0, suitename:<missing value>, testcase:<missing value>, testcaseid:<missing value>, testconfigtask:<missing value>, teststatus:\"PASSED\"},{coverage:0.944444, endtime:\"2019-04-24T14:45:13.317509+00:00\", events:\"True\", failedaction:<missing value>, groupid:1, hierarchyid:828, id:55, modelid:\"ecfeb9cf-84c0-47da-88bc-0bbd74d6c6f8\", modelname:\"SAP1\", runtype:\"normal\", scriptname:<missing value>, seed:562246, starttime:\"2019-04-24T14:45:09.144226+00:00\", step:0, suitename:<missing value>, testcase:<missing value>, testcaseid:<missing value>, testconfigtask:<missing value>, teststatus:\"PASSED\"},{coverage:0.925, endtime:\"2019-04-24T20:46:07.021734+00:00\", events:\"True\", failedaction:<missing value>, groupid:1, hierarchyid:945, id:74, modelid:\"50838f6f-d094-44ac-81d1-7a4f80d75ee1\", modelname:\"SalesForce\", runtype:\"normal\", scriptname:<missing value>, seed:106392, starttime:\"2019-04-24T20:46:02.632515+00:00\", step:0, suitename:<missing value>, testcase:<missing value>, testcaseid:<missing value>, testconfigtask:<missing value>, teststatus:\"PASSED\"},{coverage:1, endtime:\"2019-04-24T20:54:56.194090+00:00\", events:\"True\", failedaction:<missing value>, groupid:1, hierarchyid:945, id:75, modelid:\"50838f6f-d094-44ac-81d1-7a4f80d75ee1\", modelname:\"SalesForce\", runtype:\"normal\", scriptname:<missing value>, seed:957535, starttime:\"2019-04-24T20:46:34.512763+00:00\", step:0, suitename:<missing value>, testcase:<missing value>, testcaseid:<missing value>, testconfigtask:<missing value>, teststatus:\"PASSED\"},{coverage:0.944444, endtime:\"2019-04-24T21:17:01.105246+00:00\", events:\"True\", failedaction:<missing value>, groupid:1, hierarchyid:989, id:76, modelid:\"488879ed-8ce6-45bb-a733-07680bf09319\", modelname:\"SAPBase\", runtype:\"normal\", scriptname:<missing value>, seed:129404, starttime:\"2019-04-24T21:16:51.980221+00:00\", step:0, suitename:<missing value>, testcase:<missing value>, testcaseid:<missing value>, testconfigtask:<missing value>, teststatus:\"PASSED\"},{coverage:0.944444, endtime:\"2019-04-24T21:17:13.150614+00:00\", events:\"True\", failedaction:<missing value>, groupid:1, hierarchyid:989, id:77, modelid:\"488879ed-8ce6-45bb-a733-07680bf09319\", modelname:\"SAPBase\", runtype:\"normal\", scriptname:<missing value>, seed:798105, starttime:\"2019-04-24T21:17:03.181839+00:00\", step:0, suitename:<missing value>, testcase:<missing value>, testcaseid:<missing value>, testconfigtask:<missing value>, teststatus:\"PASSED\"},{coverage:0.861111, endtime:\"2019-04-24T21:19:48.829172+00:00\", events:\"True\", failedaction:<missing value>, groupid:1, hierarchyid:1020, id:78, modelid:\"488879ed-8ce6-45bb-a733-07680bf09319\", modelname:\"SAPBase\", runtype:\"normal\", scriptname:<missing value>, seed:25058, starttime:\"2019-04-24T21:19:39.216818+00:00\", step:0, suitename:<missing value>, testcase:<missing value>, testcaseid:<missing value>, testconfigtask:<missing value>, teststatus:\"PASSED\"},{coverage:0.861111, endtime:\"2019-04-24T21:20:00.885311+00:00\", events:\"True\", failedaction:<missing value>, groupid:1, hierarchyid:1020, id:79, modelid:\"488879ed-8ce6-45bb-a733-07680bf09319\", modelname:\"SAPBase\", runtype:\"normal\", scriptname:<missing value>, seed:196777, starttime:\"2019-04-24T21:19:50.751690+00:00\", step:0, suitename:<missing value>, testcase:<missing value>, testcaseid:<missing value>, testconfigtask:<missing value>, teststatus:\"PASSED\"},{coverage:0.861111, endtime:\"2019-04-24T21:20:13.230285+00:00\", events:\"True\", failedaction:<missing value>, groupid:1, hierarchyid:1020, id:80, modelid:\"488879ed-8ce6-45bb-a733-07680bf09319\", modelname:\"SAPBase\", runtype:\"normal\", scriptname:<missing value>, seed:809292, starttime:\"2019-04-24T21:20:03.040881+00:00\", step:0, suitename:<missing value>, testcase:<missing value>, testcaseid:<missing value>, testconfigtask:<missing value>, teststatus:\"PASSED\"},{coverage:0.861111, endtime:\"2019-04-24T21:20:26.274362+00:00\", events:\"True\", failedaction:<missing value>, groupid:1, hierarchyid:1020, id:81, modelid:\"488879ed-8ce6-45bb-a733-07680bf09319\", modelname:\"SAPBase\", runtype:\"normal\", scriptname:<missing value>, seed:269156, starttime:\"2019-04-24T21:20:15.326214+00:00\", step:0, suitename:<missing value>, testcase:<missing value>, testcaseid:<missing value>, testconfigtask:<missing value>, teststatus:\"PASSED\"},{coverage:0.383333, endtime:\"2019-04-24T21:38:14.169176+00:00\", events:\"True\", failedaction:<missing value>, groupid:1, hierarchyid:1057, id:82, modelid:\"afc632bf-c0c7-4a14-b463-ac9af6f90e44\", modelname:\"SAP\", runtype:\"normal\", scriptname:<missing value>, seed:510985, starttime:\"2019-04-24T21:38:01.964282+00:00\", step:0, suitename:<missing value>, testcase:<missing value>, testcaseid:<missing value>, testconfigtask:<missing value>, teststatus:\"PASSED\"},{coverage:0.545833, endtime:\"2019-04-24T21:38:38.087503+00:00\", events:\"True\", failedaction:<missing value>, groupid:1, hierarchyid:1057, id:83, modelid:\"afc632bf-c0c7-4a14-b463-ac9af6f90e44\", modelname:\"SAP\", runtype:\"normal\", scriptname:<missing value>, seed:120435, starttime:\"2019-04-24T21:38:18.604384+00:00\", step:0, suitename:<missing value>, testcase:<missing value>, testcaseid:<missing value>, testconfigtask:<missing value>, teststatus:\"PASSED\"},{coverage:0.908333, endtime:\"2019-04-24T21:39:57.866686+00:00\", events:\"True\", failedaction:<missing value>, groupid:1, hierarchyid:1057, id:84, modelid:\"afc632bf-c0c7-4a14-b463-ac9af6f90e44\", modelname:\"SAP\", runtype:\"normal\", scriptname:<missing value>, seed:533796, starttime:\"2019-04-24T21:38:42.071884+00:00\", step:0, suitename:<missing value>, testcase:<missing value>, testcaseid:<missing value>, testconfigtask:<missing value>, teststatus:\"PASSED\"},{coverage:0.725, endtime:\"2019-04-24T21:42:08.094801+00:00\", events:\"True\", failedaction:<missing value>, groupid:1, hierarchyid:945, id:85, modelid:\"50838f6f-d094-44ac-81d1-7a4f80d75ee1\", modelname:\"SalesForce\", runtype:\"normal\", scriptname:<missing value>, seed:22920, starttime:\"2019-04-24T21:41:22.065251+00:00\", step:0, suitename:<missing value>, testcase:<missing value>, testcaseid:<missing value>, testconfigtask:<missing value>, teststatus:\"PASSED\"},{coverage:0.791667, endtime:\"2019-04-24T21:45:41.131869+00:00\", events:\"True\", failedaction:<missing value>, groupid:1, hierarchyid:945, id:86, modelid:\"50838f6f-d094-44ac-81d1-7a4f80d75ee1\", modelname:\"SalesForce\", runtype:\"normal\", scriptname:<missing value>, seed:433485, starttime:\"2019-04-24T21:42:21.366112+00:00\", step:0, suitename:<missing value>, testcase:<missing value>, testcaseid:<missing value>, testconfigtask:<missing value>, teststatus:\"CANCELLED\"},{coverage:0.583333, endtime:\"2019-04-24T21:54:55.743990+00:00\", events:\"True\", failedaction:<missing value>, groupid:1, hierarchyid:945, id:87, modelid:\"50838f6f-d094-44ac-81d1-7a4f80d75ee1\", modelname:\"SalesForce\", runtype:\"normal\", scriptname:<missing value>, seed:590919, starttime:\"2019-04-24T21:52:52.214528+00:00\", step:0, suitename:<missing value>, testcase:<missing value>, testcaseid:<missing value>, testconfigtask:<missing value>, teststatus:\"CANCELLED\"},{coverage:0.833333, endtime:\"2019-05-03T14:39:33.759977+00:00\", events:\"True\", failedaction:<missing value>, groupid:1, hierarchyid:1143, id:88, modelid:\"5521561c-ae8f-4e2d-ad2d-3c9c3d6b1ca2\", modelname:\"Del\", runtype:\"normal\", scriptname:<missing value>, seed:53004, starttime:\"2019-05-03T14:39:20.364056+00:00\", step:0, suitename:<missing value>, testcase:<missing value>, testcaseid:<missing value>, testconfigtask:<missing value>, teststatus:\"PASSED\"},{coverage:0.833333, endtime:\"2019-05-03T14:39:54.717611+00:00\", events:\"True\", failedaction:<missing value>, groupid:1, hierarchyid:1143, id:89, modelid:\"5521561c-ae8f-4e2d-ad2d-3c9c3d6b1ca2\", modelname:\"Del\", runtype:\"normal\", scriptname:<missing value>, seed:553821, starttime:\"2019-05-03T14:39:41.569500+00:00\", step:0, suitename:<missing value>, testcase:<missing value>, testcaseid:<missing value>, testconfigtask:<missing value>, teststatus:\"PASSED\"},{coverage:0.75, endtime:\"2019-05-03T14:44:30.006416+00:00\", events:\"True\", failedaction:<missing value>, groupid:1, hierarchyid:1192, id:90, modelid:\"5521561c-ae8f-4e2d-ad2d-3c9c3d6b1ca2\", modelname:\"Del\", runtype:\"normal\", scriptname:<missing value>, seed:149115, starttime:\"2019-05-03T14:44:10.754255+00:00\", step:0, suitename:<missing value>, testcase:<missing value>, testcaseid:<missing value>, testconfigtask:<missing value>, teststatus:\"PASSED\"},{coverage:0.761905, endtime:\"2019-05-03T14:44:53.776136+00:00\", events:\"True\", failedaction:<missing value>, groupid:1, hierarchyid:1192, id:91, modelid:\"5521561c-ae8f-4e2d-ad2d-3c9c3d6b1ca2\", modelname:\"Del\", runtype:\"normal\", scriptname:<missing value>, seed:994257, starttime:\"2019-05-03T14:44:32.260716+00:00\", step:0, suitename:<missing value>, testcase:<missing value>, testcaseid:<missing value>, testconfigtask:<missing value>, teststatus:\"PASSED\"},{coverage:0.869048, endtime:\"2019-05-03T14:45:29.083000+00:00\", events:\"True\", failedaction:<missing value>, groupid:1, hierarchyid:1192, id:92, modelid:\"5521561c-ae8f-4e2d-ad2d-3c9c3d6b1ca2\", modelname:\"Del\", runtype:\"normal\", scriptname:<missing value>, seed:229775, starttime:\"2019-05-03T14:44:55.981891+00:00\", step:0, suitename:<missing value>, testcase:<missing value>, testcaseid:<missing value>, testconfigtask:<missing value>, teststatus:\"PASSED\"},{coverage:0.75, endtime:\"2019-05-03T14:45:51.704012+00:00\", events:\"True\", failedaction:<missing value>, groupid:1, hierarchyid:1192, id:93, modelid:\"5521561c-ae8f-4e2d-ad2d-3c9c3d6b1ca2\", modelname:\"Del\", runtype:\"normal\", scriptname:<missing value>, seed:830925, starttime:\"2019-05-03T14:45:31.151778+00:00\", step:0, suitename:<missing value>, testcase:<missing value>, testcaseid:<missing value>, testconfigtask:<missing value>, teststatus:\"PASSED\"},{coverage:0.75, endtime:\"2019-05-03T14:46:15.192546+00:00\", events:\"True\", failedaction:<missing value>, groupid:1, hierarchyid:1192, id:94, modelid:\"5521561c-ae8f-4e2d-ad2d-3c9c3d6b1ca2\", modelname:\"Del\", runtype:\"normal\", scriptname:<missing value>, seed:537423, starttime:\"2019-05-03T14:45:53.891092+00:00\", step:0, suitename:<missing value>, testcase:<missing value>, testcaseid:<missing value>, testconfigtask:<missing value>, teststatus:\"PASSED\"},{coverage:0.75, endtime:\"2019-05-03T14:59:26.019925+00:00\", events:\"True\", failedaction:<missing value>, groupid:1, hierarchyid:1192, id:95, modelid:\"5521561c-ae8f-4e2d-ad2d-3c9c3d6b1ca2\", modelname:\"Del\", runtype:\"normal\", scriptname:<missing value>, seed:365953, starttime:\"2019-05-03T14:59:06.169361+00:00\", step:0, suitename:<missing value>, testcase:<missing value>, testcaseid:<missing value>, testconfigtask:<missing value>, teststatus:\"PASSED\"},{coverage:0.904762, endtime:\"2019-05-03T15:00:07.716815+00:00\", events:\"True\", failedaction:<missing value>, groupid:1, hierarchyid:1192, id:96, modelid:\"5521561c-ae8f-4e2d-ad2d-3c9c3d6b1ca2\", modelname:\"Del\", runtype:\"normal\", scriptname:<missing value>, seed:182206, starttime:\"2019-05-03T14:59:28.554128+00:00\", step:0, suitename:<missing value>, testcase:<missing value>, testcaseid:<missing value>, testconfigtask:<missing value>, teststatus:\"PASSED\"},{coverage:0.869048, endtime:\"2019-05-03T15:00:50.499434+00:00\", events:\"True\", failedaction:<missing value>, groupid:1, hierarchyid:1192, id:97, modelid:\"5521561c-ae8f-4e2d-ad2d-3c9c3d6b1ca2\", modelname:\"Del\", runtype:\"normal\", scriptname:<missing value>, seed:307777, starttime:\"2019-05-03T15:00:10.042075+00:00\", step:0, suitename:<missing value>, testcase:<missing value>, testcaseid:<missing value>, testconfigtask:<missing value>, teststatus:\"PASSED\"},{coverage:0.75, endtime:\"2019-05-03T15:01:12.544202+00:00\", events:\"True\", failedaction:<missing value>, groupid:1, hierarchyid:1192, id:98, modelid:\"5521561c-ae8f-4e2d-ad2d-3c9c3d6b1ca2\", modelname:\"Del\", runtype:\"normal\", scriptname:<missing value>, seed:87240, starttime:\"2019-05-03T15:00:52.945000+00:00\", step:0, suitename:<missing value>, testcase:<missing value>, testcaseid:<missing value>, testconfigtask:<missing value>, teststatus:\"PASSED\"},{coverage:0.857143, endtime:\"2019-05-03T15:02:17.157777+00:00\", events:\"True\", failedaction:<missing value>, groupid:1, hierarchyid:1192, id:99, modelid:\"5521561c-ae8f-4e2d-ad2d-3c9c3d6b1ca2\", modelname:\"Del\", runtype:\"normal\", scriptname:<missing value>, seed:852234, starttime:\"2019-05-03T15:01:14.966863+00:00\", step:0, suitename:<missing value>, testcase:<missing value>, testcaseid:<missing value>, testconfigtask:<missing value>, teststatus:\"PASSED\"},{coverage:0.02381, endtime:\"2019-05-07T14:10:39.459543+00:00\", events:\"True\", failedaction:<missing value>, groupid:1, hierarchyid:1255, id:100, modelid:\"54dcd596-a060-42e1-8853-d38a8443c71a\", modelname:\"OpenEMR6\", runtype:\"normal\", scriptname:<missing value>, seed:404681, starttime:\"2019-05-07T14:10:20.195496+00:00\", step:0, suitename:<missing value>, testcase:<missing value>, testcaseid:<missing value>, testconfigtask:<missing value>, teststatus:\"CANCELLED\"},{coverage:0.263324, endtime:\"2019-05-07T14:11:15.341951+00:00\", events:\"True\", failedaction:<missing value>, groupid:1, hierarchyid:1255, id:101, modelid:\"54dcd596-a060-42e1-8853-d38a8443c71a\", modelname:\"OpenEMR6\", runtype:\"normal\", scriptname:<missing value>, seed:878562, starttime:\"2019-05-07T14:10:54.542950+00:00\", step:0, suitename:<missing value>, testcase:<missing value>, testcaseid:<missing value>, testconfigtask:<missing value>, teststatus:\"PASSED\"},{coverage:0.185714, endtime:\"2019-05-07T14:13:00.542620+00:00\", events:\"True\", failedaction:<missing value>, groupid:1, hierarchyid:1255, id:102, modelid:\"54dcd596-a060-42e1-8853-d38a8443c71a\", modelname:\"OpenEMR6\", runtype:\"normal\", scriptname:<missing value>, seed:30973, starttime:\"2019-05-07T14:11:34.983587+00:00\", step:0, suitename:<missing value>, testcase:<missing value>, testcaseid:<missing value>, testconfigtask:<missing value>, teststatus:\"PASSED\"},{coverage:0.436531, endtime:\"2019-05-07T14:17:40.061055+00:00\", events:\"True\", failedaction:<missing value>, groupid:1, hierarchyid:1255, id:103, modelid:\"54dcd596-a060-42e1-8853-d38a8443c71a\", modelname:\"OpenEMR6\", runtype:\"normal\", scriptname:<missing value>, seed:565803, starttime:\"2019-05-07T14:13:10.152913+00:00\", step:0, suitename:<missing value>, testcase:<missing value>, testcaseid:<missing value>, testconfigtask:<missing value>, teststatus:\"PASSED\"},{coverage:1, endtime:\"2019-05-08T13:48:29.035744+00:00\", events:\"True\", failedaction:<missing value>, groupid:1, hierarchyid:1462, id:104, modelid:\"3f56e131-e388-45b1-b9ac-a87676b0bac0\", modelname:\"222\", runtype:\"normal\", scriptname:<missing value>, seed:95627, starttime:\"2019-05-08T13:48:25.019954+00:00\", step:0, suitename:<missing value>, testcase:<missing value>, testcaseid:<missing value>, testconfigtask:<missing value>, teststatus:\"PASSED\"},{coverage:0.9, endtime:\"2019-05-08T13:50:29.021752+00:00\", events:\"True\", failedaction:<missing value>, groupid:1, hierarchyid:1490, id:105, modelid:\"3f56e131-e388-45b1-b9ac-a87676b0bac0\", modelname:\"222\", runtype:\"normal\", scriptname:<missing value>, seed:77765, starttime:\"2019-05-08T13:50:24.295619+00:00\", step:0, suitename:<missing value>, testcase:<missing value>, testcaseid:<missing value>, testconfigtask:<missing value>, teststatus:\"PASSED\"},{coverage:0.9, endtime:\"2019-05-08T13:50:39.268862+00:00\", events:\"True\", failedaction:<missing value>, groupid:1, hierarchyid:1490, id:106, modelid:\"3f56e131-e388-45b1-b9ac-a87676b0bac0\", modelname:\"222\", runtype:\"normal\", scriptname:<missing value>, seed:750191, starttime:\"2019-05-08T13:50:34.165146+00:00\", step:0, suitename:<missing value>, testcase:<missing value>, testcaseid:<missing value>, testconfigtask:<missing value>, teststatus:\"PASSED\"},{coverage:0.761111, endtime:\"2019-05-08T13:52:21.022828+00:00\", events:\"True\", failedaction:<missing value>, groupid:1, hierarchyid:1527, id:107, modelid:\"3f56e131-e388-45b1-b9ac-a87676b0bac0\", modelname:\"222\", runtype:\"normal\", scriptname:<missing value>, seed:819057, starttime:\"2019-05-08T13:52:15.469347+00:00\", step:0, suitename:<missing value>, testcase:<missing value>, testcaseid:<missing value>, testconfigtask:<missing value>, teststatus:\"PASSED\"},{coverage:0.376644, endtime:\"2019-05-08T13:54:43.935741+00:00\", events:\"True\", failedaction:<missing value>, groupid:1, hierarchyid:1573, id:108, modelid:\"9e42e76f-9cce-4c1a-bebd-75c958de28d9\", modelname:\"PatientJourney\", runtype:\"normal\", scriptname:<missing value>, seed:411978, starttime:\"2019-05-08T13:54:20.413974+00:00\", step:0, suitename:<missing value>, testcase:<missing value>, testcaseid:<missing value>, testconfigtask:<missing value>, teststatus:\"PASSED\"},{coverage:0.980215, endtime:\"2019-05-08T13:56:18.263110+00:00\", events:\"True\", failedaction:<missing value>, groupid:1, hierarchyid:1573, id:109, modelid:\"9e42e76f-9cce-4c1a-bebd-75c958de28d9\", modelname:\"PatientJourney\", runtype:\"normal\", scriptname:<missing value>, seed:476022, starttime:\"2019-05-08T13:54:53.866349+00:00\", step:0, suitename:<missing value>, testcase:<missing value>, testcaseid:<missing value>, testconfigtask:<missing value>, teststatus:\"PASSED\"},{coverage:0.713333, endtime:\"2019-05-08T17:29:05.738510+00:00\", events:\"True\", failedaction:<missing value>, groupid:1, hierarchyid:1712, id:110, modelid:\"f76777ed-d1e5-493f-961f-4883627ef6cf\", modelname:\"123\", runtype:\"normal\", scriptname:<missing value>, seed:697517, starttime:\"2019-05-08T17:28:56.721483+00:00\", step:0, suitename:<missing value>, testcase:<missing value>, testcaseid:<missing value>, testconfigtask:<missing value>, teststatus:\"PASSED\"},{coverage:0.713333, endtime:\"2019-05-08T17:29:18.158989+00:00\", events:\"True\", failedaction:<missing value>, groupid:1, hierarchyid:1712, id:111, modelid:\"f76777ed-d1e5-493f-961f-4883627ef6cf\", modelname:\"123\", runtype:\"normal\", scriptname:<missing value>, seed:304447, starttime:\"2019-05-08T17:29:09.118214+00:00\", step:0, suitename:<missing value>, testcase:<missing value>, testcaseid:<missing value>, testconfigtask:<missing value>, teststatus:\"PASSED\"},{coverage:0.709977, endtime:\"2019-05-08T17:31:26.370915+00:00\", events:\"True\", failedaction:<missing value>, groupid:1, hierarchyid:1573, id:112, modelid:\"9e42e76f-9cce-4c1a-bebd-75c958de28d9\", modelname:\"PatientJourney\", runtype:\"normal\", scriptname:<missing value>, seed:43196, starttime:\"2019-05-08T17:29:57.086193+00:00\", step:0, suitename:<missing value>, testcase:<missing value>, testcaseid:<missing value>, testconfigtask:<missing value>, teststatus:\"CANCELLED\"},{coverage:1, endtime:\"2019-05-09T14:55:32.143333+00:00\", events:\"True\", failedaction:<missing value>, groupid:1, hierarchyid:1753, id:113, modelid:\"4f0c7a66-01e6-430e-b812-7fb2a1f261de\", modelname:\"DEMOSuite\", runtype:\"normal\", scriptname:<missing value>, seed:173171, starttime:\"2019-05-09T14:55:19.801636+00:00\", step:0, suitename:<missing value>, testcase:<missing value>, testcaseid:<missing value>, testconfigtask:<missing value>, teststatus:\"PASSED\"},{coverage:1, endtime:\"2019-05-09T14:56:49.318099+00:00\", events:\"True\", failedaction:<missing value>, groupid:1, hierarchyid:1753, id:114, modelid:\"4f0c7a66-01e6-430e-b812-7fb2a1f261de\", modelname:\"DEMOSuite\", runtype:\"normal\", scriptname:<missing value>, seed:184430, starttime:\"2019-05-09T14:56:35.327357+00:00\", step:0, suitename:<missing value>, testcase:<missing value>, testcaseid:<missing value>, testconfigtask:<missing value>, teststatus:\"PASSED\"},{coverage:1, endtime:\"2019-05-09T14:57:31.459894+00:00\", events:\"True\", failedaction:<missing value>, groupid:1, hierarchyid:1753, id:115, modelid:\"4f0c7a66-01e6-430e-b812-7fb2a1f261de\", modelname:\"DEMOSuite\", runtype:\"normal\", scriptname:<missing value>, seed:911215, starttime:\"2019-05-09T14:57:17.822905+00:00\", step:0, suitename:<missing value>, testcase:<missing value>, testcaseid:<missing value>, testconfigtask:<missing value>, teststatus:\"PASSED\"},{coverage:1, endtime:\"2019-05-10T16:16:52.714064+00:00\", events:\"True\", failedaction:<missing value>, groupid:1, hierarchyid:1771, id:116, modelid:\"e475b61b-da87-4336-aa16-aeaf14ace9ba\", modelname:\"1234\", runtype:\"normal\", scriptname:<missing value>, seed:145577, starttime:\"2019-05-10T16:16:49.402105+00:00\", step:0, suitename:<missing value>, testcase:<missing value>, testcaseid:<missing value>, testconfigtask:<missing value>, teststatus:\"PASSED\"},{coverage:0.9, endtime:\"2019-05-10T16:19:08.304287+00:00\", events:\"True\", failedaction:<missing value>, groupid:1, hierarchyid:1794, id:117, modelid:\"e475b61b-da87-4336-aa16-aeaf14ace9ba\", modelname:\"1234\", runtype:\"normal\", scriptname:<missing value>, seed:210261, starttime:\"2019-05-10T16:19:00.445486+00:00\", step:0, suitename:<missing value>, testcase:<missing value>, testcaseid:<missing value>, testconfigtask:<missing value>, teststatus:\"PASSED\"},{coverage:0.9, endtime:\"2019-05-10T16:19:20.189602+00:00\", events:\"True\", failedaction:<missing value>, groupid:1, hierarchyid:1794, id:118, modelid:\"e475b61b-da87-4336-aa16-aeaf14ace9ba\", modelname:\"1234\", runtype:\"normal\", scriptname:<missing value>, seed:351134, starttime:\"2019-05-10T16:19:11.618250+00:00\", step:0, suitename:<missing value>, testcase:<missing value>, testcaseid:<missing value>, testconfigtask:<missing value>, teststatus:\"PASSED\"},{coverage:0.8, endtime:\"2019-05-10T16:21:47.611098+00:00\", events:\"True\", failedaction:<missing value>, groupid:1, hierarchyid:1823, id:119, modelid:\"e475b61b-da87-4336-aa16-aeaf14ace9ba\", modelname:\"1234\", runtype:\"normal\", scriptname:<missing value>, seed:625823, starttime:\"2019-05-10T16:21:39.169861+00:00\", step:0, suitename:<missing value>, testcase:<missing value>, testcaseid:<missing value>, testconfigtask:<missing value>, teststatus:\"PASSED\"},{coverage:0.8, endtime:\"2019-05-10T16:21:58.533375+00:00\", events:\"True\", failedaction:<missing value>, groupid:1, hierarchyid:1823, id:120, modelid:\"e475b61b-da87-4336-aa16-aeaf14ace9ba\", modelname:\"1234\", runtype:\"normal\", scriptname:<missing value>, seed:391088, starttime:\"2019-05-10T16:21:49.864741+00:00\", step:0, suitename:<missing value>, testcase:<missing value>, testcaseid:<missing value>, testconfigtask:<missing value>, teststatus:\"PASSED\"},{coverage:0.8, endtime:\"2019-05-10T16:22:09.707952+00:00\", events:\"True\", failedaction:<missing value>, groupid:1, hierarchyid:1823, id:121, modelid:\"e475b61b-da87-4336-aa16-aeaf14ace9ba\", modelname:\"1234\", runtype:\"normal\", scriptname:<missing value>, seed:7015, starttime:\"2019-05-10T16:22:00.709546+00:00\", step:0, suitename:<missing value>, testcase:<missing value>, testcaseid:<missing value>, testconfigtask:<missing value>, teststatus:\"PASSED\"},{coverage:0.821429, endtime:\"2019-05-10T16:34:46.450517+00:00\", events:\"True\", failedaction:<missing value>, groupid:1, hierarchyid:1858, id:122, modelid:\"6b3f4ad6-6315-41a0-8271-504ec7755e62\", modelname:\"1234A\", runtype:\"normal\", scriptname:<missing value>, seed:328611, starttime:\"2019-05-10T16:34:37.536538+00:00\", step:0, suitename:<missing value>, testcase:<missing value>, testcaseid:<missing value>, testconfigtask:<missing value>, teststatus:\"PASSED\"},{coverage:0.270498, endtime:\"2019-05-13T15:36:24.520848+00:00\", events:\"True\", failedaction:<missing value>, groupid:1, hierarchyid:1255, id:123, modelid:\"54dcd596-a060-42e1-8853-d38a8443c71a\", modelname:\"OpenEMR6\", runtype:\"normal\", scriptname:<missing value>, seed:806633, starttime:\"2019-05-13T15:34:41.055846+00:00\", step:0, suitename:<missing value>, testcase:<missing value>, testcaseid:<missing value>, testconfigtask:<missing value>, teststatus:\"PASSED\"},{coverage:0.185714, endtime:\"2019-05-13T15:45:29.042761+00:00\", events:\"True\", failedaction:<missing value>, groupid:1, hierarchyid:1255, id:124, modelid:\"54dcd596-a060-42e1-8853-d38a8443c71a\", modelname:\"OpenEMR6\", runtype:\"normal\", scriptname:<missing value>, seed:780864, starttime:\"2019-05-13T15:44:21.602779+00:00\", step:0, suitename:<missing value>, testcase:<missing value>, testcaseid:<missing value>, testconfigtask:<missing value>, teststatus:\"PASSED\"},{coverage:1, endtime:\"2019-05-13T16:42:14.175082+00:00\", events:\"True\", failedaction:<missing value>, groupid:1, hierarchyid:1918, id:125, modelid:\"79df1871-b667-4b4a-9a5d-6e3041e5fa1b\", modelname:\"123456\", runtype:\"normal\", scriptname:<missing value>, seed:541019, starttime:\"2019-05-13T16:42:10.385930+00:00\", step:0, suitename:<missing value>, testcase:<missing value>, testcaseid:<missing value>, testconfigtask:<missing value>, teststatus:\"PASSED\"},{coverage:0.916667, endtime:\"2019-05-13T16:43:46.445634+00:00\", events:\"True\", failedaction:<missing value>, groupid:1, hierarchyid:1946, id:126, modelid:\"79df1871-b667-4b4a-9a5d-6e3041e5fa1b\", modelname:\"123456\", runtype:\"normal\", scriptname:<missing value>, seed:351484, starttime:\"2019-05-13T16:43:36.851571+00:00\", step:0, suitename:<missing value>, testcase:<missing value>, testcaseid:<missing value>, testconfigtask:<missing value>, teststatus:\"PASSED\"},{coverage:0.916667, endtime:\"2019-05-13T16:43:59.256366+00:00\", events:\"True\", failedaction:<missing value>, groupid:1, hierarchyid:1946, id:127, modelid:\"79df1871-b667-4b4a-9a5d-6e3041e5fa1b\", modelname:\"123456\", runtype:\"normal\", scriptname:<missing value>, seed:102245, starttime:\"2019-05-13T16:43:49.389166+00:00\", step:0, suitename:<missing value>, testcase:<missing value>, testcaseid:<missing value>, testconfigtask:<missing value>, teststatus:\"PASSED\"},{coverage:0.75, endtime:\"2019-05-13T16:45:57.078747+00:00\", events:\"True\", failedaction:<missing value>, groupid:1, hierarchyid:1980, id:128, modelid:\"79df1871-b667-4b4a-9a5d-6e3041e5fa1b\", modelname:\"123456\", runtype:\"normal\", scriptname:<missing value>, seed:349719, starttime:\"2019-05-13T16:45:46.538867+00:00\", step:0, suitename:<missing value>, testcase:<missing value>, testcaseid:<missing value>, testconfigtask:<missing value>, teststatus:\"PASSED\"},{coverage:0.75, endtime:\"2019-05-13T16:46:10.877879+00:00\", events:\"True\", failedaction:<missing value>, groupid:1, hierarchyid:1980, id:129, modelid:\"79df1871-b667-4b4a-9a5d-6e3041e5fa1b\", modelname:\"123456\", runtype:\"normal\", scriptname:<missing value>, seed:976153, starttime:\"2019-05-13T16:45:59.967555+00:00\", step:0, suitename:<missing value>, testcase:<missing value>, testcaseid:<missing value>, testconfigtask:<missing value>, teststatus:\"PASSED\"},{coverage:0.864762, endtime:\"2019-05-14T20:08:37.955618+00:00\", events:\"True\", failedaction:<missing value>, groupid:1, hierarchyid:399, id:130, modelid:\"6cc7babe-c0d2-4b39-9283-263c96016f69\", modelname:\"Me\", runtype:\"normal\", scriptname:<missing value>, seed:653212, starttime:\"2019-05-14T20:07:15.778795+00:00\", step:0, suitename:<missing value>, testcase:<missing value>, testcaseid:<missing value>, testconfigtask:<missing value>, teststatus:\"PASSED\"},{coverage:0.791667, endtime:\"2019-05-14T20:11:24.871588+00:00\", events:\"True\", failedaction:<missing value>, groupid:1, hierarchyid:2026, id:131, modelid:\"14da4f39-b1f1-4ce4-8b33-b042af5da792\", modelname:\"111\", runtype:\"normal\", scriptname:<missing value>, seed:138198, starttime:\"2019-05-14T20:11:19.425418+00:00\", step:0, suitename:<missing value>, testcase:<missing value>, testcaseid:<missing value>, testconfigtask:<missing value>, teststatus:\"PASSED\"}], total_count:1313}",
      "timestamp" : "2022-07-08 14:03:11.548 -0600",
      "identifier" : "Log",
      "scriptName" : "ExecuteDAI_API\/GetRuns.script",
      "handlerLine" : 16
    },
    {
      "handlerName" : "on_executedai_api_getruns",
      "message" : "[{coverage:0.75, endtime:\"2019-02-11T17:21:08.349110+00:00\", events:\"True\", failedaction:<missing value>, groupid:1, hierarchyid:64, id:14, modelid:\"b1cd699a-6cb2-4f35-b8cb-b921116b895e\", modelname:\"123Test\", runtype:\"normal\", scriptname:<missing value>, seed:212736, starttime:\"2019-02-11T17:21:02.725264+00:00\", step:0, suitename:<missing value>, testcase:<missing value>, testcaseid:<missing value>, testconfigtask:<missing value>, teststatus:\"PASSED\"},{coverage:0.75, endtime:\"2019-02-11T17:21:16.533629+00:00\", events:\"True\", failedaction:<missing value>, groupid:1, hierarchyid:64, id:15, modelid:\"b1cd699a-6cb2-4f35-b8cb-b921116b895e\", modelname:\"123Test\", runtype:\"normal\", scriptname:<missing value>, seed:693197, starttime:\"2019-02-11T17:21:10.772548+00:00\", step:0, suitename:<missing value>, testcase:<missing value>, testcaseid:<missing value>, testconfigtask:<missing value>, teststatus:\"PASSED\"},{coverage:0.75, endtime:\"2019-02-11T17:21:24.225107+00:00\", events:\"True\", failedaction:<missing value>, groupid:1, hierarchyid:64, id:16, modelid:\"b1cd699a-6cb2-4f35-b8cb-b921116b895e\", modelname:\"123Test\", runtype:\"normal\", scriptname:<missing value>, seed:22857, starttime:\"2019-02-11T17:21:18.453374+00:00\", step:0, suitename:<missing value>, testcase:<missing value>, testcaseid:<missing value>, testconfigtask:<missing value>, teststatus:\"PASSED\"},{coverage:0.75, endtime:\"2019-02-11T17:21:31.825002+00:00\", events:\"True\", failedaction:<missing value>, groupid:1, hierarchyid:64, id:17, modelid:\"b1cd699a-6cb2-4f35-b8cb-b921116b895e\", modelname:\"123Test\", runtype:\"normal\", scriptname:<missing value>, seed:854516, starttime:\"2019-02-11T17:21:26.006961+00:00\", step:0, suitename:<missing value>, testcase:<missing value>, testcaseid:<missing value>, testconfigtask:<missing value>, teststatus:\"PASSED\"},{coverage:0.803571, endtime:\"2019-03-27T18:13:41.643647+00:00\", events:\"True\", failedaction:<missing value>, groupid:1, hierarchyid:110, id:18, modelid:\"a648be49-b9bd-44b2-ae49-d63952fba73d\", modelname:\"SAS_Pipeline\", runtype:\"normal\", scriptname:<missing value>, seed:312166, starttime:\"2019-03-27T18:13:08.922836+00:00\", step:0, suitename:<missing value>, testcase:<missing value>, testcaseid:<missing value>, testconfigtask:<missing value>, teststatus:\"PASSED\"},{coverage:0.916667, endtime:\"2019-03-27T18:14:58.036214+00:00\", events:\"True\", failedaction:<missing value>, groupid:1, hierarchyid:110, id:19, modelid:\"a648be49-b9bd-44b2-ae49-d63952fba73d\", modelname:\"SAS_Pipeline\", runtype:\"normal\", scriptname:<missing value>, seed:965173, starttime:\"2019-03-27T18:13:43.917852+00:00\", step:0, suitename:<missing value>, testcase:<missing value>, testcaseid:<missing value>, testconfigtask:<missing value>, teststatus:\"PASSED\"},{coverage:0.779762, endtime:\"2019-03-27T18:15:31.223104+00:00\", events:\"True\", failedaction:<missing value>, groupid:1, hierarchyid:110, id:20, modelid:\"a648be49-b9bd-44b2-ae49-d63952fba73d\", modelname:\"SAS_Pipeline\", runtype:\"normal\", scriptname:<missing value>, seed:244866, starttime:\"2019-03-27T18:15:00.779121+00:00\", step:0, suitename:<missing value>, testcase:<missing value>, testcaseid:<missing value>, testconfigtask:<missing value>, teststatus:\"PASSED\"},{coverage:0.641667, endtime:\"2019-03-27T18:15:52.826205+00:00\", events:\"True\", failedaction:<missing value>, groupid:1, hierarchyid:110, id:21, modelid:\"a648be49-b9bd-44b2-ae49-d63952fba73d\", modelname:\"SAS_Pipeline\", runtype:\"normal\", scriptname:<missing value>, seed:864410, starttime:\"2019-03-27T18:15:33.810250+00:00\", step:0, suitename:<missing value>, testcase:<missing value>, testcaseid:<missing value>, testconfigtask:<missing value>, teststatus:\"PASSED\"},{coverage:0.779762, endtime:\"2019-03-27T18:16:35.665581+00:00\", events:\"True\", failedaction:<missing value>, groupid:1, hierarchyid:110, id:22, modelid:\"a648be49-b9bd-44b2-ae49-d63952fba73d\", modelname:\"SAS_Pipeline\", runtype:\"normal\", scriptname:<missing value>, seed:403213, starttime:\"2019-03-27T18:15:55.490251+00:00\", step:0, suitename:<missing value>, testcase:<missing value>, testcaseid:<missing value>, testconfigtask:<missing value>, teststatus:\"PASSED\"},{coverage:0.63373, endtime:\"2019-03-27T18:25:15.070832+00:00\", events:\"True\", failedaction:<missing value>, groupid:1, hierarchyid:180, id:23, modelid:\"a648be49-b9bd-44b2-ae49-d63952fba73d\", modelname:\"SAS_Pipeline\", runtype:\"normal\", scriptname:<missing value>, seed:486513, starttime:\"2019-03-27T18:24:58.354324+00:00\", step:0, suitename:<missing value>, testcase:<missing value>, testcaseid:<missing value>, testconfigtask:<missing value>, teststatus:\"PASSED\"},{coverage:0.609325, endtime:\"2019-03-27T18:25:46.497521+00:00\", events:\"True\", failedaction:<missing value>, groupid:1, hierarchyid:180, id:24, modelid:\"a648be49-b9bd-44b2-ae49-d63952fba73d\", modelname:\"SAS_Pipeline\", runtype:\"normal\", scriptname:<missing value>, seed:989134, starttime:\"2019-03-27T18:25:17.883931+00:00\", step:0, suitename:<missing value>, testcase:<missing value>, testcaseid:<missing value>, testconfigtask:<missing value>, teststatus:\"CANCELLED\"},{coverage:0.65873, endtime:\"2019-03-27T18:28:21.871989+00:00\", events:\"True\", failedaction:<missing value>, groupid:1, hierarchyid:253, id:25, modelid:\"a648be49-b9bd-44b2-ae49-d63952fba73d\", modelname:\"SAS_Pipeline\", runtype:\"normal\", scriptname:<missing value>, seed:959230, starttime:\"2019-03-27T18:28:05.545815+00:00\", step:0, suitename:<missing value>, testcase:<missing value>, testcaseid:<missing value>, testconfigtask:<missing value>, teststatus:\"PASSED\"},{coverage:0.837302, endtime:\"2019-03-27T18:28:58.697340+00:00\", events:\"True\", failedaction:<missing value>, groupid:1, hierarchyid:253, id:26, modelid:\"a648be49-b9bd-44b2-ae49-d63952fba73d\", modelname:\"SAS_Pipeline\", runtype:\"normal\", scriptname:<missing value>, seed:625323, starttime:\"2019-03-27T18:28:24.128644+00:00\", step:0, suitename:<missing value>, testcase:<missing value>, testcaseid:<missing value>, testconfigtask:<missing value>, teststatus:\"PASSED\"},{coverage:0.679564, endtime:\"2019-03-27T18:29:19.719992+00:00\", events:\"True\", failedaction:<missing value>, groupid:1, hierarchyid:253, id:27, modelid:\"a648be49-b9bd-44b2-ae49-d63952fba73d\", modelname:\"SAS_Pipeline\", runtype:\"normal\", scriptname:<missing value>, seed:719637, starttime:\"2019-03-27T18:29:01.341114+00:00\", step:0, suitename:<missing value>, testcase:<missing value>, testcaseid:<missing value>, testconfigtask:<missing value>, teststatus:\"PASSED\"},{coverage:0.617063, endtime:\"2019-03-27T18:36:18.535888+00:00\", events:\"True\", failedaction:<missing value>, groupid:1, hierarchyid:323, id:28, modelid:\"a648be49-b9bd-44b2-ae49-d63952fba73d\", modelname:\"SAS_Pipeline\", runtype:\"normal\", scriptname:<missing value>, seed:251988, starttime:\"2019-03-27T18:36:02.787323+00:00\", step:0, suitename:<missing value>, testcase:<missing value>, testcaseid:<missing value>, testconfigtask:<missing value>, teststatus:\"PASSED\"},{coverage:0.724206, endtime:\"2019-03-27T18:36:44.725129+00:00\", events:\"True\", failedaction:<missing value>, groupid:1, hierarchyid:323, id:29, modelid:\"a648be49-b9bd-44b2-ae49-d63952fba73d\", modelname:\"SAS_Pipeline\", runtype:\"normal\", scriptname:<missing value>, seed:263652, starttime:\"2019-03-27T18:36:21.158719+00:00\", step:0, suitename:<missing value>, testcase:<missing value>, testcaseid:<missing value>, testconfigtask:<missing value>, teststatus:\"PASSED\"},{coverage:0.71627, endtime:\"2019-03-27T18:37:19.129111+00:00\", events:\"True\", failedaction:<missing value>, groupid:1, hierarchyid:323, id:30, modelid:\"a648be49-b9bd-44b2-ae49-d63952fba73d\", modelname:\"SAS_Pipeline\", runtype:\"normal\", scriptname:<missing value>, seed:127279, starttime:\"2019-03-27T18:36:48.406435+00:00\", step:0, suitename:<missing value>, testcase:<missing value>, testcaseid:<missing value>, testconfigtask:<missing value>, teststatus:\"PASSED\"},{coverage:0.813492, endtime:\"2019-03-27T18:38:18.684493+00:00\", events:\"True\", failedaction:<missing value>, groupid:1, hierarchyid:323, id:31, modelid:\"a648be49-b9bd-44b2-ae49-d63952fba73d\", modelname:\"SAS_Pipeline\", runtype:\"normal\", scriptname:<missing value>, seed:966772, starttime:\"2019-03-27T18:37:40.956281+00:00\", step:0, suitename:<missing value>, testcase:<missing value>, testcaseid:<missing value>, testconfigtask:<missing value>, teststatus:\"PASSED\"},{coverage:0.724206, endtime:\"2019-03-27T18:38:46.368081+00:00\", events:\"True\", failedaction:<missing value>, groupid:1, hierarchyid:323, id:32, modelid:\"a648be49-b9bd-44b2-ae49-d63952fba73d\", modelname:\"SAS_Pipeline\", runtype:\"normal\", scriptname:<missing value>, seed:624772, starttime:\"2019-03-27T18:38:21.799491+00:00\", step:0, suitename:<missing value>, testcase:<missing value>, testcaseid:<missing value>, testconfigtask:<missing value>, teststatus:\"PASSED\"},{coverage:0.840278, endtime:\"2019-03-27T18:39:32.113234+00:00\", events:\"True\", failedaction:<missing value>, groupid:1, hierarchyid:323, id:33, modelid:\"a648be49-b9bd-44b2-ae49-d63952fba73d\", modelname:\"SAS_Pipeline\", runtype:\"normal\", scriptname:<missing value>, seed:301973, starttime:\"2019-03-27T18:38:49.104206+00:00\", step:0, suitename:<missing value>, testcase:<missing value>, testcaseid:<missing value>, testconfigtask:<missing value>, teststatus:\"PASSED\"},{coverage:0.724921, endtime:\"2019-03-27T18:46:43.480093+00:00\", events:\"True\", failedaction:<missing value>, groupid:1, hierarchyid:399, id:34, modelid:\"6cc7babe-c0d2-4b39-9283-263c96016f69\", modelname:\"Me\", runtype:\"normal\", scriptname:<missing value>, seed:475054, starttime:\"2019-03-27T18:45:30.396976+00:00\", step:0, suitename:<missing value>, testcase:<missing value>, testcaseid:<missing value>, testconfigtask:<missing value>, teststatus:\"PASSED\"},{coverage:1, endtime:\"2019-04-09T17:24:04.684120+00:00\", events:\"True\", failedaction:<missing value>, groupid:1, hierarchyid:546, id:35, modelid:\"34c57fd4-59ab-4103-b113-02af4d64024c\", modelname:\"1231231\", runtype:\"normal\", scriptname:<missing value>, seed:256995, starttime:\"2019-04-09T17:24:02.799744+00:00\", step:0, suitename:<missing value>, testcase:<missing value>, testcaseid:<missing value>, testconfigtask:<missing value>, teststatus:\"PASSED\"},{coverage:1, endtime:\"2019-04-09T20:28:04.066433+00:00\", events:\"True\", failedaction:<missing value>, groupid:1, hierarchyid:546, id:36, modelid:\"34c57fd4-59ab-4103-b113-02af4d64024c\", modelname:\"1231231\", runtype:\"normal\", scriptname:<missing value>, seed:204572, starttime:\"2019-04-09T20:27:57.836873+00:00\", step:0, suitename:<missing value>, testcase:<missing value>, testcaseid:<missing value>, testconfigtask:<missing value>, teststatus:\"PASSED\"},{coverage:1, endtime:\"2019-04-10T19:07:03.253028+00:00\", events:\"True\", failedaction:<missing value>, groupid:1, hierarchyid:546, id:37, modelid:\"34c57fd4-59ab-4103-b113-02af4d64024c\", modelname:\"1231231\", runtype:\"normal\", scriptname:<missing value>, seed:50418, starttime:\"2019-04-10T19:06:57.323981+00:00\", step:0, suitename:<missing value>, testcase:<missing value>, testcaseid:<missing value>, testconfigtask:<missing value>, teststatus:\"PASSED\"},{coverage:0.554762, endtime:\"2019-04-12T16:34:21.900024+00:00\", events:\"True\", failedaction:<missing value>, groupid:1, hierarchyid:554, id:38, modelid:\"ecc81992-9e13-45d9-b64f-e3ca0a3445e8\", modelname:\"LesSwchabs\", runtype:\"normal\", scriptname:<missing value>, seed:679075, starttime:\"2019-04-12T16:34:03.178934+00:00\", step:0, suitename:<missing value>, testcase:<missing value>, testcaseid:<missing value>, testconfigtask:<missing value>, teststatus:\"PASSED\"},{coverage:0.975, endtime:\"2019-04-12T16:36:16.767217+00:00\", events:\"True\", failedaction:<missing value>, groupid:1, hierarchyid:554, id:39, modelid:\"ecc81992-9e13-45d9-b64f-e3ca0a3445e8\", modelname:\"LesSwchabs\", runtype:\"normal\", scriptname:<missing value>, seed:320528, starttime:\"2019-04-12T16:34:24.176285+00:00\", step:0, suitename:<missing value>, testcase:<missing value>, testcaseid:<missing value>, testconfigtask:<missing value>, teststatus:\"PASSED\"},{coverage:0.380357, endtime:\"2019-04-12T16:36:38.937384+00:00\", events:\"True\", failedaction:<missing value>, groupid:1, hierarchyid:554, id:40, modelid:\"ecc81992-9e13-45d9-b64f-e3ca0a3445e8\", modelname:\"LesSwchabs\", runtype:\"normal\", scriptname:<missing value>, seed:222296, starttime:\"2019-04-12T16:36:19.199800+00:00\", step:0, suitename:<missing value>, testcase:<missing value>, testcaseid:<missing value>, testconfigtask:<missing value>, teststatus:\"CANCELLED\"},{coverage:0.88125, endtime:\"2019-04-12T16:58:02.630284+00:00\", events:\"True\", failedaction:<missing value>, groupid:1, hierarchyid:629, id:41, modelid:\"cc5547f7-0cd0-453f-9cc6-a6af0d16205e\", modelname:\"lesschb2\", runtype:\"normal\", scriptname:<missing value>, seed:906705, starttime:\"2019-04-12T16:57:50.904343+00:00\", step:0, suitename:<missing value>, testcase:<missing value>, testcaseid:<missing value>, testconfigtask:<missing value>, teststatus:\"PASSED\"},{coverage:0.8625, endtime:\"2019-04-12T16:58:20.605550+00:00\", events:\"True\", failedaction:<missing value>, groupid:1, hierarchyid:629, id:42, modelid:\"cc5547f7-0cd0-453f-9cc6-a6af0d16205e\", modelname:\"lesschb2\", runtype:\"normal\", scriptname:<missing value>, seed:338997, starttime:\"2019-04-12T16:58:07.339822+00:00\", step:0, suitename:<missing value>, testcase:<missing value>, testcaseid:<missing value>, testconfigtask:<missing value>, teststatus:\"PASSED\"},{coverage:1, endtime:\"2019-04-17T17:23:53.636555+00:00\", events:\"True\", failedaction:<missing value>, groupid:1, hierarchyid:546, id:43, modelid:\"34c57fd4-59ab-4103-b113-02af4d64024c\", modelname:\"1231231\", runtype:\"normal\", scriptname:<missing value>, seed:64829, starttime:\"2019-04-17T17:23:51.714788+00:00\", step:0, suitename:<missing value>, testcase:<missing value>, testcaseid:<missing value>, testconfigtask:<missing value>, teststatus:\"PASSED\"},{coverage:1, endtime:\"2019-04-17T17:24:22.509579+00:00\", events:\"True\", failedaction:<missing value>, groupid:1, hierarchyid:546, id:44, modelid:\"34c57fd4-59ab-4103-b113-02af4d64024c\", modelname:\"1231231\", runtype:\"normal\", scriptname:<missing value>, seed:669338, starttime:\"2019-04-17T17:24:20.213173+00:00\", step:0, suitename:<missing value>, testcase:<missing value>, testcaseid:<missing value>, testconfigtask:<missing value>, teststatus:\"PASSED\"},{coverage:1, endtime:\"2019-04-17T17:24:49.340780+00:00\", events:\"True\", failedaction:<missing value>, groupid:1, hierarchyid:546, id:45, modelid:\"34c57fd4-59ab-4103-b113-02af4d64024c\", modelname:\"1231231\", runtype:\"normal\", scriptname:<missing value>, seed:807191, starttime:\"2019-04-17T17:24:37.771279+00:00\", step:0, suitename:<missing value>, testcase:<missing value>, testcaseid:<missing value>, testconfigtask:<missing value>, teststatus:\"PASSED\"},{coverage:1, endtime:\"2019-04-19T16:12:35.103394+00:00\", events:\"True\", failedaction:<missing value>, groupid:1, hierarchyid:546, id:46, modelid:\"34c57fd4-59ab-4103-b113-02af4d64024c\", modelname:\"1231231\", runtype:\"normal\", scriptname:<missing value>, seed:188057, starttime:\"2019-04-19T16:12:23.278696+00:00\", step:0, suitename:<missing value>, testcase:<missing value>, testcaseid:<missing value>, testconfigtask:<missing value>, teststatus:\"PASSED\"},{coverage:1, endtime:\"2019-04-19T16:24:54.665451+00:00\", events:\"True\", failedaction:<missing value>, groupid:1, hierarchyid:704, id:47, modelid:\"34c57fd4-59ab-4103-b113-02af4d64024c\", modelname:\"1231231\", runtype:\"normal\", scriptname:<missing value>, seed:278589, starttime:\"2019-04-19T16:24:53.037499+00:00\", step:0, suitename:<missing value>, testcase:<missing value>, testcaseid:<missing value>, testconfigtask:<missing value>, teststatus:\"PASSED\"},{coverage:1, endtime:\"2019-04-19T16:35:17.910152+00:00\", events:\"True\", failedaction:<missing value>, groupid:1, hierarchyid:704, id:48, modelid:\"34c57fd4-59ab-4103-b113-02af4d64024c\", modelname:\"1231231\", runtype:\"normal\", scriptname:<missing value>, seed:577467, starttime:\"2019-04-19T16:34:53.688488+00:00\", step:0, suitename:<missing value>, testcase:<missing value>, testcaseid:<missing value>, testconfigtask:<missing value>, teststatus:\"PASSED\"},{coverage:1, endtime:\"2019-04-23T19:33:18.516200+00:00\", events:\"True\", failedaction:<missing value>, groupid:1, hierarchyid:712, id:49, modelid:\"f1cb963c-915d-4150-a9f3-1e1f35958743\", modelname:\"12345\", runtype:\"normal\", scriptname:<missing value>, seed:91837, starttime:\"2019-04-23T19:33:14.665129+00:00\", step:0, suitename:<missing value>, testcase:<missing value>, testcaseid:<missing value>, testconfigtask:<missing value>, teststatus:\"PASSED\"},{coverage:0.666667, endtime:\"2019-04-23T19:39:38.380982+00:00\", events:\"True\", failedaction:<missing value>, groupid:1, hierarchyid:736, id:50, modelid:\"f1cb963c-915d-4150-a9f3-1e1f35958743\", modelname:\"12345\", runtype:\"normal\", scriptname:<missing value>, seed:70668, starttime:\"2019-04-23T19:39:24.439812+00:00\", step:0, suitename:<missing value>, testcase:<missing value>, testcaseid:<missing value>, testconfigtask:<missing value>, teststatus:\"PASSED\"},{coverage:0.722222, endtime:\"2019-04-23T19:39:57.324290+00:00\", events:\"True\", failedaction:<missing value>, groupid:1, hierarchyid:736, id:51, modelid:\"f1cb963c-915d-4150-a9f3-1e1f35958743\", modelname:\"12345\", runtype:\"normal\", scriptname:<missing value>, seed:837188, starttime:\"2019-04-23T19:39:40.434339+00:00\", step:0, suitename:<missing value>, testcase:<missing value>, testcaseid:<missing value>, testconfigtask:<missing value>, teststatus:\"PASSED\"},{coverage:0.833333, endtime:\"2019-04-24T14:21:12.035926+00:00\", events:\"True\", failedaction:<missing value>, groupid:1, hierarchyid:790, id:52, modelid:\"afc632bf-c0c7-4a14-b463-ac9af6f90e44\", modelname:\"SAP\", runtype:\"normal\", scriptname:<missing value>, seed:265062, starttime:\"2019-04-24T14:21:02.056335+00:00\", step:0, suitename:<missing value>, testcase:<missing value>, testcaseid:<missing value>, testconfigtask:<missing value>, teststatus:\"PASSED\"},{coverage:0.683333, endtime:\"2019-04-24T14:21:26.794284+00:00\", events:\"True\", failedaction:<missing value>, groupid:1, hierarchyid:790, id:53, modelid:\"afc632bf-c0c7-4a14-b463-ac9af6f90e44\", modelname:\"SAP\", runtype:\"normal\", scriptname:<missing value>, seed:890636, starttime:\"2019-04-24T14:21:16.570172+00:00\", step:0, suitename:<missing value>, testcase:<missing value>, testcaseid:<missing value>, testconfigtask:<missing value>, teststatus:\"PASSED\"},{coverage:0.75, endtime:\"2019-04-24T14:22:00.122097+00:00\", events:\"True\", failedaction:<missing value>, groupid:1, hierarchyid:790, id:54, modelid:\"afc632bf-c0c7-4a14-b463-ac9af6f90e44\", modelname:\"SAP\", runtype:\"normal\", scriptname:<missing value>, seed:194156, starttime:\"2019-04-24T14:21:45.700916+00:00\", step:0, suitename:<missing value>, testcase:<missing value>, testcaseid:<missing value>, testconfigtask:<missing value>, teststatus:\"PASSED\"},{coverage:0.944444, endtime:\"2019-04-24T14:45:13.317509+00:00\", events:\"True\", failedaction:<missing value>, groupid:1, hierarchyid:828, id:55, modelid:\"ecfeb9cf-84c0-47da-88bc-0bbd74d6c6f8\", modelname:\"SAP1\", runtype:\"normal\", scriptname:<missing value>, seed:562246, starttime:\"2019-04-24T14:45:09.144226+00:00\", step:0, suitename:<missing value>, testcase:<missing value>, testcaseid:<missing value>, testconfigtask:<missing value>, teststatus:\"PASSED\"},{coverage:0.925, endtime:\"2019-04-24T20:46:07.021734+00:00\", events:\"True\", failedaction:<missing value>, groupid:1, hierarchyid:945, id:74, modelid:\"50838f6f-d094-44ac-81d1-7a4f80d75ee1\", modelname:\"SalesForce\", runtype:\"normal\", scriptname:<missing value>, seed:106392, starttime:\"2019-04-24T20:46:02.632515+00:00\", step:0, suitename:<missing value>, testcase:<missing value>, testcaseid:<missing value>, testconfigtask:<missing value>, teststatus:\"PASSED\"},{coverage:1, endtime:\"2019-04-24T20:54:56.194090+00:00\", events:\"True\", failedaction:<missing value>, groupid:1, hierarchyid:945, id:75, modelid:\"50838f6f-d094-44ac-81d1-7a4f80d75ee1\", modelname:\"SalesForce\", runtype:\"normal\", scriptname:<missing value>, seed:957535, starttime:\"2019-04-24T20:46:34.512763+00:00\", step:0, suitename:<missing value>, testcase:<missing value>, testcaseid:<missing value>, testconfigtask:<missing value>, teststatus:\"PASSED\"},{coverage:0.944444, endtime:\"2019-04-24T21:17:01.105246+00:00\", events:\"True\", failedaction:<missing value>, groupid:1, hierarchyid:989, id:76, modelid:\"488879ed-8ce6-45bb-a733-07680bf09319\", modelname:\"SAPBase\", runtype:\"normal\", scriptname:<missing value>, seed:129404, starttime:\"2019-04-24T21:16:51.980221+00:00\", step:0, suitename:<missing value>, testcase:<missing value>, testcaseid:<missing value>, testconfigtask:<missing value>, teststatus:\"PASSED\"},{coverage:0.944444, endtime:\"2019-04-24T21:17:13.150614+00:00\", events:\"True\", failedaction:<missing value>, groupid:1, hierarchyid:989, id:77, modelid:\"488879ed-8ce6-45bb-a733-07680bf09319\", modelname:\"SAPBase\", runtype:\"normal\", scriptname:<missing value>, seed:798105, starttime:\"2019-04-24T21:17:03.181839+00:00\", step:0, suitename:<missing value>, testcase:<missing value>, testcaseid:<missing value>, testconfigtask:<missing value>, teststatus:\"PASSED\"},{coverage:0.861111, endtime:\"2019-04-24T21:19:48.829172+00:00\", events:\"True\", failedaction:<missing value>, groupid:1, hierarchyid:1020, id:78, modelid:\"488879ed-8ce6-45bb-a733-07680bf09319\", modelname:\"SAPBase\", runtype:\"normal\", scriptname:<missing value>, seed:25058, starttime:\"2019-04-24T21:19:39.216818+00:00\", step:0, suitename:<missing value>, testcase:<missing value>, testcaseid:<missing value>, testconfigtask:<missing value>, teststatus:\"PASSED\"},{coverage:0.861111, endtime:\"2019-04-24T21:20:00.885311+00:00\", events:\"True\", failedaction:<missing value>, groupid:1, hierarchyid:1020, id:79, modelid:\"488879ed-8ce6-45bb-a733-07680bf09319\", modelname:\"SAPBase\", runtype:\"normal\", scriptname:<missing value>, seed:196777, starttime:\"2019-04-24T21:19:50.751690+00:00\", step:0, suitename:<missing value>, testcase:<missing value>, testcaseid:<missing value>, testconfigtask:<missing value>, teststatus:\"PASSED\"},{coverage:0.861111, endtime:\"2019-04-24T21:20:13.230285+00:00\", events:\"True\", failedaction:<missing value>, groupid:1, hierarchyid:1020, id:80, modelid:\"488879ed-8ce6-45bb-a733-07680bf09319\", modelname:\"SAPBase\", runtype:\"normal\", scriptname:<missing value>, seed:809292, starttime:\"2019-04-24T21:20:03.040881+00:00\", step:0, suitename:<missing value>, testcase:<missing value>, testcaseid:<missing value>, testconfigtask:<missing value>, teststatus:\"PASSED\"},{coverage:0.861111, endtime:\"2019-04-24T21:20:26.274362+00:00\", events:\"True\", failedaction:<missing value>, groupid:1, hierarchyid:1020, id:81, modelid:\"488879ed-8ce6-45bb-a733-07680bf09319\", modelname:\"SAPBase\", runtype:\"normal\", scriptname:<missing value>, seed:269156, starttime:\"2019-04-24T21:20:15.326214+00:00\", step:0, suitename:<missing value>, testcase:<missing value>, testcaseid:<missing value>, testconfigtask:<missing value>, teststatus:\"PASSED\"},{coverage:0.383333, endtime:\"2019-04-24T21:38:14.169176+00:00\", events:\"True\", failedaction:<missing value>, groupid:1, hierarchyid:1057, id:82, modelid:\"afc632bf-c0c7-4a14-b463-ac9af6f90e44\", modelname:\"SAP\", runtype:\"normal\", scriptname:<missing value>, seed:510985, starttime:\"2019-04-24T21:38:01.964282+00:00\", step:0, suitename:<missing value>, testcase:<missing value>, testcaseid:<missing value>, testconfigtask:<missing value>, teststatus:\"PASSED\"},{coverage:0.545833, endtime:\"2019-04-24T21:38:38.087503+00:00\", events:\"True\", failedaction:<missing value>, groupid:1, hierarchyid:1057, id:83, modelid:\"afc632bf-c0c7-4a14-b463-ac9af6f90e44\", modelname:\"SAP\", runtype:\"normal\", scriptname:<missing value>, seed:120435, starttime:\"2019-04-24T21:38:18.604384+00:00\", step:0, suitename:<missing value>, testcase:<missing value>, testcaseid:<missing value>, testconfigtask:<missing value>, teststatus:\"PASSED\"},{coverage:0.908333, endtime:\"2019-04-24T21:39:57.866686+00:00\", events:\"True\", failedaction:<missing value>, groupid:1, hierarchyid:1057, id:84, modelid:\"afc632bf-c0c7-4a14-b463-ac9af6f90e44\", modelname:\"SAP\", runtype:\"normal\", scriptname:<missing value>, seed:533796, starttime:\"2019-04-24T21:38:42.071884+00:00\", step:0, suitename:<missing value>, testcase:<missing value>, testcaseid:<missing value>, testconfigtask:<missing value>, teststatus:\"PASSED\"},{coverage:0.725, endtime:\"2019-04-24T21:42:08.094801+00:00\", events:\"True\", failedaction:<missing value>, groupid:1, hierarchyid:945, id:85, modelid:\"50838f6f-d094-44ac-81d1-7a4f80d75ee1\", modelname:\"SalesForce\", runtype:\"normal\", scriptname:<missing value>, seed:22920, starttime:\"2019-04-24T21:41:22.065251+00:00\", step:0, suitename:<missing value>, testcase:<missing value>, testcaseid:<missing value>, testconfigtask:<missing value>, teststatus:\"PASSED\"},{coverage:0.791667, endtime:\"2019-04-24T21:45:41.131869+00:00\", events:\"True\", failedaction:<missing value>, groupid:1, hierarchyid:945, id:86, modelid:\"50838f6f-d094-44ac-81d1-7a4f80d75ee1\", modelname:\"SalesForce\", runtype:\"normal\", scriptname:<missing value>, seed:433485, starttime:\"2019-04-24T21:42:21.366112+00:00\", step:0, suitename:<missing value>, testcase:<missing value>, testcaseid:<missing value>, testconfigtask:<missing value>, teststatus:\"CANCELLED\"},{coverage:0.583333, endtime:\"2019-04-24T21:54:55.743990+00:00\", events:\"True\", failedaction:<missing value>, groupid:1, hierarchyid:945, id:87, modelid:\"50838f6f-d094-44ac-81d1-7a4f80d75ee1\", modelname:\"SalesForce\", runtype:\"normal\", scriptname:<missing value>, seed:590919, starttime:\"2019-04-24T21:52:52.214528+00:00\", step:0, suitename:<missing value>, testcase:<missing value>, testcaseid:<missing value>, testconfigtask:<missing value>, teststatus:\"CANCELLED\"},{coverage:0.833333, endtime:\"2019-05-03T14:39:33.759977+00:00\", events:\"True\", failedaction:<missing value>, groupid:1, hierarchyid:1143, id:88, modelid:\"5521561c-ae8f-4e2d-ad2d-3c9c3d6b1ca2\", modelname:\"Del\", runtype:\"normal\", scriptname:<missing value>, seed:53004, starttime:\"2019-05-03T14:39:20.364056+00:00\", step:0, suitename:<missing value>, testcase:<missing value>, testcaseid:<missing value>, testconfigtask:<missing value>, teststatus:\"PASSED\"},{coverage:0.833333, endtime:\"2019-05-03T14:39:54.717611+00:00\", events:\"True\", failedaction:<missing value>, groupid:1, hierarchyid:1143, id:89, modelid:\"5521561c-ae8f-4e2d-ad2d-3c9c3d6b1ca2\", modelname:\"Del\", runtype:\"normal\", scriptname:<missing value>, seed:553821, starttime:\"2019-05-03T14:39:41.569500+00:00\", step:0, suitename:<missing value>, testcase:<missing value>, testcaseid:<missing value>, testconfigtask:<missing value>, teststatus:\"PASSED\"},{coverage:0.75, endtime:\"2019-05-03T14:44:30.006416+00:00\", events:\"True\", failedaction:<missing value>, groupid:1, hierarchyid:1192, id:90, modelid:\"5521561c-ae8f-4e2d-ad2d-3c9c3d6b1ca2\", modelname:\"Del\", runtype:\"normal\", scriptname:<missing value>, seed:149115, starttime:\"2019-05-03T14:44:10.754255+00:00\", step:0, suitename:<missing value>, testcase:<missing value>, testcaseid:<missing value>, testconfigtask:<missing value>, teststatus:\"PASSED\"},{coverage:0.761905, endtime:\"2019-05-03T14:44:53.776136+00:00\", events:\"True\", failedaction:<missing value>, groupid:1, hierarchyid:1192, id:91, modelid:\"5521561c-ae8f-4e2d-ad2d-3c9c3d6b1ca2\", modelname:\"Del\", runtype:\"normal\", scriptname:<missing value>, seed:994257, starttime:\"2019-05-03T14:44:32.260716+00:00\", step:0, suitename:<missing value>, testcase:<missing value>, testcaseid:<missing value>, testconfigtask:<missing value>, teststatus:\"PASSED\"},{coverage:0.869048, endtime:\"2019-05-03T14:45:29.083000+00:00\", events:\"True\", failedaction:<missing value>, groupid:1, hierarchyid:1192, id:92, modelid:\"5521561c-ae8f-4e2d-ad2d-3c9c3d6b1ca2\", modelname:\"Del\", runtype:\"normal\", scriptname:<missing value>, seed:229775, starttime:\"2019-05-03T14:44:55.981891+00:00\", step:0, suitename:<missing value>, testcase:<missing value>, testcaseid:<missing value>, testconfigtask:<missing value>, teststatus:\"PASSED\"},{coverage:0.75, endtime:\"2019-05-03T14:45:51.704012+00:00\", events:\"True\", failedaction:<missing value>, groupid:1, hierarchyid:1192, id:93, modelid:\"5521561c-ae8f-4e2d-ad2d-3c9c3d6b1ca2\", modelname:\"Del\", runtype:\"normal\", scriptname:<missing value>, seed:830925, starttime:\"2019-05-03T14:45:31.151778+00:00\", step:0, suitename:<missing value>, testcase:<missing value>, testcaseid:<missing value>, testconfigtask:<missing value>, teststatus:\"PASSED\"},{coverage:0.75, endtime:\"2019-05-03T14:46:15.192546+00:00\", events:\"True\", failedaction:<missing value>, groupid:1, hierarchyid:1192, id:94, modelid:\"5521561c-ae8f-4e2d-ad2d-3c9c3d6b1ca2\", modelname:\"Del\", runtype:\"normal\", scriptname:<missing value>, seed:537423, starttime:\"2019-05-03T14:45:53.891092+00:00\", step:0, suitename:<missing value>, testcase:<missing value>, testcaseid:<missing value>, testconfigtask:<missing value>, teststatus:\"PASSED\"},{coverage:0.75, endtime:\"2019-05-03T14:59:26.019925+00:00\", events:\"True\", failedaction:<missing value>, groupid:1, hierarchyid:1192, id:95, modelid:\"5521561c-ae8f-4e2d-ad2d-3c9c3d6b1ca2\", modelname:\"Del\", runtype:\"normal\", scriptname:<missing value>, seed:365953, starttime:\"2019-05-03T14:59:06.169361+00:00\", step:0, suitename:<missing value>, testcase:<missing value>, testcaseid:<missing value>, testconfigtask:<missing value>, teststatus:\"PASSED\"},{coverage:0.904762, endtime:\"2019-05-03T15:00:07.716815+00:00\", events:\"True\", failedaction:<missing value>, groupid:1, hierarchyid:1192, id:96, modelid:\"5521561c-ae8f-4e2d-ad2d-3c9c3d6b1ca2\", modelname:\"Del\", runtype:\"normal\", scriptname:<missing value>, seed:182206, starttime:\"2019-05-03T14:59:28.554128+00:00\", step:0, suitename:<missing value>, testcase:<missing value>, testcaseid:<missing value>, testconfigtask:<missing value>, teststatus:\"PASSED\"},{coverage:0.869048, endtime:\"2019-05-03T15:00:50.499434+00:00\", events:\"True\", failedaction:<missing value>, groupid:1, hierarchyid:1192, id:97, modelid:\"5521561c-ae8f-4e2d-ad2d-3c9c3d6b1ca2\", modelname:\"Del\", runtype:\"normal\", scriptname:<missing value>, seed:307777, starttime:\"2019-05-03T15:00:10.042075+00:00\", step:0, suitename:<missing value>, testcase:<missing value>, testcaseid:<missing value>, testconfigtask:<missing value>, teststatus:\"PASSED\"},{coverage:0.75, endtime:\"2019-05-03T15:01:12.544202+00:00\", events:\"True\", failedaction:<missing value>, groupid:1, hierarchyid:1192, id:98, modelid:\"5521561c-ae8f-4e2d-ad2d-3c9c3d6b1ca2\", modelname:\"Del\", runtype:\"normal\", scriptname:<missing value>, seed:87240, starttime:\"2019-05-03T15:00:52.945000+00:00\", step:0, suitename:<missing value>, testcase:<missing value>, testcaseid:<missing value>, testconfigtask:<missing value>, teststatus:\"PASSED\"},{coverage:0.857143, endtime:\"2019-05-03T15:02:17.157777+00:00\", events:\"True\", failedaction:<missing value>, groupid:1, hierarchyid:1192, id:99, modelid:\"5521561c-ae8f-4e2d-ad2d-3c9c3d6b1ca2\", modelname:\"Del\", runtype:\"normal\", scriptname:<missing value>, seed:852234, starttime:\"2019-05-03T15:01:14.966863+00:00\", step:0, suitename:<missing value>, testcase:<missing value>, testcaseid:<missing value>, testconfigtask:<missing value>, teststatus:\"PASSED\"},{coverage:0.02381, endtime:\"2019-05-07T14:10:39.459543+00:00\", events:\"True\", failedaction:<missing value>, groupid:1, hierarchyid:1255, id:100, modelid:\"54dcd596-a060-42e1-8853-d38a8443c71a\", modelname:\"OpenEMR6\", runtype:\"normal\", scriptname:<missing value>, seed:404681, starttime:\"2019-05-07T14:10:20.195496+00:00\", step:0, suitename:<missing value>, testcase:<missing value>, testcaseid:<missing value>, testconfigtask:<missing value>, teststatus:\"CANCELLED\"},{coverage:0.263324, endtime:\"2019-05-07T14:11:15.341951+00:00\", events:\"True\", failedaction:<missing value>, groupid:1, hierarchyid:1255, id:101, modelid:\"54dcd596-a060-42e1-8853-d38a8443c71a\", modelname:\"OpenEMR6\", runtype:\"normal\", scriptname:<missing value>, seed:878562, starttime:\"2019-05-07T14:10:54.542950+00:00\", step:0, suitename:<missing value>, testcase:<missing value>, testcaseid:<missing value>, testconfigtask:<missing value>, teststatus:\"PASSED\"},{coverage:0.185714, endtime:\"2019-05-07T14:13:00.542620+00:00\", events:\"True\", failedaction:<missing value>, groupid:1, hierarchyid:1255, id:102, modelid:\"54dcd596-a060-42e1-8853-d38a8443c71a\", modelname:\"OpenEMR6\", runtype:\"normal\", scriptname:<missing value>, seed:30973, starttime:\"2019-05-07T14:11:34.983587+00:00\", step:0, suitename:<missing value>, testcase:<missing value>, testcaseid:<missing value>, testconfigtask:<missing value>, teststatus:\"PASSED\"},{coverage:0.436531, endtime:\"2019-05-07T14:17:40.061055+00:00\", events:\"True\", failedaction:<missing value>, groupid:1, hierarchyid:1255, id:103, modelid:\"54dcd596-a060-42e1-8853-d38a8443c71a\", modelname:\"OpenEMR6\", runtype:\"normal\", scriptname:<missing value>, seed:565803, starttime:\"2019-05-07T14:13:10.152913+00:00\", step:0, suitename:<missing value>, testcase:<missing value>, testcaseid:<missing value>, testconfigtask:<missing value>, teststatus:\"PASSED\"},{coverage:1, endtime:\"2019-05-08T13:48:29.035744+00:00\", events:\"True\", failedaction:<missing value>, groupid:1, hierarchyid:1462, id:104, modelid:\"3f56e131-e388-45b1-b9ac-a87676b0bac0\", modelname:\"222\", runtype:\"normal\", scriptname:<missing value>, seed:95627, starttime:\"2019-05-08T13:48:25.019954+00:00\", step:0, suitename:<missing value>, testcase:<missing value>, testcaseid:<missing value>, testconfigtask:<missing value>, teststatus:\"PASSED\"},{coverage:0.9, endtime:\"2019-05-08T13:50:29.021752+00:00\", events:\"True\", failedaction:<missing value>, groupid:1, hierarchyid:1490, id:105, modelid:\"3f56e131-e388-45b1-b9ac-a87676b0bac0\", modelname:\"222\", runtype:\"normal\", scriptname:<missing value>, seed:77765, starttime:\"2019-05-08T13:50:24.295619+00:00\", step:0, suitename:<missing value>, testcase:<missing value>, testcaseid:<missing value>, testconfigtask:<missing value>, teststatus:\"PASSED\"},{coverage:0.9, endtime:\"2019-05-08T13:50:39.268862+00:00\", events:\"True\", failedaction:<missing value>, groupid:1, hierarchyid:1490, id:106, modelid:\"3f56e131-e388-45b1-b9ac-a87676b0bac0\", modelname:\"222\", runtype:\"normal\", scriptname:<missing value>, seed:750191, starttime:\"2019-05-08T13:50:34.165146+00:00\", step:0, suitename:<missing value>, testcase:<missing value>, testcaseid:<missing value>, testconfigtask:<missing value>, teststatus:\"PASSED\"},{coverage:0.761111, endtime:\"2019-05-08T13:52:21.022828+00:00\", events:\"True\", failedaction:<missing value>, groupid:1, hierarchyid:1527, id:107, modelid:\"3f56e131-e388-45b1-b9ac-a87676b0bac0\", modelname:\"222\", runtype:\"normal\", scriptname:<missing value>, seed:819057, starttime:\"2019-05-08T13:52:15.469347+00:00\", step:0, suitename:<missing value>, testcase:<missing value>, testcaseid:<missing value>, testconfigtask:<missing value>, teststatus:\"PASSED\"},{coverage:0.376644, endtime:\"2019-05-08T13:54:43.935741+00:00\", events:\"True\", failedaction:<missing value>, groupid:1, hierarchyid:1573, id:108, modelid:\"9e42e76f-9cce-4c1a-bebd-75c958de28d9\", modelname:\"PatientJourney\", runtype:\"normal\", scriptname:<missing value>, seed:411978, starttime:\"2019-05-08T13:54:20.413974+00:00\", step:0, suitename:<missing value>, testcase:<missing value>, testcaseid:<missing value>, testconfigtask:<missing value>, teststatus:\"PASSED\"},{coverage:0.980215, endtime:\"2019-05-08T13:56:18.263110+00:00\", events:\"True\", failedaction:<missing value>, groupid:1, hierarchyid:1573, id:109, modelid:\"9e42e76f-9cce-4c1a-bebd-75c958de28d9\", modelname:\"PatientJourney\", runtype:\"normal\", scriptname:<missing value>, seed:476022, starttime:\"2019-05-08T13:54:53.866349+00:00\", step:0, suitename:<missing value>, testcase:<missing value>, testcaseid:<missing value>, testconfigtask:<missing value>, teststatus:\"PASSED\"},{coverage:0.713333, endtime:\"2019-05-08T17:29:05.738510+00:00\", events:\"True\", failedaction:<missing value>, groupid:1, hierarchyid:1712, id:110, modelid:\"f76777ed-d1e5-493f-961f-4883627ef6cf\", modelname:\"123\", runtype:\"normal\", scriptname:<missing value>, seed:697517, starttime:\"2019-05-08T17:28:56.721483+00:00\", step:0, suitename:<missing value>, testcase:<missing value>, testcaseid:<missing value>, testconfigtask:<missing value>, teststatus:\"PASSED\"},{coverage:0.713333, endtime:\"2019-05-08T17:29:18.158989+00:00\", events:\"True\", failedaction:<missing value>, groupid:1, hierarchyid:1712, id:111, modelid:\"f76777ed-d1e5-493f-961f-4883627ef6cf\", modelname:\"123\", runtype:\"normal\", scriptname:<missing value>, seed:304447, starttime:\"2019-05-08T17:29:09.118214+00:00\", step:0, suitename:<missing value>, testcase:<missing value>, testcaseid:<missing value>, testconfigtask:<missing value>, teststatus:\"PASSED\"},{coverage:0.709977, endtime:\"2019-05-08T17:31:26.370915+00:00\", events:\"True\", failedaction:<missing value>, groupid:1, hierarchyid:1573, id:112, modelid:\"9e42e76f-9cce-4c1a-bebd-75c958de28d9\", modelname:\"PatientJourney\", runtype:\"normal\", scriptname:<missing value>, seed:43196, starttime:\"2019-05-08T17:29:57.086193+00:00\", step:0, suitename:<missing value>, testcase:<missing value>, testcaseid:<missing value>, testconfigtask:<missing value>, teststatus:\"CANCELLED\"},{coverage:1, endtime:\"2019-05-09T14:55:32.143333+00:00\", events:\"True\", failedaction:<missing value>, groupid:1, hierarchyid:1753, id:113, modelid:\"4f0c7a66-01e6-430e-b812-7fb2a1f261de\", modelname:\"DEMOSuite\", runtype:\"normal\", scriptname:<missing value>, seed:173171, starttime:\"2019-05-09T14:55:19.801636+00:00\", step:0, suitename:<missing value>, testcase:<missing value>, testcaseid:<missing value>, testconfigtask:<missing value>, teststatus:\"PASSED\"},{coverage:1, endtime:\"2019-05-09T14:56:49.318099+00:00\", events:\"True\", failedaction:<missing value>, groupid:1, hierarchyid:1753, id:114, modelid:\"4f0c7a66-01e6-430e-b812-7fb2a1f261de\", modelname:\"DEMOSuite\", runtype:\"normal\", scriptname:<missing value>, seed:184430, starttime:\"2019-05-09T14:56:35.327357+00:00\", step:0, suitename:<missing value>, testcase:<missing value>, testcaseid:<missing value>, testconfigtask:<missing value>, teststatus:\"PASSED\"},{coverage:1, endtime:\"2019-05-09T14:57:31.459894+00:00\", events:\"True\", failedaction:<missing value>, groupid:1, hierarchyid:1753, id:115, modelid:\"4f0c7a66-01e6-430e-b812-7fb2a1f261de\", modelname:\"DEMOSuite\", runtype:\"normal\", scriptname:<missing value>, seed:911215, starttime:\"2019-05-09T14:57:17.822905+00:00\", step:0, suitename:<missing value>, testcase:<missing value>, testcaseid:<missing value>, testconfigtask:<missing value>, teststatus:\"PASSED\"},{coverage:1, endtime:\"2019-05-10T16:16:52.714064+00:00\", events:\"True\", failedaction:<missing value>, groupid:1, hierarchyid:1771, id:116, modelid:\"e475b61b-da87-4336-aa16-aeaf14ace9ba\", modelname:\"1234\", runtype:\"normal\", scriptname:<missing value>, seed:145577, starttime:\"2019-05-10T16:16:49.402105+00:00\", step:0, suitename:<missing value>, testcase:<missing value>, testcaseid:<missing value>, testconfigtask:<missing value>, teststatus:\"PASSED\"},{coverage:0.9, endtime:\"2019-05-10T16:19:08.304287+00:00\", events:\"True\", failedaction:<missing value>, groupid:1, hierarchyid:1794, id:117, modelid:\"e475b61b-da87-4336-aa16-aeaf14ace9ba\", modelname:\"1234\", runtype:\"normal\", scriptname:<missing value>, seed:210261, starttime:\"2019-05-10T16:19:00.445486+00:00\", step:0, suitename:<missing value>, testcase:<missing value>, testcaseid:<missing value>, testconfigtask:<missing value>, teststatus:\"PASSED\"},{coverage:0.9, endtime:\"2019-05-10T16:19:20.189602+00:00\", events:\"True\", failedaction:<missing value>, groupid:1, hierarchyid:1794, id:118, modelid:\"e475b61b-da87-4336-aa16-aeaf14ace9ba\", modelname:\"1234\", runtype:\"normal\", scriptname:<missing value>, seed:351134, starttime:\"2019-05-10T16:19:11.618250+00:00\", step:0, suitename:<missing value>, testcase:<missing value>, testcaseid:<missing value>, testconfigtask:<missing value>, teststatus:\"PASSED\"},{coverage:0.8, endtime:\"2019-05-10T16:21:47.611098+00:00\", events:\"True\", failedaction:<missing value>, groupid:1, hierarchyid:1823, id:119, modelid:\"e475b61b-da87-4336-aa16-aeaf14ace9ba\", modelname:\"1234\", runtype:\"normal\", scriptname:<missing value>, seed:625823, starttime:\"2019-05-10T16:21:39.169861+00:00\", step:0, suitename:<missing value>, testcase:<missing value>, testcaseid:<missing value>, testconfigtask:<missing value>, teststatus:\"PASSED\"},{coverage:0.8, endtime:\"2019-05-10T16:21:58.533375+00:00\", events:\"True\", failedaction:<missing value>, groupid:1, hierarchyid:1823, id:120, modelid:\"e475b61b-da87-4336-aa16-aeaf14ace9ba\", modelname:\"1234\", runtype:\"normal\", scriptname:<missing value>, seed:391088, starttime:\"2019-05-10T16:21:49.864741+00:00\", step:0, suitename:<missing value>, testcase:<missing value>, testcaseid:<missing value>, testconfigtask:<missing value>, teststatus:\"PASSED\"},{coverage:0.8, endtime:\"2019-05-10T16:22:09.707952+00:00\", events:\"True\", failedaction:<missing value>, groupid:1, hierarchyid:1823, id:121, modelid:\"e475b61b-da87-4336-aa16-aeaf14ace9ba\", modelname:\"1234\", runtype:\"normal\", scriptname:<missing value>, seed:7015, starttime:\"2019-05-10T16:22:00.709546+00:00\", step:0, suitename:<missing value>, testcase:<missing value>, testcaseid:<missing value>, testconfigtask:<missing value>, teststatus:\"PASSED\"},{coverage:0.821429, endtime:\"2019-05-10T16:34:46.450517+00:00\", events:\"True\", failedaction:<missing value>, groupid:1, hierarchyid:1858, id:122, modelid:\"6b3f4ad6-6315-41a0-8271-504ec7755e62\", modelname:\"1234A\", runtype:\"normal\", scriptname:<missing value>, seed:328611, starttime:\"2019-05-10T16:34:37.536538+00:00\", step:0, suitename:<missing value>, testcase:<missing value>, testcaseid:<missing value>, testconfigtask:<missing value>, teststatus:\"PASSED\"},{coverage:0.270498, endtime:\"2019-05-13T15:36:24.520848+00:00\", events:\"True\", failedaction:<missing value>, groupid:1, hierarchyid:1255, id:123, modelid:\"54dcd596-a060-42e1-8853-d38a8443c71a\", modelname:\"OpenEMR6\", runtype:\"normal\", scriptname:<missing value>, seed:806633, starttime:\"2019-05-13T15:34:41.055846+00:00\", step:0, suitename:<missing value>, testcase:<missing value>, testcaseid:<missing value>, testconfigtask:<missing value>, teststatus:\"PASSED\"},{coverage:0.185714, endtime:\"2019-05-13T15:45:29.042761+00:00\", events:\"True\", failedaction:<missing value>, groupid:1, hierarchyid:1255, id:124, modelid:\"54dcd596-a060-42e1-8853-d38a8443c71a\", modelname:\"OpenEMR6\", runtype:\"normal\", scriptname:<missing value>, seed:780864, starttime:\"2019-05-13T15:44:21.602779+00:00\", step:0, suitename:<missing value>, testcase:<missing value>, testcaseid:<missing value>, testconfigtask:<missing value>, teststatus:\"PASSED\"},{coverage:1, endtime:\"2019-05-13T16:42:14.175082+00:00\", events:\"True\", failedaction:<missing value>, groupid:1, hierarchyid:1918, id:125, modelid:\"79df1871-b667-4b4a-9a5d-6e3041e5fa1b\", modelname:\"123456\", runtype:\"normal\", scriptname:<missing value>, seed:541019, starttime:\"2019-05-13T16:42:10.385930+00:00\", step:0, suitename:<missing value>, testcase:<missing value>, testcaseid:<missing value>, testconfigtask:<missing value>, teststatus:\"PASSED\"},{coverage:0.916667, endtime:\"2019-05-13T16:43:46.445634+00:00\", events:\"True\", failedaction:<missing value>, groupid:1, hierarchyid:1946, id:126, modelid:\"79df1871-b667-4b4a-9a5d-6e3041e5fa1b\", modelname:\"123456\", runtype:\"normal\", scriptname:<missing value>, seed:351484, starttime:\"2019-05-13T16:43:36.851571+00:00\", step:0, suitename:<missing value>, testcase:<missing value>, testcaseid:<missing value>, testconfigtask:<missing value>, teststatus:\"PASSED\"},{coverage:0.916667, endtime:\"2019-05-13T16:43:59.256366+00:00\", events:\"True\", failedaction:<missing value>, groupid:1, hierarchyid:1946, id:127, modelid:\"79df1871-b667-4b4a-9a5d-6e3041e5fa1b\", modelname:\"123456\", runtype:\"normal\", scriptname:<missing value>, seed:102245, starttime:\"2019-05-13T16:43:49.389166+00:00\", step:0, suitename:<missing value>, testcase:<missing value>, testcaseid:<missing value>, testconfigtask:<missing value>, teststatus:\"PASSED\"},{coverage:0.75, endtime:\"2019-05-13T16:45:57.078747+00:00\", events:\"True\", failedaction:<missing value>, groupid:1, hierarchyid:1980, id:128, modelid:\"79df1871-b667-4b4a-9a5d-6e3041e5fa1b\", modelname:\"123456\", runtype:\"normal\", scriptname:<missing value>, seed:349719, starttime:\"2019-05-13T16:45:46.538867+00:00\", step:0, suitename:<missing value>, testcase:<missing value>, testcaseid:<missing value>, testconfigtask:<missing value>, teststatus:\"PASSED\"},{coverage:0.75, endtime:\"2019-05-13T16:46:10.877879+00:00\", events:\"True\", failedaction:<missing value>, groupid:1, hierarchyid:1980, id:129, modelid:\"79df1871-b667-4b4a-9a5d-6e3041e5fa1b\", modelname:\"123456\", runtype:\"normal\", scriptname:<missing value>, seed:976153, starttime:\"2019-05-13T16:45:59.967555+00:00\", step:0, suitename:<missing value>, testcase:<missing value>, testcaseid:<missing value>, testconfigtask:<missing value>, teststatus:\"PASSED\"},{coverage:0.864762, endtime:\"2019-05-14T20:08:37.955618+00:00\", events:\"True\", failedaction:<missing value>, groupid:1, hierarchyid:399, id:130, modelid:\"6cc7babe-c0d2-4b39-9283-263c96016f69\", modelname:\"Me\", runtype:\"normal\", scriptname:<missing value>, seed:653212, starttime:\"2019-05-14T20:07:15.778795+00:00\", step:0, suitename:<missing value>, testcase:<missing value>, testcaseid:<missing value>, testconfigtask:<missing value>, teststatus:\"PASSED\"},{coverage:0.791667, endtime:\"2019-05-14T20:11:24.871588+00:00\", events:\"True\", failedaction:<missing value>, groupid:1, hierarchyid:2026, id:131, modelid:\"14da4f39-b1f1-4ce4-8b33-b042af5da792\", modelname:\"111\", runtype:\"normal\", scriptname:<missing value>, seed:138198, starttime:\"2019-05-14T20:11:19.425418+00:00\", step:0, suitename:<missing value>, testcase:<missing value>, testcaseid:<missing value>, testconfigtask:<missing value>, teststatus:\"PASSED\"}]",
      "timestamp" : "2022-07-08 14:03:11.901 -0600",
      "identifier" : "Log",
      "scriptName" : "ExecuteDAI_API\/GetRuns.script",
      "handlerLine" : 21
    },
    {
      "identifier" : "EndTestCase",
      "message" : "(Duration:\"1.079399\", Errors:\"1\", Exceptions:\"0\", StartTime:\"2022-07-08 14:03:10 -0600\", Successes:\"1\", TestCase:\"ExecuteDAI_API\/GetRuns.script\", Warnings:\"0\")",
      "timestamp" : "2022-07-08 14:03:12.055 -0600"
    },
    {
      "identifier" : "FAILURE",
      "message" : "NSRangeException: *** -[__NSArrayM objectAtIndex:]: index 0 beyond bounds for empty array -- Execution Time 0:00:01 ExecuteDAI_API\/GetRuns.script",
      "timestamp" : "2022-07-08 14:03:12.065 -0600"
    }
  ],
  "createdTimestamp" : "2022-07-08 14:03:10.975 -0600"
}