{
  "entries" : [
    {
      "identifier" : "START",
      "message" : "Running Deploy\/ExcuteAModel.script",
      "timestamp" : "2021-07-28 09:58:53.926 -0600"
    },
    {
      "handlerName" : "on_getaccesstoken",
      "message" : "https:\/\/eval510.dai.eggplant.cloud\/ai\/auth",
      "timestamp" : "2021-07-28 09:58:54.026 -0600",
      "identifier" : "Log",
      "scriptName" : "",
      "handlerLine" : 6
    },
    {
      "handlerName" : "on_getaccesstoken",
      "message" : "Able to Access DAI Server",
      "timestamp" : "2021-07-28 09:58:54.696 -0600",
      "identifier" : "Log",
      "scriptName" : "",
      "handlerLine" : 13
    },
    {
      "handlerName" : "on_getmodels",
      "message" : "Grabbing information about Your Models",
      "timestamp" : "2021-07-28 09:58:54.711 -0600",
      "identifier" : "Log",
      "scriptName" : "",
      "handlerLine" : 2
    },
    {
      "handlerName" : "on_deploy_excuteamodel",
      "message" : "[{coverage:0.9375, endtime:\"2021-05-24T21:05:43.421807+00:00\", events:\"True\", failedaction:<missing value>, groupid:15, hierarchyid:33986, id:3228, logfile:\"\", modelname:\"123\", runtype:\"normal\", scriptname:<missing value>, seed:674914, starttime:\"2021-05-24T21:05:39.512613+00:00\", step:0, suitename:<missing value>, testcase:\"\", testconfigtask:{:}, teststatus:\"PASSED\", usedtests:\"\"},{coverage:0.1875, endtime:\"2021-05-24T21:16:35.889436+00:00\", events:\"True\", failedaction:<missing value>, groupid:15, hierarchyid:33986, id:3229, logfile:\"\", modelname:\"123\", runtype:\"normal\", scriptname:<missing value>, seed:708285, starttime:\"2021-05-24T21:06:35.740919+00:00\", step:0, suitename:<missing value>, testcase:\"\", testconfigtask:{:}, teststatus:\"CANCELLED\", usedtests:\"3228\"},{coverage:0.875, endtime:\"2021-05-24T21:06:58.770073+00:00\", events:\"True\", failedaction:<missing value>, groupid:15, hierarchyid:33986, id:3230, logfile:\"\", modelname:\"123\", runtype:\"normal\", scriptname:<missing value>, seed:718807, starttime:\"2021-05-24T21:06:50.293021+00:00\", step:0, suitename:<missing value>, testcase:\"\", testconfigtask:{:}, teststatus:\"PASSED\", usedtests:\"3228\"}]",
      "timestamp" : "2021-07-28 09:58:57.729 -0600",
      "identifier" : "Log",
      "scriptName" : "Deploy\/ExcuteAModel.script",
      "handlerLine" : 24
    },
    {
      "identifier" : "EndTestCase",
      "message" : "(Duration:\"3.991018\", Errors:\"0\", Exceptions:\"0\", StartTime:\"2021-07-28 09:58:53 -0600\", Successes:\"1\", TestCase:\"Deploy\/ExcuteAModel.script\", Warnings:\"0\")",
      "timestamp" : "2021-07-28 09:58:57.919 -0600"
    },
    {
      "identifier" : "SUCCESS",
      "message" : "Execution Time 0:00:03 Deploy\/ExcuteAModel.script",
      "timestamp" : "2021-07-28 09:58:57.924 -0600"
    }
  ],
  "createdTimestamp" : "2021-07-28 09:58:53.927 -0600"
}