{
  "entries" : [
    {
      "identifier" : "START",
      "message" : "Running Untitled.script",
      "timestamp" : "2022-07-19 18:46:02.801 -0600"
    },
    {
      "handlerName" : "on_untitled",
      "message" : "2021-04-21T21:32:30.592Z",
      "timestamp" : "2022-07-19 18:46:02.848 -0600",
      "identifier" : "Log",
      "scriptName" : "Untitled.script",
      "handlerLine" : 1
    },
    {
      "handlerName" : "on_untitled",
      "message" : "2022-07-19T12:00:00",
      "timestamp" : "2022-07-19 18:46:02.850 -0600",
      "identifier" : "Log",
      "scriptName" : "Untitled.script",
      "handlerLine" : 4
    },
    {
      "identifier" : "EndTestCase",
      "message" : "(Duration:\"0.173074\", Errors:\"0\", Exceptions:\"0\", StartTime:\"2022-07-19 18:46:02 -0600\", Successes:\"1\", TestCase:\"Untitled.script\", Warnings:\"0\")",
      "timestamp" : "2022-07-19 18:46:02.976 -0600"
    },
    {
      "identifier" : "SUCCESS",
      "message" : "Execution Time 0:00:00 Untitled.script",
      "timestamp" : "2022-07-19 18:46:02.988 -0600"
    }
  ],
  "createdTimestamp" : "2022-07-19 18:46:02.802 -0600"
}