{
  "entries" : [
    {
      "identifier" : "START",
      "message" : "Running Sratch.script",
      "timestamp" : "2021-08-23 10:51:42.572 -0600"
    },
    {
      "handlerName" : "on_sratch",
      "message" : "Validation Warning: Missing HTTP.",
      "timestamp" : "2021-08-23 10:51:42.651 -0600",
      "identifier" : "LogWarning",
      "scriptName" : "Sratch.script",
      "handlerLine" : 3
    },
    {
      "identifier" : "LogError",
      "message" : "A server with the specified hostname could not be found.",
      "timestamp" : "2021-08-23 10:51:42.797 -0600"
    },
    {
      "handlerName" : "on_sratch",
      "message" : "{authenticationtype:\"None\", httpmethod:\"GET\", mimeType:\"\", oauthToken:\"\", password:\"*********\", requestbody:\"\", requestbodyformat:\"Form Url Encoded\", requestheaders:{Authorization:\"bearer \", @\"Content-Type\":\"application\/x-www-form-urlencoded\"}, responseBody:\"\", responseCookies:{:}, responseHeaders:{:}, responseTime:0.109587, statusCode:0, url:\"URL\", username:\"\"}",
      "timestamp" : "2021-08-23 10:51:42.823 -0600",
      "identifier" : "Log",
      "scriptName" : "Sratch.script",
      "handlerLine" : 5
    },
    {
      "identifier" : "EndTestCase",
      "message" : "(Duration:\"0.364016\", Errors:\"1\", Exceptions:\"0\", StartTime:\"2021-08-23 10:51:42 -0600\", Successes:\"0\", TestCase:\"Sratch.script\", Warnings:\"1\")",
      "timestamp" : "2021-08-23 10:51:42.940 -0600"
    },
    {
      "identifier" : "FAILURE",
      "message" : "Script Error: Number of Errors logged: 1 -- Execution Time 0:00:00 Sratch.script",
      "timestamp" : "2021-08-23 10:51:42.947 -0600"
    }
  ],
  "createdTimestamp" : "2021-08-23 10:51:42.575 -0600"
}