﻿Date Run,Status,Time,# of Errors,# of Warnings,# of Exceptions,Log File,Return Value,Error Message,# of Successes
2021-09-01 13:28:21.595 -0600,"Success",0:00:04,0,0,0,"20210901_132821.595/LogFile.txt","","",1
2021-09-15 22:57:57.783 -0600,"Success",0:00:04,0,0,0,"20210915_225757.783/LogFile.txt","","",1
2021-09-15 23:09:50.790 -0600,"Success",0:00:04,0,0,0,"20210915_230950.790/LogFile.txt","","",1
2021-09-15 23:10:30.182 -0600,"Failure",0:00:01,1,0,0,"20210915_231030.182/LogFile.txt","","Invalid JSON -- Can't get value of JSON expression '<!DOCTYPE HTML PUBLIC ""-//W3C//DTD HTML 3.2 Final//EN"">⏎<title>404 Not Found</title>⏎<h1>Not Foun...' (reason: Invalid value around character 0.)",0
2021-09-15 23:11:04.103 -0600,"Success",0:00:01,0,0,0,"20210915_231104.103/LogFile.txt","","",1
2021-09-15 23:11:14.461 -0600,"Success",0:00:01,0,0,0,"20210915_231114.461/LogFile.txt","","",1
2021-09-15 23:11:50.063 -0600,"Success",0:00:02,0,0,0,"20210915_231150.063/LogFile.txt","","",1
2021-09-15 23:14:00.313 -0600,"Success",0:00:02,0,0,0,"20210915_231400.313/LogFile.txt","","",1
2021-10-07 12:49:35.136 -0600,"Success",0:00:02,0,0,0,"20211007_124935.136/LogFile.txt","","",1
