﻿<?xml version="1.0" encoding="UTF-8" ?>
<runHistory script="Deploy/GrabLogs">
 <run>
  <RunDate>2021-09-01 13:28:21.595 -0600</RunDate>
  <Status>Success</Status>
  <Duration>4.712833</Duration>
  <Errors>0</Errors>
  <Warnings>0</Warnings>
  <Exceptions>0</Exceptions>
  <Successes>1</Successes>
  <LogFile>20210901_132821.595/LogFile.txt</LogFile>
  <ReturnValue></ReturnValue>
  <ErrorMessage></ErrorMessage>
 </run>
 <run>
  <RunDate>2021-09-15 22:57:57.783 -0600</RunDate>
  <Status>Success</Status>
  <Duration>4.352139</Duration>
  <Errors>0</Errors>
  <Warnings>0</Warnings>
  <Exceptions>0</Exceptions>
  <Successes>1</Successes>
  <LogFile>20210915_225757.783/LogFile.txt</LogFile>
  <ReturnValue></ReturnValue>
  <ErrorMessage></ErrorMessage>
 </run>
 <run>
  <RunDate>2021-09-15 23:09:50.790 -0600</RunDate>
  <Status>Success</Status>
  <Duration>4.368048</Duration>
  <Errors>0</Errors>
  <Warnings>0</Warnings>
  <Exceptions>0</Exceptions>
  <Successes>1</Successes>
  <LogFile>20210915_230950.790/LogFile.txt</LogFile>
  <ReturnValue></ReturnValue>
  <ErrorMessage></ErrorMessage>
 </run>
 <run>
  <RunDate>2021-09-15 23:10:30.182 -0600</RunDate>
  <Status>Failure</Status>
  <Duration>1.723049</Duration>
  <Errors>1</Errors>
  <Warnings>0</Warnings>
  <Exceptions>0</Exceptions>
  <Successes>0</Successes>
  <LogFile>20210915_231030.182/LogFile.txt</LogFile>
  <ReturnValue></ReturnValue>
  <ErrorMessage>Invalid JSON -- Can&#x27;t get value of JSON expression &#x27;&lt;!DOCTYPE HTML PUBLIC &quot;-//W3C//DTD HTML 3.2 Final//EN&quot;&gt;⏎&lt;title&gt;404 Not Found&lt;/title&gt;⏎&lt;h1&gt;Not Foun...&#x27; (reason: Invalid value around character 0.)</ErrorMessage>
 </run>
 <run>
  <RunDate>2021-09-15 23:11:04.103 -0600</RunDate>
  <Status>Success</Status>
  <Duration>1.155477</Duration>
  <Errors>0</Errors>
  <Warnings>0</Warnings>
  <Exceptions>0</Exceptions>
  <Successes>1</Successes>
  <LogFile>20210915_231104.103/LogFile.txt</LogFile>
  <ReturnValue></ReturnValue>
  <ErrorMessage></ErrorMessage>
 </run>
 <run>
  <RunDate>2021-09-15 23:11:14.461 -0600</RunDate>
  <Status>Success</Status>
  <Duration>1.243409</Duration>
  <Errors>0</Errors>
  <Warnings>0</Warnings>
  <Exceptions>0</Exceptions>
  <Successes>1</Successes>
  <LogFile>20210915_231114.461/LogFile.txt</LogFile>
  <ReturnValue></ReturnValue>
  <ErrorMessage></ErrorMessage>
 </run>
 <run>
  <RunDate>2021-09-15 23:11:50.063 -0600</RunDate>
  <Status>Success</Status>
  <Duration>2.194027</Duration>
  <Errors>0</Errors>
  <Warnings>0</Warnings>
  <Exceptions>0</Exceptions>
  <Successes>1</Successes>
  <LogFile>20210915_231150.063/LogFile.txt</LogFile>
  <ReturnValue></ReturnValue>
  <ErrorMessage></ErrorMessage>
 </run>
 <run>
  <RunDate>2021-09-15 23:14:00.313 -0600</RunDate>
  <Status>Success</Status>
  <Duration>2.107290</Duration>
  <Errors>0</Errors>
  <Warnings>0</Warnings>
  <Exceptions>0</Exceptions>
  <Successes>1</Successes>
  <LogFile>20210915_231400.313/LogFile.txt</LogFile>
  <ReturnValue></ReturnValue>
  <ErrorMessage></ErrorMessage>
 </run>
 <run>
  <RunDate>2021-10-07 12:49:35.136 -0600</RunDate>
  <Status>Success</Status>
  <Duration>2.368951</Duration>
  <Errors>0</Errors>
  <Warnings>0</Warnings>
  <Exceptions>0</Exceptions>
  <Successes>1</Successes>
  <LogFile>20211007_124935.136/LogFile.txt</LogFile>
  <ReturnValue></ReturnValue>
  <ErrorMessage></ErrorMessage>
 </run>
</runHistory>
