{
  "entries" : [
    {
      "identifier" : "START",
      "message" : "Running ExecuteDAI_API\/SampleGrabLogs.script",
      "timestamp" : "2022-06-03 11:31:38.547 -0600"
    },
    {
      "handlerName" : "on_setaccesstoken",
      "message" : "Able to Access DAI Server, and grab a access token",
      "timestamp" : "2022-06-03 11:31:38.808 -0600",
      "identifier" : "LogSuccess",
      "scriptName" : "",
      "handlerLine" : 13
    },
    {
      "identifier" : "EndTestCase",
      "message" : "(Duration:\"0.504971\", Errors:\"1\", Exceptions:\"0\", StartTime:\"2022-06-03 11:31:38 -0600\", Successes:\"1\", TestCase:\"ExecuteDAI_API\/SampleGrabLogs.script\", Warnings:\"0\")",
      "timestamp" : "2022-06-03 11:31:39.054 -0600"
    },
    {
      "identifier" : "FAILURE",
      "message" : "Invalid JSON: Can't get value of JSON expression -- Execution Time 0:00:00 ExecuteDAI_API\/SampleGrabLogs.script",
      "timestamp" : "2022-06-03 11:31:39.067 -0600"
    }
  ],
  "createdTimestamp" : "2022-06-03 11:31:38.548 -0600"
}