{
  "entries" : [
    {
      "identifier" : "START",
      "message" : "Running Execute DAI API\/GetRuns.script",
      "timestamp" : "2022-07-20 10:28:51.317 -0600"
    },
    {
      "handlerName" : "on_setaccesstoken",
      "message" : "Able to Access DAI Server, and grab a access token",
      "timestamp" : "2022-07-20 10:28:51.934 -0600",
      "identifier" : "LogSuccess",
      "scriptName" : "",
      "handlerLine" : 13
    },
    {
      "handlerName" : "on_execute_dai_api_getruns",
      "message" : "[{coverage:0, endtime:\"2022-06-03T12:01:24.788253+00:00\", events:\"False\", failedaction:<missing value>, groupid:0, hierarchyid:0, id:1374, modelid:<missing value>, modelname:<missing value>, runtype:\"script\", scriptname:\"Main.script\", seed:0, starttime:\"2022-06-03T12:01:00.281314+00:00\", step:0, suitename:\"SimpleChromeTest.suite\", testcase:\"\", testcaseid:<missing value>, testconfigtask:{locked_suts:[{connections:[{color_depth:<missing value>, connection_type:\"RDP\", height:1080, host:\"ec2-18-216-243-240.us-east-2.compute.amazonaws.com\", password:\"l2ABsUG9DK78aQUZ-ZGg3q&@QsC)AMS8\", port:3389, username:\"Administrator\", width:1920}], criteria:[], description:\"\", enabled:\"True\", execution_environments:[], id:\"bd5feafc-0d67-4b78-ac42-72ef234b9b93\", lock:{execution_id:\"be9287f1-239a-4a01-8620-6daa785daae4\", reason:\"test-config-executing\", start_time:\"2022-06-03T12:01:00.108961+00:00\", user:\"service-account-client:dai:s2s:execution\"}, name:\"RandyAWS SUT\"}], task_instance_id:\"be9287f1-239a-4a01-8620-6daa785daae4\", test_config:{asset_id:\"96ae7624-843b-4fe2-9cae-a6718f068eb3\", created:\"2022-06-03T04:26:58.684867+00:00\", description:\"\", enabled:\"True\", environment_type:\"local\", id:\"c253a9bd-f51c-484c-9839-69370bd09023\", model_name:<missing value>, model_tag_id:<missing value>, model_uuid:<missing value>, name:\"AWS Test Config\", owner:\"rhesse\", steps:[{script_localpath:\"Main.script\", step_type:\"script_type\", stop_on_failure:\"False\"}], suts:[{criteria:[], is_hosted:\"False\", sut_id:\"bd5feafc-0d67-4b78-ac42-72ef234b9b93\"}], tags:[], updated:\"2022-06-03T04:26:58.684867+00:00\"}, test_config_id:\"c253a9bd-f51c-484c-9839-69370bd09023\", test_config_name:\"AWS Test Config\"}, teststatus:\"FAILED\"},{coverage:0, endtime:\"2022-06-03T12:11:35.240546+00:00\", events:\"False\", failedaction:<missing value>, groupid:0, hierarchyid:0, id:1375, modelid:<missing value>, modelname:<missing value>, runtype:\"script\", scriptname:\"Main.script\", seed:0, starttime:\"2022-06-03T12:11:00.280821+00:00\", step:0, suitename:\"SimpleChromeTest.suite\", testcase:\"\", testcaseid:<missing value>, testconfigtask:{locked_suts:[{connections:[{color_depth:<missing value>, connection_type:\"RDP\", height:1080, host:\"ec2-18-216-243-240.us-east-2.compute.amazonaws.com\", password:\"l2ABsUG9DK78aQUZ-ZGg3q&@QsC)AMS8\", port:3389, username:\"Administrator\", width:1920}], criteria:[], description:\"\", enabled:\"True\", execution_environments:[], id:\"bd5feafc-0d67-4b78-ac42-72ef234b9b93\", lock:{execution_id:\"72180a33-b25e-4a46-9c96-7139cad6bb10\", reason:\"test-config-executing\", start_time:\"2022-06-03T12:11:00.119272+00:00\", user:\"service-account-client:dai:s2s:execution\"}, name:\"RandyAWS SUT\"}], task_instance_id:\"72180a33-b25e-4a46-9c96-7139cad6bb10\", test_config:{asset_id:\"96ae7624-843b-4fe2-9cae-a6718f068eb3\", created:\"2022-06-03T04:26:58.684867+00:00\", description:\"\", enabled:\"True\", environment_type:\"local\", id:\"c253a9bd-f51c-484c-9839-69370bd09023\", model_name:<missing value>, model_tag_id:<missing value>, model_uuid:<missing value>, name:\"AWS Test Config\", owner:\"rhesse\", steps:[{script_localpath:\"Main.script\", step_type:\"script_type\", stop_on_failure:\"False\"}], suts:[{criteria:[], is_hosted:\"False\", sut_id:\"bd5feafc-0d67-4b78-ac42-72ef234b9b93\"}], tags:[], updated:\"2022-06-03T04:26:58.684867+00:00\"}, test_config_id:\"c253a9bd-f51c-484c-9839-69370bd09023\", test_config_name:\"AWS Test Config\"}, teststatus:\"FAILED\"},{coverage:0, endtime:\"2022-06-03T12:21:20.635696+00:00\", events:\"False\", failedaction:<missing value>, groupid:0, hierarchyid:0, id:1376, modelid:<missing value>, modelname:<missing value>, runtype:\"script\", scriptname:\"Main.script\", seed:0, starttime:\"2022-06-03T12:21:00.281605+00:00\", step:0, suitename:\"SimpleChromeTest.suite\", testcase:\"\", testcaseid:<missing value>, testconfigtask:{locked_suts:[{connections:[{color_depth:<missing value>, connection_type:\"RDP\", height:1080, host:\"ec2-18-216-243-240.us-east-2.compute.amazonaws.com\", password:\"l2ABsUG9DK78aQUZ-ZGg3q&@QsC)AMS8\", port:3389, username:\"Administrator\", width:1920}], criteria:[], description:\"\", enabled:\"True\", execution_environments:[], id:\"bd5feafc-0d67-4b78-ac42-72ef234b9b93\", lock:{execution_id:\"bff5d4df-d3b0-48ce-a071-7e99b79a1736\", reason:\"test-config-executing\", start_time:\"2022-06-03T12:21:00.100356+00:00\", user:\"service-account-client:dai:s2s:execution\"}, name:\"RandyAWS SUT\"}], task_instance_id:\"bff5d4df-d3b0-48ce-a071-7e99b79a1736\", test_config:{asset_id:\"96ae7624-843b-4fe2-9cae-a6718f068eb3\", created:\"2022-06-03T04:26:58.684867+00:00\", description:\"\", enabled:\"True\", environment_type:\"local\", id:\"c253a9bd-f51c-484c-9839-69370bd09023\", model_name:<missing value>, model_tag_id:<missing value>, model_uuid:<missing value>, name:\"AWS Test Config\", owner:\"rhesse\", steps:[{script_localpath:\"Main.script\", step_type:\"script_type\", stop_on_failure:\"False\"}], suts:[{criteria:[], is_hosted:\"False\", sut_id:\"bd5feafc-0d67-4b78-ac42-72ef234b9b93\"}], tags:[], updated:\"2022-06-03T04:26:58.684867+00:00\"}, test_config_id:\"c253a9bd-f51c-484c-9839-69370bd09023\", test_config_name:\"AWS Test Config\"}, teststatus:\"FAILED\"},{coverage:0, endtime:\"2022-06-03T12:31:20.412835+00:00\", events:\"False\", failedaction:<missing value>, groupid:0, hierarchyid:0, id:1377, modelid:<missing value>, modelname:<missing value>, runtype:\"script\", scriptname:\"Main.script\", seed:0, starttime:\"2022-06-03T12:31:00.290739+00:00\", step:0, suitename:\"SimpleChromeTest.suite\", testcase:\"\", testcaseid:<missing value>, testconfigtask:{locked_suts:[{connections:[{color_depth:<missing value>, connection_type:\"RDP\", height:1080, host:\"ec2-18-216-243-240.us-east-2.compute.amazonaws.com\", password:\"l2ABsUG9DK78aQUZ-ZGg3q&@QsC)AMS8\", port:3389, username:\"Administrator\", width:1920}], criteria:[], description:\"\", enabled:\"True\", execution_environments:[], id:\"bd5feafc-0d67-4b78-ac42-72ef234b9b93\", lock:{execution_id:\"5240b056-d174-454d-b68a-5f4f7396e741\", reason:\"test-config-executing\", start_time:\"2022-06-03T12:31:00.103102+00:00\", user:\"service-account-client:dai:s2s:execution\"}, name:\"RandyAWS SUT\"}], task_instance_id:\"5240b056-d174-454d-b68a-5f4f7396e741\", test_config:{asset_id:\"96ae7624-843b-4fe2-9cae-a6718f068eb3\", created:\"2022-06-03T04:26:58.684867+00:00\", description:\"\", enabled:\"True\", environment_type:\"local\", id:\"c253a9bd-f51c-484c-9839-69370bd09023\", model_name:<missing value>, model_tag_id:<missing value>, model_uuid:<missing value>, name:\"AWS Test Config\", owner:\"rhesse\", steps:[{script_localpath:\"Main.script\", step_type:\"script_type\", stop_on_failure:\"False\"}], suts:[{criteria:[], is_hosted:\"False\", sut_id:\"bd5feafc-0d67-4b78-ac42-72ef234b9b93\"}], tags:[], updated:\"2022-06-03T04:26:58.684867+00:00\"}, test_config_id:\"c253a9bd-f51c-484c-9839-69370bd09023\", test_config_name:\"AWS Test Config\"}, teststatus:\"FAILED\"},{coverage:0, endtime:\"2022-06-03T12:41:20.577539+00:00\", events:\"False\", failedaction:<missing value>, groupid:0, hierarchyid:0, id:1378, modelid:<missing value>, modelname:<missing value>, runtype:\"script\", scriptname:\"Main.script\", seed:0, starttime:\"2022-06-03T12:41:00.269530+00:00\", step:0, suitename:\"SimpleChromeTest.suite\", testcase:\"\", testcaseid:<missing value>, testconfigtask:{locked_suts:[{connections:[{color_depth:<missing value>, connection_type:\"RDP\", height:1080, host:\"ec2-18-216-243-240.us-east-2.compute.amazonaws.com\", password:\"l2ABsUG9DK78aQUZ-ZGg3q&@QsC)AMS8\", port:3389, username:\"Administrator\", width:1920}], criteria:[], description:\"\", enabled:\"True\", execution_environments:[], id:\"bd5feafc-0d67-4b78-ac42-72ef234b9b93\", lock:{execution_id:\"57de7adc-a45a-4dda-960d-e786a3b11959\", reason:\"test-config-executing\", start_time:\"2022-06-03T12:41:00.110332+00:00\", user:\"service-account-client:dai:s2s:execution\"}, name:\"RandyAWS SUT\"}], task_instance_id:\"57de7adc-a45a-4dda-960d-e786a3b11959\", test_config:{asset_id:\"96ae7624-843b-4fe2-9cae-a6718f068eb3\", created:\"2022-06-03T04:26:58.684867+00:00\", description:\"\", enabled:\"True\", environment_type:\"local\", id:\"c253a9bd-f51c-484c-9839-69370bd09023\", model_name:<missing value>, model_tag_id:<missing value>, model_uuid:<missing value>, name:\"AWS Test Config\", owner:\"rhesse\", steps:[{script_localpath:\"Main.script\", step_type:\"script_type\", stop_on_failure:\"False\"}], suts:[{criteria:[], is_hosted:\"False\", sut_id:\"bd5feafc-0d67-4b78-ac42-72ef234b9b93\"}], tags:[], updated:\"2022-06-03T04:26:58.684867+00:00\"}, test_config_id:\"c253a9bd-f51c-484c-9839-69370bd09023\", test_config_name:\"AWS Test Config\"}, teststatus:\"FAILED\"},{coverage:0, endtime:\"2022-06-03T12:51:20.653697+00:00\", events:\"False\", failedaction:<missing value>, groupid:0, hierarchyid:0, id:1379, modelid:<missing value>, modelname:<missing value>, runtype:\"script\", scriptname:\"Main.script\", seed:0, starttime:\"2022-06-03T12:51:00.299432+00:00\", step:0, suitename:\"SimpleChromeTest.suite\", testcase:\"\", testcaseid:<missing value>, testconfigtask:{locked_suts:[{connections:[{color_depth:<missing value>, connection_type:\"RDP\", height:1080, host:\"ec2-18-216-243-240.us-east-2.compute.amazonaws.com\", password:\"l2ABsUG9DK78aQUZ-ZGg3q&@QsC)AMS8\", port:3389, username:\"Administrator\", width:1920}], criteria:[], description:\"\", enabled:\"True\", execution_environments:[], id:\"bd5feafc-0d67-4b78-ac42-72ef234b9b93\", lock:{execution_id:\"22b0efb3-7d46-4ad7-a511-9130837e61ff\", reason:\"test-config-executing\", start_time:\"2022-06-03T12:51:00.099118+00:00\", user:\"service-account-client:dai:s2s:execution\"}, name:\"RandyAWS SUT\"}], task_instance_id:\"22b0efb3-7d46-4ad7-a511-9130837e61ff\", test_config:{asset_id:\"96ae7624-843b-4fe2-9cae-a6718f068eb3\", created:\"2022-06-03T04:26:58.684867+00:00\", description:\"\", enabled:\"True\", environment_type:\"local\", id:\"c253a9bd-f51c-484c-9839-69370bd09023\", model_name:<missing value>, model_tag_id:<missing value>, model_uuid:<missing value>, name:\"AWS Test Config\", owner:\"rhesse\", steps:[{script_localpath:\"Main.script\", step_type:\"script_type\", stop_on_failure:\"False\"}], suts:[{criteria:[], is_hosted:\"False\", sut_id:\"bd5feafc-0d67-4b78-ac42-72ef234b9b93\"}], tags:[], updated:\"2022-06-03T04:26:58.684867+00:00\"}, test_config_id:\"c253a9bd-f51c-484c-9839-69370bd09023\", test_config_name:\"AWS Test Config\"}, teststatus:\"FAILED\"},{coverage:0, endtime:\"2022-06-03T13:01:24.847169+00:00\", events:\"False\", failedaction:<missing value>, groupid:0, hierarchyid:0, id:1380, modelid:<missing value>, modelname:<missing value>, runtype:\"script\", scriptname:\"Main.script\", seed:0, starttime:\"2022-06-03T13:01:00.279675+00:00\", step:0, suitename:\"SimpleChromeTest.suite\", testcase:\"\", testcaseid:<missing value>, testconfigtask:{locked_suts:[{connections:[{color_depth:<missing value>, connection_type:\"RDP\", height:1080, host:\"ec2-18-216-243-240.us-east-2.compute.amazonaws.com\", password:\"l2ABsUG9DK78aQUZ-ZGg3q&@QsC)AMS8\", port:3389, username:\"Administrator\", width:1920}], criteria:[], description:\"\", enabled:\"True\", execution_environments:[], id:\"bd5feafc-0d67-4b78-ac42-72ef234b9b93\", lock:{execution_id:\"7eb20e13-71e6-4b26-bbcd-adce1582f64a\", reason:\"test-config-executing\", start_time:\"2022-06-03T13:01:00.101791+00:00\", user:\"service-account-client:dai:s2s:execution\"}, name:\"RandyAWS SUT\"}], task_instance_id:\"7eb20e13-71e6-4b26-bbcd-adce1582f64a\", test_config:{asset_id:\"96ae7624-843b-4fe2-9cae-a6718f068eb3\", created:\"2022-06-03T04:26:58.684867+00:00\", description:\"\", enabled:\"True\", environment_type:\"local\", id:\"c253a9bd-f51c-484c-9839-69370bd09023\", model_name:<missing value>, model_tag_id:<missing value>, model_uuid:<missing value>, name:\"AWS Test Config\", owner:\"rhesse\", steps:[{script_localpath:\"Main.script\", step_type:\"script_type\", stop_on_failure:\"False\"}], suts:[{criteria:[], is_hosted:\"False\", sut_id:\"bd5feafc-0d67-4b78-ac42-72ef234b9b93\"}], tags:[], updated:\"2022-06-03T04:26:58.684867+00:00\"}, test_config_id:\"c253a9bd-f51c-484c-9839-69370bd09023\", test_config_name:\"AWS Test Config\"}, teststatus:\"FAILED\"},{coverage:0, endtime:\"2022-06-03T13:11:20.684703+00:00\", events:\"False\", failedaction:<missing value>, groupid:0, hierarchyid:0, id:1381, modelid:<missing value>, modelname:<missing value>, runtype:\"script\", scriptname:\"Main.script\", seed:0, starttime:\"2022-06-03T13:11:00.258206+00:00\", step:0, suitename:\"SimpleChromeTest.suite\", testcase:\"\", testcaseid:<missing value>, testconfigtask:{locked_suts:[{connections:[{color_depth:<missing value>, connection_type:\"RDP\", height:1080, host:\"ec2-18-216-243-240.us-east-2.compute.amazonaws.com\", password:\"l2ABsUG9DK78aQUZ-ZGg3q&@QsC)AMS8\", port:3389, username:\"Administrator\", width:1920}], criteria:[], description:\"\", enabled:\"True\", execution_environments:[], id:\"bd5feafc-0d67-4b78-ac42-72ef234b9b93\", lock:{execution_id:\"18658d6e-f6aa-4c0f-be76-413d07424f26\", reason:\"test-config-executing\", start_time:\"2022-06-03T13:11:00.099293+00:00\", user:\"service-account-client:dai:s2s:execution\"}, name:\"RandyAWS SUT\"}], task_instance_id:\"18658d6e-f6aa-4c0f-be76-413d07424f26\", test_config:{asset_id:\"96ae7624-843b-4fe2-9cae-a6718f068eb3\", created:\"2022-06-03T04:26:58.684867+00:00\", description:\"\", enabled:\"True\", environment_type:\"local\", id:\"c253a9bd-f51c-484c-9839-69370bd09023\", model_name:<missing value>, model_tag_id:<missing value>, model_uuid:<missing value>, name:\"AWS Test Config\", owner:\"rhesse\", steps:[{script_localpath:\"Main.script\", step_type:\"script_type\", stop_on_failure:\"False\"}], suts:[{criteria:[], is_hosted:\"False\", sut_id:\"bd5feafc-0d67-4b78-ac42-72ef234b9b93\"}], tags:[], updated:\"2022-06-03T04:26:58.684867+00:00\"}, test_config_id:\"c253a9bd-f51c-484c-9839-69370bd09023\", test_config_name:\"AWS Test Config\"}, teststatus:\"FAILED\"},{coverage:0, endtime:\"2022-06-03T13:21:20.579901+00:00\", events:\"False\", failedaction:<missing value>, groupid:0, hierarchyid:0, id:1382, modelid:<missing value>, modelname:<missing value>, runtype:\"script\", scriptname:\"Main.script\", seed:0, starttime:\"2022-06-03T13:21:00.281399+00:00\", step:0, suitename:\"SimpleChromeTest.suite\", testcase:\"\", testcaseid:<missing value>, testconfigtask:{locked_suts:[{connections:[{color_depth:<missing value>, connection_type:\"RDP\", height:1080, host:\"ec2-18-216-243-240.us-east-2.compute.amazonaws.com\", password:\"l2ABsUG9DK78aQUZ-ZGg3q&@QsC)AMS8\", port:3389, username:\"Administrator\", width:1920}], criteria:[], description:\"\", enabled:\"True\", execution_environments:[], id:\"bd5feafc-0d67-4b78-ac42-72ef234b9b93\", lock:{execution_id:\"c26ebeb9-170e-4f5e-882f-ff2dc2abc819\", reason:\"test-config-executing\", start_time:\"2022-06-03T13:21:00.103452+00:00\", user:\"service-account-client:dai:s2s:execution\"}, name:\"RandyAWS SUT\"}], task_instance_id:\"c26ebeb9-170e-4f5e-882f-ff2dc2abc819\", test_config:{asset_id:\"96ae7624-843b-4fe2-9cae-a6718f068eb3\", created:\"2022-06-03T04:26:58.684867+00:00\", description:\"\", enabled:\"True\", environment_type:\"local\", id:\"c253a9bd-f51c-484c-9839-69370bd09023\", model_name:<missing value>, model_tag_id:<missing value>, model_uuid:<missing value>, name:\"AWS Test Config\", owner:\"rhesse\", steps:[{script_localpath:\"Main.script\", step_type:\"script_type\", stop_on_failure:\"False\"}], suts:[{criteria:[], is_hosted:\"False\", sut_id:\"bd5feafc-0d67-4b78-ac42-72ef234b9b93\"}], tags:[], updated:\"2022-06-03T04:26:58.684867+00:00\"}, test_config_id:\"c253a9bd-f51c-484c-9839-69370bd09023\", test_config_name:\"AWS Test Config\"}, teststatus:\"FAILED\"},{coverage:0, endtime:\"2022-06-03T13:31:20.294167+00:00\", events:\"False\", failedaction:<missing value>, groupid:0, hierarchyid:0, id:1383, modelid:<missing value>, modelname:<missing value>, runtype:\"script\", scriptname:\"Main.script\", seed:0, starttime:\"2022-06-03T13:31:00.268886+00:00\", step:0, suitename:\"SimpleChromeTest.suite\", testcase:\"\", testcaseid:<missing value>, testconfigtask:{locked_suts:[{connections:[{color_depth:<missing value>, connection_type:\"RDP\", height:1080, host:\"ec2-18-216-243-240.us-east-2.compute.amazonaws.com\", password:\"l2ABsUG9DK78aQUZ-ZGg3q&@QsC)AMS8\", port:3389, username:\"Administrator\", width:1920}], criteria:[], description:\"\", enabled:\"True\", execution_environments:[], id:\"bd5feafc-0d67-4b78-ac42-72ef234b9b93\", lock:{execution_id:\"63093106-d865-49c7-a832-848b68395ce8\", reason:\"test-config-executing\", start_time:\"2022-06-03T13:31:00.101196+00:00\", user:\"service-account-client:dai:s2s:execution\"}, name:\"RandyAWS SUT\"}], task_instance_id:\"63093106-d865-49c7-a832-848b68395ce8\", test_config:{asset_id:\"96ae7624-843b-4fe2-9cae-a6718f068eb3\", created:\"2022-06-03T04:26:58.684867+00:00\", description:\"\", enabled:\"True\", environment_type:\"local\", id:\"c253a9bd-f51c-484c-9839-69370bd09023\", model_name:<missing value>, model_tag_id:<missing value>, model_uuid:<missing value>, name:\"AWS Test Config\", owner:\"rhesse\", steps:[{script_localpath:\"Main.script\", step_type:\"script_type\", stop_on_failure:\"False\"}], suts:[{criteria:[], is_hosted:\"False\", sut_id:\"bd5feafc-0d67-4b78-ac42-72ef234b9b93\"}], tags:[], updated:\"2022-06-03T04:26:58.684867+00:00\"}, test_config_id:\"c253a9bd-f51c-484c-9839-69370bd09023\", test_config_name:\"AWS Test Config\"}, teststatus:\"FAILED\"},{coverage:0, endtime:\"2022-06-03T13:41:24.736929+00:00\", events:\"False\", failedaction:<missing value>, groupid:0, hierarchyid:0, id:1384, modelid:<missing value>, modelname:<missing value>, runtype:\"script\", scriptname:\"Main.script\", seed:0, starttime:\"2022-06-03T13:41:00.280546+00:00\", step:0, suitename:\"SimpleChromeTest.suite\", testcase:\"\", testcaseid:<missing value>, testconfigtask:{locked_suts:[{connections:[{color_depth:<missing value>, connection_type:\"RDP\", height:1080, host:\"ec2-18-216-243-240.us-east-2.compute.amazonaws.com\", password:\"l2ABsUG9DK78aQUZ-ZGg3q&@QsC)AMS8\", port:3389, username:\"Administrator\", width:1920}], criteria:[], description:\"\", enabled:\"True\", execution_environments:[], id:\"bd5feafc-0d67-4b78-ac42-72ef234b9b93\", lock:{execution_id:\"1f65c6b6-7c30-474f-b640-c1cfc17ed054\", reason:\"test-config-executing\", start_time:\"2022-06-03T13:41:00.111609+00:00\", user:\"service-account-client:dai:s2s:execution\"}, name:\"RandyAWS SUT\"}], task_instance_id:\"1f65c6b6-7c30-474f-b640-c1cfc17ed054\", test_config:{asset_id:\"96ae7624-843b-4fe2-9cae-a6718f068eb3\", created:\"2022-06-03T04:26:58.684867+00:00\", description:\"\", enabled:\"True\", environment_type:\"local\", id:\"c253a9bd-f51c-484c-9839-69370bd09023\", model_name:<missing value>, model_tag_id:<missing value>, model_uuid:<missing value>, name:\"AWS Test Config\", owner:\"rhesse\", steps:[{script_localpath:\"Main.script\", step_type:\"script_type\", stop_on_failure:\"False\"}], suts:[{criteria:[], is_hosted:\"False\", sut_id:\"bd5feafc-0d67-4b78-ac42-72ef234b9b93\"}], tags:[], updated:\"2022-06-03T04:26:58.684867+00:00\"}, test_config_id:\"c253a9bd-f51c-484c-9839-69370bd09023\", test_config_name:\"AWS Test Config\"}, teststatus:\"FAILED\"},{coverage:0, endtime:\"2022-06-03T13:51:20.471989+00:00\", events:\"False\", failedaction:<missing value>, groupid:0, hierarchyid:0, id:1385, modelid:<missing value>, modelname:<missing value>, runtype:\"script\", scriptname:\"Main.script\", seed:0, starttime:\"2022-06-03T13:51:00.272849+00:00\", step:0, suitename:\"SimpleChromeTest.suite\", testcase:\"\", testcaseid:<missing value>, testconfigtask:{locked_suts:[{connections:[{color_depth:<missing value>, connection_type:\"RDP\", height:1080, host:\"ec2-18-216-243-240.us-east-2.compute.amazonaws.com\", password:\"l2ABsUG9DK78aQUZ-ZGg3q&@QsC)AMS8\", port:3389, username:\"Administrator\", width:1920}], criteria:[], description:\"\", enabled:\"True\", execution_environments:[], id:\"bd5feafc-0d67-4b78-ac42-72ef234b9b93\", lock:{execution_id:\"3c3629d8-38d4-4b0c-b303-85784c9d0082\", reason:\"test-config-executing\", start_time:\"2022-06-03T13:51:00.113801+00:00\", user:\"service-account-client:dai:s2s:execution\"}, name:\"RandyAWS SUT\"}], task_instance_id:\"3c3629d8-38d4-4b0c-b303-85784c9d0082\", test_config:{asset_id:\"96ae7624-843b-4fe2-9cae-a6718f068eb3\", created:\"2022-06-03T04:26:58.684867+00:00\", description:\"\", enabled:\"True\", environment_type:\"local\", id:\"c253a9bd-f51c-484c-9839-69370bd09023\", model_name:<missing value>, model_tag_id:<missing value>, model_uuid:<missing value>, name:\"AWS Test Config\", owner:\"rhesse\", steps:[{script_localpath:\"Main.script\", step_type:\"script_type\", stop_on_failure:\"False\"}], suts:[{criteria:[], is_hosted:\"False\", sut_id:\"bd5feafc-0d67-4b78-ac42-72ef234b9b93\"}], tags:[], updated:\"2022-06-03T04:26:58.684867+00:00\"}, test_config_id:\"c253a9bd-f51c-484c-9839-69370bd09023\", test_config_name:\"AWS Test Config\"}, teststatus:\"FAILED\"},{coverage:0, endtime:\"2022-06-03T14:01:20.455237+00:00\", events:\"False\", failedaction:<missing value>, groupid:0, hierarchyid:0, id:1386, modelid:<missing value>, modelname:<missing value>, runtype:\"script\", scriptname:\"Main.script\", seed:0, starttime:\"2022-06-03T14:01:00.290025+00:00\", step:0, suitename:\"SimpleChromeTest.suite\", testcase:\"\", testcaseid:<missing value>, testconfigtask:{locked_suts:[{connections:[{color_depth:<missing value>, connection_type:\"RDP\", height:1080, host:\"ec2-18-216-243-240.us-east-2.compute.amazonaws.com\", password:\"l2ABsUG9DK78aQUZ-ZGg3q&@QsC)AMS8\", port:3389, username:\"Administrator\", width:1920}], criteria:[], description:\"\", enabled:\"True\", execution_environments:[], id:\"bd5feafc-0d67-4b78-ac42-72ef234b9b93\", lock:{execution_id:\"265898d6-c991-479d-b0ec-a698ed15104d\", reason:\"test-config-executing\", start_time:\"2022-06-03T14:01:00.099485+00:00\", user:\"service-account-client:dai:s2s:execution\"}, name:\"RandyAWS SUT\"}], task_instance_id:\"265898d6-c991-479d-b0ec-a698ed15104d\", test_config:{asset_id:\"96ae7624-843b-4fe2-9cae-a6718f068eb3\", created:\"2022-06-03T04:26:58.684867+00:00\", description:\"\", enabled:\"True\", environment_type:\"local\", id:\"c253a9bd-f51c-484c-9839-69370bd09023\", model_name:<missing value>, model_tag_id:<missing value>, model_uuid:<missing value>, name:\"AWS Test Config\", owner:\"rhesse\", steps:[{script_localpath:\"Main.script\", step_type:\"script_type\", stop_on_failure:\"False\"}], suts:[{criteria:[], is_hosted:\"False\", sut_id:\"bd5feafc-0d67-4b78-ac42-72ef234b9b93\"}], tags:[], updated:\"2022-06-03T04:26:58.684867+00:00\"}, test_config_id:\"c253a9bd-f51c-484c-9839-69370bd09023\", test_config_name:\"AWS Test Config\"}, teststatus:\"FAILED\"},{coverage:0, endtime:\"2022-06-03T14:11:20.228015+00:00\", events:\"False\", failedaction:<missing value>, groupid:0, hierarchyid:0, id:1387, modelid:<missing value>, modelname:<missing value>, runtype:\"script\", scriptname:\"Main.script\", seed:0, starttime:\"2022-06-03T14:11:00.284024+00:00\", step:0, suitename:\"SimpleChromeTest.suite\", testcase:\"\", testcaseid:<missing value>, testconfigtask:{locked_suts:[{connections:[{color_depth:<missing value>, connection_type:\"RDP\", height:1080, host:\"ec2-18-216-243-240.us-east-2.compute.amazonaws.com\", password:\"l2ABsUG9DK78aQUZ-ZGg3q&@QsC)AMS8\", port:3389, username:\"Administrator\", width:1920}], criteria:[], description:\"\", enabled:\"True\", execution_environments:[], id:\"bd5feafc-0d67-4b78-ac42-72ef234b9b93\", lock:{execution_id:\"73d979c7-6331-49b6-bf72-a3ad9d738cca\", reason:\"test-config-executing\", start_time:\"2022-06-03T14:11:00.097865+00:00\", user:\"service-account-client:dai:s2s:execution\"}, name:\"RandyAWS SUT\"}], task_instance_id:\"73d979c7-6331-49b6-bf72-a3ad9d738cca\", test_config:{asset_id:\"96ae7624-843b-4fe2-9cae-a6718f068eb3\", created:\"2022-06-03T04:26:58.684867+00:00\", description:\"\", enabled:\"True\", environment_type:\"local\", id:\"c253a9bd-f51c-484c-9839-69370bd09023\", model_name:<missing value>, model_tag_id:<missing value>, model_uuid:<missing value>, name:\"AWS Test Config\", owner:\"rhesse\", steps:[{script_localpath:\"Main.script\", step_type:\"script_type\", stop_on_failure:\"False\"}], suts:[{criteria:[], is_hosted:\"False\", sut_id:\"bd5feafc-0d67-4b78-ac42-72ef234b9b93\"}], tags:[], updated:\"2022-06-03T04:26:58.684867+00:00\"}, test_config_id:\"c253a9bd-f51c-484c-9839-69370bd09023\", test_config_name:\"AWS Test Config\"}, teststatus:\"FAILED\"},{coverage:0, endtime:\"2022-06-03T14:21:20.561673+00:00\", events:\"False\", failedaction:<missing value>, groupid:0, hierarchyid:0, id:1388, modelid:<missing value>, modelname:<missing value>, runtype:\"script\", scriptname:\"Main.script\", seed:0, starttime:\"2022-06-03T14:21:00.280912+00:00\", step:0, suitename:\"SimpleChromeTest.suite\", testcase:\"\", testcaseid:<missing value>, testconfigtask:{locked_suts:[{connections:[{color_depth:<missing value>, connection_type:\"RDP\", height:1080, host:\"ec2-18-216-243-240.us-east-2.compute.amazonaws.com\", password:\"l2ABsUG9DK78aQUZ-ZGg3q&@QsC)AMS8\", port:3389, username:\"Administrator\", width:1920}], criteria:[], description:\"\", enabled:\"True\", execution_environments:[], id:\"bd5feafc-0d67-4b78-ac42-72ef234b9b93\", lock:{execution_id:\"ca7c66a5-bc87-48a5-b52f-10a67b4e5ce7\", reason:\"test-config-executing\", start_time:\"2022-06-03T14:21:00.111122+00:00\", user:\"service-account-client:dai:s2s:execution\"}, name:\"RandyAWS SUT\"}], task_instance_id:\"ca7c66a5-bc87-48a5-b52f-10a67b4e5ce7\", test_config:{asset_id:\"96ae7624-843b-4fe2-9cae-a6718f068eb3\", created:\"2022-06-03T04:26:58.684867+00:00\", description:\"\", enabled:\"True\", environment_type:\"local\", id:\"c253a9bd-f51c-484c-9839-69370bd09023\", model_name:<missing value>, model_tag_id:<missing value>, model_uuid:<missing value>, name:\"AWS Test Config\", owner:\"rhesse\", steps:[{script_localpath:\"Main.script\", step_type:\"script_type\", stop_on_failure:\"False\"}], suts:[{criteria:[], is_hosted:\"False\", sut_id:\"bd5feafc-0d67-4b78-ac42-72ef234b9b93\"}], tags:[], updated:\"2022-06-03T04:26:58.684867+00:00\"}, test_config_id:\"c253a9bd-f51c-484c-9839-69370bd09023\", test_config_name:\"AWS Test Config\"}, teststatus:\"FAILED\"},{coverage:0, endtime:\"2022-06-03T14:31:20.556048+00:00\", events:\"False\", failedaction:<missing value>, groupid:0, hierarchyid:0, id:1389, modelid:<missing value>, modelname:<missing value>, runtype:\"script\", scriptname:\"Main.script\", seed:0, starttime:\"2022-06-03T14:31:00.263626+00:00\", step:0, suitename:\"SimpleChromeTest.suite\", testcase:\"\", testcaseid:<missing value>, testconfigtask:{locked_suts:[{connections:[{color_depth:<missing value>, connection_type:\"RDP\", height:1080, host:\"ec2-18-216-243-240.us-east-2.compute.amazonaws.com\", password:\"l2ABsUG9DK78aQUZ-ZGg3q&@QsC)AMS8\", port:3389, username:\"Administrator\", width:1920}], criteria:[], description:\"\", enabled:\"True\", execution_environments:[], id:\"bd5feafc-0d67-4b78-ac42-72ef234b9b93\", lock:{execution_id:\"2a048a0e-2fe5-4f42-9773-2fe0fea0d235\", reason:\"test-config-executing\", start_time:\"2022-06-03T14:31:00.097832+00:00\", user:\"service-account-client:dai:s2s:execution\"}, name:\"RandyAWS SUT\"}], task_instance_id:\"2a048a0e-2fe5-4f42-9773-2fe0fea0d235\", test_config:{asset_id:\"96ae7624-843b-4fe2-9cae-a6718f068eb3\", created:\"2022-06-03T04:26:58.684867+00:00\", description:\"\", enabled:\"True\", environment_type:\"local\", id:\"c253a9bd-f51c-484c-9839-69370bd09023\", model_name:<missing value>, model_tag_id:<missing value>, model_uuid:<missing value>, name:\"AWS Test Config\", owner:\"rhesse\", steps:[{script_localpath:\"Main.script\", step_type:\"script_type\", stop_on_failure:\"False\"}], suts:[{criteria:[], is_hosted:\"False\", sut_id:\"bd5feafc-0d67-4b78-ac42-72ef234b9b93\"}], tags:[], updated:\"2022-06-03T04:26:58.684867+00:00\"}, test_config_id:\"c253a9bd-f51c-484c-9839-69370bd09023\", test_config_name:\"AWS Test Config\"}, teststatus:\"FAILED\"},{coverage:0, endtime:\"2022-06-03T14:41:20.411447+00:00\", events:\"False\", failedaction:<missing value>, groupid:0, hierarchyid:0, id:1390, modelid:<missing value>, modelname:<missing value>, runtype:\"script\", scriptname:\"Main.script\", seed:0, starttime:\"2022-06-03T14:41:00.271755+00:00\", step:0, suitename:\"SimpleChromeTest.suite\", testcase:\"\", testcaseid:<missing value>, testconfigtask:{locked_suts:[{connections:[{color_depth:<missing value>, connection_type:\"RDP\", height:1080, host:\"ec2-18-216-243-240.us-east-2.compute.amazonaws.com\", password:\"l2ABsUG9DK78aQUZ-ZGg3q&@QsC)AMS8\", port:3389, username:\"Administrator\", width:1920}], criteria:[], description:\"\", enabled:\"True\", execution_environments:[], id:\"bd5feafc-0d67-4b78-ac42-72ef234b9b93\", lock:{execution_id:\"6af7a3d1-c808-414c-b6f0-bdd7a11ba4df\", reason:\"test-config-executing\", start_time:\"2022-06-03T14:41:00.099049+00:00\", user:\"service-account-client:dai:s2s:execution\"}, name:\"RandyAWS SUT\"}], task_instance_id:\"6af7a3d1-c808-414c-b6f0-bdd7a11ba4df\", test_config:{asset_id:\"96ae7624-843b-4fe2-9cae-a6718f068eb3\", created:\"2022-06-03T04:26:58.684867+00:00\", description:\"\", enabled:\"True\", environment_type:\"local\", id:\"c253a9bd-f51c-484c-9839-69370bd09023\", model_name:<missing value>, model_tag_id:<missing value>, model_uuid:<missing value>, name:\"AWS Test Config\", owner:\"rhesse\", steps:[{script_localpath:\"Main.script\", step_type:\"script_type\", stop_on_failure:\"False\"}], suts:[{criteria:[], is_hosted:\"False\", sut_id:\"bd5feafc-0d67-4b78-ac42-72ef234b9b93\"}], tags:[], updated:\"2022-06-03T04:26:58.684867+00:00\"}, test_config_id:\"c253a9bd-f51c-484c-9839-69370bd09023\", test_config_name:\"AWS Test Config\"}, teststatus:\"FAILED\"},{coverage:0, endtime:\"2022-06-03T14:51:20.563395+00:00\", events:\"False\", failedaction:<missing value>, groupid:0, hierarchyid:0, id:1391, modelid:<missing value>, modelname:<missing value>, runtype:\"script\", scriptname:\"Main.script\", seed:0, starttime:\"2022-06-03T14:51:00.275652+00:00\", step:0, suitename:\"SimpleChromeTest.suite\", testcase:\"\", testcaseid:<missing value>, testconfigtask:{locked_suts:[{connections:[{color_depth:<missing value>, connection_type:\"RDP\", height:1080, host:\"ec2-18-216-243-240.us-east-2.compute.amazonaws.com\", password:\"l2ABsUG9DK78aQUZ-ZGg3q&@QsC)AMS8\", port:3389, username:\"Administrator\", width:1920}], criteria:[], description:\"\", enabled:\"True\", execution_environments:[], id:\"bd5feafc-0d67-4b78-ac42-72ef234b9b93\", lock:{execution_id:\"2906693c-106d-409e-931b-d510a41f6658\", reason:\"test-config-executing\", start_time:\"2022-06-03T14:51:00.098217+00:00\", user:\"service-account-client:dai:s2s:execution\"}, name:\"RandyAWS SUT\"}], task_instance_id:\"2906693c-106d-409e-931b-d510a41f6658\", test_config:{asset_id:\"96ae7624-843b-4fe2-9cae-a6718f068eb3\", created:\"2022-06-03T04:26:58.684867+00:00\", description:\"\", enabled:\"True\", environment_type:\"local\", id:\"c253a9bd-f51c-484c-9839-69370bd09023\", model_name:<missing value>, model_tag_id:<missing value>, model_uuid:<missing value>, name:\"AWS Test Config\", owner:\"rhesse\", steps:[{script_localpath:\"Main.script\", step_type:\"script_type\", stop_on_failure:\"False\"}], suts:[{criteria:[], is_hosted:\"False\", sut_id:\"bd5feafc-0d67-4b78-ac42-72ef234b9b93\"}], tags:[], updated:\"2022-06-03T04:26:58.684867+00:00\"}, test_config_id:\"c253a9bd-f51c-484c-9839-69370bd09023\", test_config_name:\"AWS Test Config\"}, teststatus:\"FAILED\"},{coverage:0, endtime:\"2022-06-03T15:01:20.430705+00:00\", events:\"False\", failedaction:<missing value>, groupid:0, hierarchyid:0, id:1392, modelid:<missing value>, modelname:<missing value>, runtype:\"script\", scriptname:\"Main.script\", seed:0, starttime:\"2022-06-03T15:01:00.284408+00:00\", step:0, suitename:\"SimpleChromeTest.suite\", testcase:\"\", testcaseid:<missing value>, testconfigtask:{locked_suts:[{connections:[{color_depth:<missing value>, connection_type:\"RDP\", height:1080, host:\"ec2-18-216-243-240.us-east-2.compute.amazonaws.com\", password:\"l2ABsUG9DK78aQUZ-ZGg3q&@QsC)AMS8\", port:3389, username:\"Administrator\", width:1920}], criteria:[], description:\"\", enabled:\"True\", execution_environments:[], id:\"bd5feafc-0d67-4b78-ac42-72ef234b9b93\", lock:{execution_id:\"c2bcd486-e241-4d8f-8b47-e3c526a1f4e8\", reason:\"test-config-executing\", start_time:\"2022-06-03T15:01:00.100823+00:00\", user:\"service-account-client:dai:s2s:execution\"}, name:\"RandyAWS SUT\"}], task_instance_id:\"c2bcd486-e241-4d8f-8b47-e3c526a1f4e8\", test_config:{asset_id:\"96ae7624-843b-4fe2-9cae-a6718f068eb3\", created:\"2022-06-03T04:26:58.684867+00:00\", description:\"\", enabled:\"True\", environment_type:\"local\", id:\"c253a9bd-f51c-484c-9839-69370bd09023\", model_name:<missing value>, model_tag_id:<missing value>, model_uuid:<missing value>, name:\"AWS Test Config\", owner:\"rhesse\", steps:[{script_localpath:\"Main.script\", step_type:\"script_type\", stop_on_failure:\"False\"}], suts:[{criteria:[], is_hosted:\"False\", sut_id:\"bd5feafc-0d67-4b78-ac42-72ef234b9b93\"}], tags:[], updated:\"2022-06-03T04:26:58.684867+00:00\"}, test_config_id:\"c253a9bd-f51c-484c-9839-69370bd09023\", test_config_name:\"AWS Test Config\"}, teststatus:\"FAILED\"},{coverage:0, endtime:\"2022-06-03T15:11:20.369282+00:00\", events:\"False\", failedaction:<missing value>, groupid:0, hierarchyid:0, id:1393, modelid:<missing value>, modelname:<missing value>, runtype:\"script\", scriptname:\"Main.script\", seed:0, starttime:\"2022-06-03T15:11:00.379387+00:00\", step:0, suitename:\"SimpleChromeTest.suite\", testcase:\"\", testcaseid:<missing value>, testconfigtask:{locked_suts:[{connections:[{color_depth:<missing value>, connection_type:\"RDP\", height:1080, host:\"ec2-18-216-243-240.us-east-2.compute.amazonaws.com\", password:\"l2ABsUG9DK78aQUZ-ZGg3q&@QsC)AMS8\", port:3389, username:\"Administrator\", width:1920}], criteria:[], description:\"\", enabled:\"True\", execution_environments:[], id:\"bd5feafc-0d67-4b78-ac42-72ef234b9b93\", lock:{execution_id:\"a3b022cd-5188-45e2-a9c1-3d17d88262b1\", reason:\"test-config-executing\", start_time:\"2022-06-03T15:11:00.111608+00:00\", user:\"service-account-client:dai:s2s:execution\"}, name:\"RandyAWS SUT\"}], task_instance_id:\"a3b022cd-5188-45e2-a9c1-3d17d88262b1\", test_config:{asset_id:\"96ae7624-843b-4fe2-9cae-a6718f068eb3\", created:\"2022-06-03T04:26:58.684867+00:00\", description:\"\", enabled:\"True\", environment_type:\"local\", id:\"c253a9bd-f51c-484c-9839-69370bd09023\", model_name:<missing value>, model_tag_id:<missing value>, model_uuid:<missing value>, name:\"AWS Test Config\", owner:\"rhesse\", steps:[{script_localpath:\"Main.script\", step_type:\"script_type\", stop_on_failure:\"False\"}], suts:[{criteria:[], is_hosted:\"False\", sut_id:\"bd5feafc-0d67-4b78-ac42-72ef234b9b93\"}], tags:[], updated:\"2022-06-03T04:26:58.684867+00:00\"}, test_config_id:\"c253a9bd-f51c-484c-9839-69370bd09023\", test_config_name:\"AWS Test Config\"}, teststatus:\"FAILED\"}]",
      "timestamp" : "2022-07-20 10:28:52.180 -0600",
      "identifier" : "Log",
      "scriptName" : "Execute DAI API\/GetRuns.script",
      "handlerLine" : 22
    },
    {
      "identifier" : "EndTestCase",
      "message" : "(Duration:\"2.783162\", Errors:\"0\", Exceptions:\"0\", StartTime:\"2022-07-20 10:28:51 -0600\", Successes:\"1\", TestCase:\"Execute DAI API\/GetRuns.script\", Warnings:\"0\")",
      "timestamp" : "2022-07-20 10:28:54.101 -0600"
    },
    {
      "identifier" : "SUCCESS",
      "message" : "Execution Time 0:00:02 Execute DAI API\/GetRuns.script",
      "timestamp" : "2022-07-20 10:28:54.115 -0600"
    }
  ],
  "createdTimestamp" : "2022-07-20 10:28:51.318 -0600"
}