{
  "entries" : [
    {
      "identifier" : "START",
      "message" : "Running Deploy\/CreateSuiteFromSingleModel.script",
      "timestamp" : "2022-06-02 14:47:44.801 -0600"
    },
    {
      "handlerName" : "on_utilities_convertmodel",
      "message" : "Building Suites and Model",
      "timestamp" : "2022-06-02 14:47:44.840 -0600",
      "identifier" : "Log",
      "scriptName" : "Utilities\/ConvertModel.script",
      "handlerLine" : 7
    },
    {
      "handlerName" : "on_chooseframeworktype",
      "message" : "Choosen Framework: Scripts And Folders",
      "timestamp" : "2022-06-02 14:47:47.642 -0600",
      "identifier" : "Log",
      "scriptName" : "Utilities\/Framework_Class.script",
      "handlerLine" : 9
    },
    {
      "handlerName" : "on_setaccesstoken",
      "message" : "Able to Access DAI Server, and grab a access token",
      "timestamp" : "2022-06-02 14:47:47.857 -0600",
      "identifier" : "LogSuccess",
      "scriptName" : "",
      "handlerLine" : 13
    },
    {
      "handlerName" : "on_checkinformation",
      "message" : "Deleting Existing Suite: \/Users\/randallhesse\/desktop\/Throw-Away Suites\/aws.suite",
      "timestamp" : "2022-06-02 14:47:49.920 -0600",
      "identifier" : "LogWarning",
      "scriptName" : "",
      "handlerLine" : 11
    },
    {
      "handlerName" : "on_createnewsuite",
      "message" : "Created New Suite: \/Users\/randallhesse\/desktop\/Throw-Away Suites\/aws.suite",
      "timestamp" : "2022-06-02 14:47:49.939 -0600",
      "identifier" : "Log",
      "scriptName" : "",
      "handlerLine" : 10
    },
    {
      "identifier" : "EndTestCase",
      "message" : "(Duration:\"5.314543\", Errors:\"1\", Exceptions:\"0\", StartTime:\"2022-06-02 14:47:44 -0600\", Successes:\"1\", TestCase:\"Deploy\/CreateSuiteFromSingleModel.script\", Warnings:\"1\")",
      "timestamp" : "2022-06-02 14:47:50.117 -0600"
    },
    {
      "message" : "STFileException: Attempt to close unopened file: ScriptPath -- Execution Time 0:00:05 Deploy\/CreateSuiteFromSingleModel.script",
      "timestamp" : "2022-06-02 14:47:50.568 -0600",
      "identifier" : "FAILURE",
      "image" : "Screen_Error.png"
    }
  ],
  "createdTimestamp" : "2022-06-02 14:47:44.802 -0600"
}