{
  "entries" : [
    {
      "identifier" : "START",
      "message" : "Running Untitled.script",
      "timestamp" : "2022-07-19 18:44:58.336 -0600"
    },
    {
      "handlerName" : "on_untitled",
      "message" : "2021-04-21T21:32:30.592Z",
      "timestamp" : "2022-07-19 18:44:58.391 -0600",
      "identifier" : "Log",
      "scriptName" : "Untitled.script",
      "handlerLine" : 1
    },
    {
      "handlerName" : "on_untitled",
      "message" : "20220719_120000",
      "timestamp" : "2022-07-19 18:44:58.394 -0600",
      "identifier" : "Log",
      "scriptName" : "Untitled.script",
      "handlerLine" : 4
    },
    {
      "identifier" : "EndTestCase",
      "message" : "(Duration:\"0.183919\", Errors:\"0\", Exceptions:\"0\", StartTime:\"2022-07-19 18:44:58 -0600\", Successes:\"1\", TestCase:\"Untitled.script\", Warnings:\"0\")",
      "timestamp" : "2022-07-19 18:44:58.522 -0600"
    },
    {
      "identifier" : "SUCCESS",
      "message" : "Execution Time 0:00:00 Untitled.script",
      "timestamp" : "2022-07-19 18:44:58.535 -0600"
    }
  ],
  "createdTimestamp" : "2022-07-19 18:44:58.337 -0600"
}