{
  "entries" : [
    {
      "identifier" : "START",
      "message" : "Running Deploy\/CreateSuiteFromSingleModel.script",
      "timestamp" : "2022-06-02 14:36:19.945 -0600"
    },
    {
      "handlerName" : "on_utilities_convertmodel",
      "message" : "Building Suites and Model",
      "timestamp" : "2022-06-02 14:36:20.009 -0600",
      "identifier" : "Log",
      "scriptName" : "Utilities\/ConvertModel.script",
      "handlerLine" : 7
    },
    {
      "handlerName" : "on_chooseframeworktype",
      "message" : "Choosen Framework: Scripts and Handlers (Default)",
      "timestamp" : "2022-06-02 14:36:22.095 -0600",
      "identifier" : "Log",
      "scriptName" : "Utilities\/Framework_Class.script",
      "handlerLine" : 9
    },
    {
      "handlerName" : "on_setaccesstoken",
      "message" : "Able to Access DAI Server, and grab a access token",
      "timestamp" : "2022-06-02 14:36:22.408 -0600",
      "identifier" : "LogSuccess",
      "scriptName" : "",
      "handlerLine" : 13
    },
    {
      "handlerName" : "on_checkinformation",
      "message" : "Deleting Existing Suite: \/Users\/randallhesse\/desktop\/Throw-Away Suites\/\/aws.suite",
      "timestamp" : "2022-06-02 14:36:24.991 -0600",
      "identifier" : "LogWarning",
      "scriptName" : "",
      "handlerLine" : 11
    },
    {
      "handlerName" : "on_createnewsuite",
      "message" : "Created New Suite: \/Users\/randallhesse\/desktop\/Throw-Away Suites\/\/aws.suite",
      "timestamp" : "2022-06-02 14:36:25.012 -0600",
      "identifier" : "Log",
      "scriptName" : "",
      "handlerLine" : 10
    },
    {
      "handlerName" : "on_updatemodel",
      "message" : "Model Updated: aws",
      "timestamp" : "2022-06-02 14:36:25.422 -0600",
      "identifier" : "Log",
      "scriptName" : "",
      "handlerLine" : 15
    },
    {
      "identifier" : "EndTestCase",
      "message" : "(Duration:\"5.69526\", Errors:\"0\", Exceptions:\"0\", StartTime:\"2022-06-02 14:36:19 -0600\", Successes:\"1\", TestCase:\"Deploy\/CreateSuiteFromSingleModel.script\", Warnings:\"1\")",
      "timestamp" : "2022-06-02 14:36:25.642 -0600"
    },
    {
      "identifier" : "SUCCESS",
      "message" : "Execution Time 0:00:05 Deploy\/CreateSuiteFromSingleModel.script",
      "timestamp" : "2022-06-02 14:36:25.652 -0600"
    }
  ],
  "createdTimestamp" : "2022-06-02 14:36:19.946 -0600"
}