﻿<?xml version="1.0" encoding="UTF-8" ?>
<runHistory script="ExecuteDAI_API/GetListofModels01">
 <run>
  <RunDate>2022-06-02 22:51:52.062 -0600</RunDate>
  <Status>Success</Status>
  <Duration>0.535878</Duration>
  <Errors>0</Errors>
  <Warnings>0</Warnings>
  <Exceptions>0</Exceptions>
  <Successes>1</Successes>
  <LogFile>20220602_225152.062/LogFile.txt</LogFile>
  <ReturnValue></ReturnValue>
  <ErrorMessage></ErrorMessage>
 </run>
 <run>
  <RunDate>2022-07-08 13:58:20.953 -0600</RunDate>
  <Status>Success</Status>
  <Duration>0.662782</Duration>
  <Errors>0</Errors>
  <Warnings>0</Warnings>
  <Exceptions>0</Exceptions>
  <Successes>1</Successes>
  <LogFile>20220708_135820.953/LogFile.txt</LogFile>
  <ReturnValue></ReturnValue>
  <ErrorMessage></ErrorMessage>
 </run>
</runHistory>
