{
  "entries" : [
    {
      "identifier" : "START",
      "message" : "Running Deploy\/GrabTestCaseRuns.script",
      "timestamp" : "2021-09-16 09:05:18.749 -0600"
    },
    {
      "handlerName" : "on_getaccesstoken",
      "message" : "https:\/\/eval53.dai.eggplant.cloud\/\/ai\/auth",
      "timestamp" : "2021-09-16 09:05:18.838 -0600",
      "identifier" : "Log",
      "scriptName" : "",
      "handlerLine" : 6
    },
    {
      "handlerName" : "on_getaccesstoken",
      "message" : "Able to Access DAI Server",
      "timestamp" : "2021-09-16 09:05:19.098 -0600",
      "identifier" : "Log",
      "scriptName" : "",
      "handlerLine" : 13
    },
    {
      "handlerName" : "on_getmodels",
      "message" : "Grabbing information about Your Models",
      "timestamp" : "2021-09-16 09:05:19.104 -0600",
      "identifier" : "Log",
      "scriptName" : "",
      "handlerLine" : 2
    },
    {
      "handlerName" : "on_deploy_grabtestcaseruns",
      "message" : "{testcases:[{hits:[{matchLocations:[\"0\"], numMatches:\"1\", seed:\"1\", startDateTime:\"2021-09-16 15:04:42.585664\", status:\"PASSED\", testId:\"168\"}], name:\"TestCase01\"}]}",
      "timestamp" : "2021-09-16 09:05:31.682 -0600",
      "identifier" : "Log",
      "scriptName" : "Deploy\/GrabTestCaseRuns.script",
      "handlerLine" : 24
    },
    {
      "identifier" : "EndTestCase",
      "message" : "(Duration:\"13.014603\", Errors:\"0\", Exceptions:\"0\", StartTime:\"2021-09-16 09:05:18 -0600\", Successes:\"1\", TestCase:\"Deploy\/GrabTestCaseRuns.script\", Warnings:\"0\")",
      "timestamp" : "2021-09-16 09:05:31.765 -0600"
    },
    {
      "identifier" : "SUCCESS",
      "message" : "Execution Time 0:00:13 Deploy\/GrabTestCaseRuns.script",
      "timestamp" : "2021-09-16 09:05:31.774 -0600"
    }
  ],
  "createdTimestamp" : "2021-09-16 09:05:18.750 -0600"
}