﻿<?xml version="1.0" encoding="UTF-8" ?>
<runHistory script="Deploy/UpdateSingleModel">
 <run>
  <RunDate>2021-09-15 23:02:53.707 -0600</RunDate>
  <Status>Failure</Status>
  <Duration>3.154878</Duration>
  <Errors>1</Errors>
  <Warnings>0</Warnings>
  <Exceptions>0</Exceptions>
  <Successes>0</Successes>
  <LogFile>20210915_230253.707/LogFile.txt</LogFile>
  <ReturnValue></ReturnValue>
  <ErrorMessage>Script Error -- Number of Errors logged: 1</ErrorMessage>
 </run>
 <run>
  <RunDate>2021-09-15 23:03:12.580 -0600</RunDate>
  <Status>Failure</Status>
  <Duration>6.417229</Duration>
  <Errors>1</Errors>
  <Warnings>0</Warnings>
  <Exceptions>0</Exceptions>
  <Successes>0</Successes>
  <LogFile>20210915_230312.580/LogFile.txt</LogFile>
  <ReturnValue></ReturnValue>
  <ErrorMessage>Script Error -- Number of Errors logged: 1</ErrorMessage>
 </run>
 <run>
  <RunDate>2021-09-15 23:03:31.136 -0600</RunDate>
  <Status>Failure</Status>
  <Duration>22.231735</Duration>
  <Errors>1</Errors>
  <Warnings>2</Warnings>
  <Exceptions>0</Exceptions>
  <Successes>0</Successes>
  <LogFile>20210915_230331.136/LogFile.txt</LogFile>
  <ReturnValue></ReturnValue>
  <ErrorMessage>Script Error -- Number of Errors logged: 1</ErrorMessage>
 </run>
 <run>
  <RunDate>2021-09-15 23:04:10.262 -0600</RunDate>
  <Status>Success</Status>
  <Duration>15.787095</Duration>
  <Errors>0</Errors>
  <Warnings>0</Warnings>
  <Exceptions>0</Exceptions>
  <Successes>1</Successes>
  <LogFile>20210915_230410.262/LogFile.txt</LogFile>
  <ReturnValue></ReturnValue>
  <ErrorMessage></ErrorMessage>
 </run>
 <run>
  <RunDate>2021-09-15 23:06:27.929 -0600</RunDate>
  <Status>Success</Status>
  <Duration>15.566633</Duration>
  <Errors>0</Errors>
  <Warnings>0</Warnings>
  <Exceptions>0</Exceptions>
  <Successes>1</Successes>
  <LogFile>20210915_230627.929/LogFile.txt</LogFile>
  <ReturnValue></ReturnValue>
  <ErrorMessage></ErrorMessage>
 </run>
 <run>
  <RunDate>2021-09-15 23:07:25.412 -0600</RunDate>
  <Status>Success</Status>
  <Duration>20.371703</Duration>
  <Errors>0</Errors>
  <Warnings>0</Warnings>
  <Exceptions>0</Exceptions>
  <Successes>1</Successes>
  <LogFile>20210915_230725.412/LogFile.txt</LogFile>
  <ReturnValue></ReturnValue>
  <ErrorMessage></ErrorMessage>
 </run>
</runHistory>
