﻿Date Run,Status,Time,# of Errors,# of Warnings,# of Exceptions,Log File,Return Value,Error Message,# of Successes
2021-09-15 23:02:53.707 -0600,"Failure",0:00:03,1,0,0,"20210915_230253.707/LogFile.txt","","Script Error -- Number of Errors logged: 1",0
2021-09-15 23:03:12.580 -0600,"Failure",0:00:06,1,0,0,"20210915_230312.580/LogFile.txt","","Script Error -- Number of Errors logged: 1",0
2021-09-15 23:03:31.136 -0600,"Failure",0:00:22,1,2,0,"20210915_230331.136/LogFile.txt","","Script Error -- Number of Errors logged: 1",0
2021-09-15 23:04:10.262 -0600,"Success",0:00:15,0,0,0,"20210915_230410.262/LogFile.txt","","",1
2021-09-15 23:06:27.929 -0600,"Success",0:00:15,0,0,0,"20210915_230627.929/LogFile.txt","","",1
2021-09-15 23:07:25.412 -0600,"Success",0:00:20,0,0,0,"20210915_230725.412/LogFile.txt","","",1
