﻿<?xml version="1.0" encoding="UTF-8" ?>
<runHistory script="Deploy/ExcuteAModel">
 <run>
  <RunDate>2021-07-28 09:56:02.692 -0600</RunDate>
  <Status>Success</Status>
  <Duration>0.295144</Duration>
  <Errors>0</Errors>
  <Warnings>0</Warnings>
  <Exceptions>0</Exceptions>
  <Successes>1</Successes>
  <LogFile>20210728_095602.692/LogFile.txt</LogFile>
  <ReturnValue></ReturnValue>
  <ErrorMessage></ErrorMessage>
 </run>
 <run>
  <RunDate>2021-07-28 09:56:43.054 -0600</RunDate>
  <Status>Success</Status>
  <Duration>1.195673</Duration>
  <Errors>0</Errors>
  <Warnings>0</Warnings>
  <Exceptions>0</Exceptions>
  <Successes>1</Successes>
  <LogFile>20210728_095643.054/LogFile.txt</LogFile>
  <ReturnValue></ReturnValue>
  <ErrorMessage></ErrorMessage>
 </run>
 <run>
  <RunDate>2021-07-28 09:58:53.924 -0600</RunDate>
  <Status>Success</Status>
  <Duration>3.994524</Duration>
  <Errors>0</Errors>
  <Warnings>0</Warnings>
  <Exceptions>0</Exceptions>
  <Successes>1</Successes>
  <LogFile>20210728_095853.924/LogFile.txt</LogFile>
  <ReturnValue></ReturnValue>
  <ErrorMessage></ErrorMessage>
 </run>
 <run>
  <RunDate>2021-07-28 10:02:46.684 -0600</RunDate>
  <Status>Success</Status>
  <Duration>3.878648</Duration>
  <Errors>0</Errors>
  <Warnings>0</Warnings>
  <Exceptions>0</Exceptions>
  <Successes>1</Successes>
  <LogFile>20210728_100246.684/LogFile.txt</LogFile>
  <ReturnValue></ReturnValue>
  <ErrorMessage></ErrorMessage>
 </run>
 <run>
  <RunDate>2021-09-15 23:01:21.494 -0600</RunDate>
  <Status>Success</Status>
  <Duration>3.694888</Duration>
  <Errors>0</Errors>
  <Warnings>0</Warnings>
  <Exceptions>0</Exceptions>
  <Successes>1</Successes>
  <LogFile>20210915_230121.494/LogFile.txt</LogFile>
  <ReturnValue></ReturnValue>
  <ErrorMessage></ErrorMessage>
 </run>
</runHistory>
