{
  "entries" : [
    {
      "identifier" : "START",
      "message" : "Running Untitled.script",
      "timestamp" : "2022-07-19 18:45:14.033 -0600"
    },
    {
      "handlerName" : "on_untitled",
      "message" : "2021-04-21T21:32:30.592Z",
      "timestamp" : "2022-07-19 18:45:14.079 -0600",
      "identifier" : "Log",
      "scriptName" : "Untitled.script",
      "handlerLine" : 1
    },
    {
      "handlerName" : "on_untitled",
      "message" : "2022-07-19_120000",
      "timestamp" : "2022-07-19 18:45:14.081 -0600",
      "identifier" : "Log",
      "scriptName" : "Untitled.script",
      "handlerLine" : 4
    },
    {
      "identifier" : "EndTestCase",
      "message" : "(Duration:\"0.153739\", Errors:\"0\", Exceptions:\"0\", StartTime:\"2022-07-19 18:45:14 -0600\", Successes:\"1\", TestCase:\"Untitled.script\", Warnings:\"0\")",
      "timestamp" : "2022-07-19 18:45:14.189 -0600"
    },
    {
      "identifier" : "SUCCESS",
      "message" : "Execution Time 0:00:00 Untitled.script",
      "timestamp" : "2022-07-19 18:45:14.201 -0600"
    }
  ],
  "createdTimestamp" : "2022-07-19 18:45:14.035 -0600"
}