{
  "entries" : [
    {
      "identifier" : "START",
      "message" : "Running Execute DAI API\/GetRuns.script",
      "timestamp" : "2022-07-13 14:18:48.054 -0500"
    },
    {
      "handlerName" : "on_setaccesstoken",
      "message" : "Able to Access DAI Server, and grab a access token",
      "timestamp" : "2022-07-13 14:18:50.102 -0500",
      "identifier" : "LogSuccess",
      "scriptName" : "",
      "handlerLine" : 13
    },
    {
      "identifier" : "EndTestCase",
      "message" : "(Duration:\"2.810789\", Errors:\"0\", Exceptions:\"0\", StartTime:\"2022-07-13 14:18:48 -0500\", Successes:\"1\", TestCase:\"Execute DAI API\/GetRuns.script\", Warnings:\"0\")",
      "timestamp" : "2022-07-13 14:18:50.867 -0500"
    },
    {
      "identifier" : "SUCCESS",
      "message" : "Execution Time 0:00:02 Execute DAI API\/GetRuns.script",
      "timestamp" : "2022-07-13 14:18:50.902 -0500"
    }
  ],
  "createdTimestamp" : "2022-07-13 14:18:48.056 -0500"
}