﻿<?xml version="1.0" encoding="UTF-8" ?>
<runHistory script="SampleGrabLogs">
 <run>
  <RunDate>2022-06-02 22:34:01.398 -0600</RunDate>
  <Status>Success</Status>
  <Duration>0.613201</Duration>
  <Errors>0</Errors>
  <Warnings>0</Warnings>
  <Exceptions>0</Exceptions>
  <Successes>1</Successes>
  <LogFile>20220602_223401.398/LogFile.txt</LogFile>
  <ReturnValue></ReturnValue>
  <ErrorMessage></ErrorMessage>
 </run>
 <run>
  <RunDate>2022-06-02 22:52:14.606 -0600</RunDate>
  <Status>Success</Status>
  <Duration>23.947255</Duration>
  <Errors>0</Errors>
  <Warnings>1</Warnings>
  <Exceptions>0</Exceptions>
  <Successes>1</Successes>
  <LogFile>20220602_225214.606/LogFile.txt</LogFile>
  <ReturnValue></ReturnValue>
  <ErrorMessage></ErrorMessage>
 </run>
 <run>
  <RunDate>2022-06-02 22:53:05.023 -0600</RunDate>
  <Status>Success</Status>
  <Duration>2.146928</Duration>
  <Errors>0</Errors>
  <Warnings>1</Warnings>
  <Exceptions>0</Exceptions>
  <Successes>1</Successes>
  <LogFile>20220602_225305.023/LogFile.txt</LogFile>
  <ReturnValue></ReturnValue>
  <ErrorMessage></ErrorMessage>
 </run>
 <run>
  <RunDate>2022-06-02 22:53:12.148 -0600</RunDate>
  <Status>Success</Status>
  <Duration>0.455304</Duration>
  <Errors>0</Errors>
  <Warnings>0</Warnings>
  <Exceptions>0</Exceptions>
  <Successes>1</Successes>
  <LogFile>20220602_225312.148/LogFile.txt</LogFile>
  <ReturnValue></ReturnValue>
  <ErrorMessage></ErrorMessage>
 </run>
 <run>
  <RunDate>2022-06-02 22:55:59.856 -0600</RunDate>
  <Status>Success</Status>
  <Duration>0.611995</Duration>
  <Errors>0</Errors>
  <Warnings>0</Warnings>
  <Exceptions>0</Exceptions>
  <Successes>1</Successes>
  <LogFile>20220602_225559.856/LogFile.txt</LogFile>
  <ReturnValue></ReturnValue>
  <ErrorMessage></ErrorMessage>
 </run>
 <run>
  <RunDate>2022-06-02 22:57:01.604 -0600</RunDate>
  <Status>Success</Status>
  <Duration>0.628802</Duration>
  <Errors>0</Errors>
  <Warnings>0</Warnings>
  <Exceptions>0</Exceptions>
  <Successes>1</Successes>
  <LogFile>20220602_225701.604/LogFile.txt</LogFile>
  <ReturnValue></ReturnValue>
  <ErrorMessage></ErrorMessage>
 </run>
 <run>
  <RunDate>2022-06-02 22:57:37.136 -0600</RunDate>
  <Status>Success</Status>
  <Duration>0.642531</Duration>
  <Errors>0</Errors>
  <Warnings>0</Warnings>
  <Exceptions>0</Exceptions>
  <Successes>1</Successes>
  <LogFile>20220602_225737.136/LogFile.txt</LogFile>
  <ReturnValue></ReturnValue>
  <ErrorMessage></ErrorMessage>
 </run>
 <run>
  <RunDate>2022-06-02 22:57:47.541 -0600</RunDate>
  <Status>Success</Status>
  <Duration>0.690668</Duration>
  <Errors>0</Errors>
  <Warnings>0</Warnings>
  <Exceptions>0</Exceptions>
  <Successes>1</Successes>
  <LogFile>20220602_225747.541/LogFile.txt</LogFile>
  <ReturnValue></ReturnValue>
  <ErrorMessage></ErrorMessage>
 </run>
 <run>
  <RunDate>2022-06-02 23:33:40.448 -0600</RunDate>
  <Status>Success</Status>
  <Duration>0.909516</Duration>
  <Errors>0</Errors>
  <Warnings>0</Warnings>
  <Exceptions>0</Exceptions>
  <Successes>1</Successes>
  <LogFile>20220602_233340.448/LogFile.txt</LogFile>
  <ReturnValue></ReturnValue>
  <ErrorMessage></ErrorMessage>
 </run>
 <run>
  <RunDate>2022-06-02 23:36:14.158 -0600</RunDate>
  <Status>Success</Status>
  <Duration>0.705058</Duration>
  <Errors>0</Errors>
  <Warnings>0</Warnings>
  <Exceptions>0</Exceptions>
  <Successes>1</Successes>
  <LogFile>20220602_233614.158/LogFile.txt</LogFile>
  <ReturnValue></ReturnValue>
  <ErrorMessage></ErrorMessage>
 </run>
 <run>
  <RunDate>2022-06-02 23:36:44.120 -0600</RunDate>
  <Status>Success</Status>
  <Duration>0.882529</Duration>
  <Errors>0</Errors>
  <Warnings>0</Warnings>
  <Exceptions>0</Exceptions>
  <Successes>1</Successes>
  <LogFile>20220602_233644.120/LogFile.txt</LogFile>
  <ReturnValue></ReturnValue>
  <ErrorMessage></ErrorMessage>
 </run>
 <run>
  <RunDate>2022-06-02 23:36:51.835 -0600</RunDate>
  <Status>Success</Status>
  <Duration>0.487797</Duration>
  <Errors>0</Errors>
  <Warnings>0</Warnings>
  <Exceptions>0</Exceptions>
  <Successes>1</Successes>
  <LogFile>20220602_233651.835/LogFile.txt</LogFile>
  <ReturnValue></ReturnValue>
  <ErrorMessage></ErrorMessage>
 </run>
 <run>
  <RunDate>2022-06-02 23:39:51.403 -0600</RunDate>
  <Status>Success</Status>
  <Duration>0.515640</Duration>
  <Errors>0</Errors>
  <Warnings>0</Warnings>
  <Exceptions>0</Exceptions>
  <Successes>1</Successes>
  <LogFile>20220602_233951.403/LogFile.txt</LogFile>
  <ReturnValue></ReturnValue>
  <ErrorMessage></ErrorMessage>
 </run>
 <run>
  <RunDate>2022-06-02 23:40:17.206 -0600</RunDate>
  <Status>Failure</Status>
  <Duration>0.587702</Duration>
  <Errors>1</Errors>
  <Warnings>0</Warnings>
  <Exceptions>0</Exceptions>
  <Successes>1</Successes>
  <LogFile>20220602_234017.206/LogFile.txt</LogFile>
  <ReturnValue></ReturnValue>
  <ErrorMessage>Invalid JSON -- Can&#x27;t get value of JSON expression</ErrorMessage>
 </run>
 <run>
  <RunDate>2022-06-02 23:40:29.704 -0600</RunDate>
  <Status>Success</Status>
  <Duration>0.490295</Duration>
  <Errors>0</Errors>
  <Warnings>0</Warnings>
  <Exceptions>0</Exceptions>
  <Successes>1</Successes>
  <LogFile>20220602_234029.704/LogFile.txt</LogFile>
  <ReturnValue></ReturnValue>
  <ErrorMessage></ErrorMessage>
 </run>
 <run>
  <RunDate>2022-06-02 23:40:54.407 -0600</RunDate>
  <Status>Success</Status>
  <Duration>0.620122</Duration>
  <Errors>0</Errors>
  <Warnings>0</Warnings>
  <Exceptions>0</Exceptions>
  <Successes>1</Successes>
  <LogFile>20220602_234054.407/LogFile.txt</LogFile>
  <ReturnValue></ReturnValue>
  <ErrorMessage></ErrorMessage>
 </run>
 <run>
  <RunDate>2022-06-02 23:42:34.392 -0600</RunDate>
  <Status>Success</Status>
  <Duration>0.603444</Duration>
  <Errors>0</Errors>
  <Warnings>0</Warnings>
  <Exceptions>0</Exceptions>
  <Successes>1</Successes>
  <LogFile>20220602_234234.392/LogFile.txt</LogFile>
  <ReturnValue></ReturnValue>
  <ErrorMessage></ErrorMessage>
 </run>
 <run>
  <RunDate>2022-06-02 23:43:23.254 -0600</RunDate>
  <Status>Success</Status>
  <Duration>0.490472</Duration>
  <Errors>0</Errors>
  <Warnings>0</Warnings>
  <Exceptions>0</Exceptions>
  <Successes>1</Successes>
  <LogFile>20220602_234323.254/LogFile.txt</LogFile>
  <ReturnValue></ReturnValue>
  <ErrorMessage></ErrorMessage>
 </run>
 <run>
  <RunDate>2022-06-02 23:43:46.004 -0600</RunDate>
  <Status>Failure</Status>
  <Duration>0.004805</Duration>
  <Errors>1</Errors>
  <Warnings>0</Warnings>
  <Exceptions>0</Exceptions>
  <Successes>0</Successes>
  <LogFile>20220602_234346.004/LogFile.txt</LogFile>
  <ReturnValue></ReturnValue>
  <ErrorMessage>SenseTalk Compiler Exception -- in samplegrablogs:
Syntax Error at line 20: Syntax Error - can&#x27;t understand &quot;-&quot; at character 1</ErrorMessage>
 </run>
 <run>
  <RunDate>2022-06-02 23:43:50.906 -0600</RunDate>
  <Status>Failure</Status>
  <Duration>0.004009</Duration>
  <Errors>1</Errors>
  <Warnings>0</Warnings>
  <Exceptions>0</Exceptions>
  <Successes>0</Successes>
  <LogFile>20220602_234350.906/LogFile.txt</LogFile>
  <ReturnValue></ReturnValue>
  <ErrorMessage>SenseTalk Compiler Exception -- in samplegrablogs:
Syntax Error at line 20: Syntax Error - can&#x27;t understand &quot;-&quot; at character 1</ErrorMessage>
 </run>
 <run>
  <RunDate>2022-06-02 23:43:57.907 -0600</RunDate>
  <Status>Success</Status>
  <Duration>0.562395</Duration>
  <Errors>0</Errors>
  <Warnings>0</Warnings>
  <Exceptions>0</Exceptions>
  <Successes>1</Successes>
  <LogFile>20220602_234357.907/LogFile.txt</LogFile>
  <ReturnValue></ReturnValue>
  <ErrorMessage></ErrorMessage>
 </run>
 <run>
  <RunDate>2022-06-02 23:44:39.646 -0600</RunDate>
  <Status>Success</Status>
  <Duration>0.606913</Duration>
  <Errors>0</Errors>
  <Warnings>0</Warnings>
  <Exceptions>0</Exceptions>
  <Successes>1</Successes>
  <LogFile>20220602_234439.646/LogFile.txt</LogFile>
  <ReturnValue></ReturnValue>
  <ErrorMessage></ErrorMessage>
 </run>
 <run>
  <RunDate>2022-06-02 23:44:55.151 -0600</RunDate>
  <Status>Success</Status>
  <Duration>0.670987</Duration>
  <Errors>0</Errors>
  <Warnings>0</Warnings>
  <Exceptions>0</Exceptions>
  <Successes>1</Successes>
  <LogFile>20220602_234455.151/LogFile.txt</LogFile>
  <ReturnValue></ReturnValue>
  <ErrorMessage></ErrorMessage>
 </run>
 <run>
  <RunDate>2022-06-02 23:45:17.701 -0600</RunDate>
  <Status>Success</Status>
  <Duration>0.431285</Duration>
  <Errors>0</Errors>
  <Warnings>0</Warnings>
  <Exceptions>0</Exceptions>
  <Successes>1</Successes>
  <LogFile>20220602_234517.701/LogFile.txt</LogFile>
  <ReturnValue></ReturnValue>
  <ErrorMessage></ErrorMessage>
 </run>
 <run>
  <RunDate>2022-06-02 23:45:47.714 -0600</RunDate>
  <Status>Success</Status>
  <Duration>0.426489</Duration>
  <Errors>0</Errors>
  <Warnings>0</Warnings>
  <Exceptions>0</Exceptions>
  <Successes>1</Successes>
  <LogFile>20220602_234547.714/LogFile.txt</LogFile>
  <ReturnValue></ReturnValue>
  <ErrorMessage></ErrorMessage>
 </run>
 <run>
  <RunDate>2022-06-03 11:25:01.795 -0600</RunDate>
  <Status>Success</Status>
  <Duration>0.607558</Duration>
  <Errors>0</Errors>
  <Warnings>0</Warnings>
  <Exceptions>0</Exceptions>
  <Successes>1</Successes>
  <LogFile>20220603_112501.795/LogFile.txt</LogFile>
  <ReturnValue></ReturnValue>
  <ErrorMessage></ErrorMessage>
 </run>
 <run>
  <RunDate>2022-06-03 11:27:19.250 -0600</RunDate>
  <Status>Success</Status>
  <Duration>0.641568</Duration>
  <Errors>0</Errors>
  <Warnings>0</Warnings>
  <Exceptions>0</Exceptions>
  <Successes>1</Successes>
  <LogFile>20220603_112719.250/LogFile.txt</LogFile>
  <ReturnValue></ReturnValue>
  <ErrorMessage></ErrorMessage>
 </run>
 <run>
  <RunDate>2022-06-03 11:27:44.153 -0600</RunDate>
  <Status>Success</Status>
  <Duration>0.573006</Duration>
  <Errors>0</Errors>
  <Warnings>0</Warnings>
  <Exceptions>0</Exceptions>
  <Successes>1</Successes>
  <LogFile>20220603_112744.153/LogFile.txt</LogFile>
  <ReturnValue></ReturnValue>
  <ErrorMessage></ErrorMessage>
 </run>
 <run>
  <RunDate>2022-06-03 11:31:38.544 -0600</RunDate>
  <Status>Failure</Status>
  <Duration>0.509045</Duration>
  <Errors>1</Errors>
  <Warnings>0</Warnings>
  <Exceptions>0</Exceptions>
  <Successes>1</Successes>
  <LogFile>20220603_113138.544/LogFile.txt</LogFile>
  <ReturnValue></ReturnValue>
  <ErrorMessage>Invalid JSON -- Can&#x27;t get value of JSON expression</ErrorMessage>
 </run>
 <run>
  <RunDate>2022-06-03 11:32:08.965 -0600</RunDate>
  <Status>Failure</Status>
  <Duration>0.495615</Duration>
  <Errors>1</Errors>
  <Warnings>0</Warnings>
  <Exceptions>0</Exceptions>
  <Successes>1</Successes>
  <LogFile>20220603_113208.965/LogFile.txt</LogFile>
  <ReturnValue></ReturnValue>
  <ErrorMessage>Invalid JSON -- Can&#x27;t get value of JSON expression</ErrorMessage>
 </run>
 <run>
  <RunDate>2022-06-03 15:42:31.652 -0600</RunDate>
  <Status>Failure</Status>
  <Duration>0.502544</Duration>
  <Errors>1</Errors>
  <Warnings>0</Warnings>
  <Exceptions>0</Exceptions>
  <Successes>1</Successes>
  <LogFile>20220603_154231.652/LogFile.txt</LogFile>
  <ReturnValue></ReturnValue>
  <ErrorMessage>Invalid JSON -- Can&#x27;t get value of JSON expression</ErrorMessage>
 </run>
 <run>
  <RunDate>2022-06-28 09:33:59.064 -0700</RunDate>
  <Status>Failure</Status>
  <Duration>0.682160</Duration>
  <Errors>1</Errors>
  <Warnings>0</Warnings>
  <Exceptions>0</Exceptions>
  <Successes>1</Successes>
  <LogFile>20220628_093359.064/LogFile.txt</LogFile>
  <ReturnValue></ReturnValue>
  <ErrorMessage>Invalid JSON -- Can&#x27;t get value of JSON expression</ErrorMessage>
 </run>
</runHistory>
