{
  "entries" : [
    {
      "identifier" : "START",
      "message" : "Running Developing\/SampleGrabLogs.script",
      "timestamp" : "2022-06-03 15:42:31.655 -0600"
    },
    {
      "handlerName" : "on_setaccesstoken",
      "message" : "Able to Access DAI Server, and grab a access token",
      "timestamp" : "2022-06-03 15:42:31.845 -0600",
      "identifier" : "LogSuccess",
      "scriptName" : "",
      "handlerLine" : 13
    },
    {
      "identifier" : "EndTestCase",
      "message" : "(Duration:\"0.498553\", Errors:\"1\", Exceptions:\"0\", StartTime:\"2022-06-03 15:42:31 -0600\", Successes:\"1\", TestCase:\"Developing\/SampleGrabLogs.script\", Warnings:\"0\")",
      "timestamp" : "2022-06-03 15:42:32.155 -0600"
    },
    {
      "identifier" : "FAILURE",
      "message" : "Invalid JSON: Can't get value of JSON expression -- Execution Time 0:00:00 Developing\/SampleGrabLogs.script",
      "timestamp" : "2022-06-03 15:42:32.166 -0600"
    }
  ],
  "createdTimestamp" : "2022-06-03 15:42:31.656 -0600"
}