{
  "entries" : [
    {
      "identifier" : "START",
      "message" : "Running Utilities\/Untitled.script",
      "timestamp" : "2022-02-07 13:57:41.157 -0700"
    },
    {
      "handlerName" : "on_utilities_untitled",
      "message" : "{authenticationtype:\"None\", httpmethod:\"GET\", mimeType:\"text\/html\", oauthToken:\"\", password:\"*********\", requestbody:\"\", requestbodyformat:\"Form Url Encoded\", requestheaders:\"\", responseBody:@\"<!doctype html><html itemscope=\\\"\\\" itemtype=\\\"http:\/\/schema.org\/WebPage\\\" lang=\\\"en\\\"><head><meta content=\\\"Search the world's information, including webpages, images, videos and more. Google has many special features to help you find exactly what you're looking for.\\\" name=\\\"description\\\"><meta content=\\\"noodp\\\" name=\\\"robots\\\"><meta content=\\\"text\/html; charset=UTF-8\\\" http-equiv=\\\"Content-Type\\\"><meta content=\\\"\/images\/branding\/googleg\/1x\/googleg_standard_color_128dp.png\\\" itemprop=\\\"image\\\"><title>Google<\/title><script nonce=\\\"vnJrwHz4F6hH\/ZJnSdOFeQ==\\\">(function(){window.google={kEI:'mIcBYtDRHfHQ9APVk5DQDw',kEXPI:'0,18168,184286,3,1100079,56873,6059,206,2414,2390,2316,383,246,5,1354,4013,923,314,1122516,1197774,627,380089,16115,28684,17572,4858,1362,283,9007,3021,17588,4020,978,13228,3847,4192,6430,22741,1832,1023,2226,1593,1279,2742,149,1103,840,1983,213,4101,108,4012,2025,1775,520,6344,8326,3227,2845,7,17450,8101,6295,1924,908,2,941,2614,12710,432,3,1590,1,5444,149,11323,991,1661,4,1528,2304,6462,577,74,4609,204,17136,3050,2658,7356,31,13628,2305,675,1457,15351,1435,5818,2539,4094,4052,3,3541,1,11943,2768,2096,38,6866,3248,11430,3768,2,14019,1931,92,350,342,255,2993,285,1272,743,5853,10463,1160,4192,1487,1021,2379,2720,18278,1,8,6680,1055,4568,2578,3681,16538,907,1183,4790,1246,5795,46,11260,2569,1138,1551,2782,2204,2083,99,1703,1395,445,2,2,1,1385,9405,431,1863,4237,307,1,2,3762,53,873,285,1179,845,618,939,10,1,436,674,2,371,6963,83,62,113,2147,306,66,919,1573,5,37,5,294,3,97,68,949,316,252,230,1,2,3,124,333,2,937,78,1459,633,330,598,1921,173,477,1469,736,1196,238,20,1114,1542,539,365,391,1377,264,736,241,567,15,33,324,2015,148,366,463,792,365,919,920,1,1505,908,1951,3,5486223,2032,859,94,156,8796902,882,444,1,2,80,1,1796,1,9,2553,1,748,141,795,563,1,4265,1,1,2,1331,4142,2609,155,17,13,72,139,4,2,20,2,169,13,19,46,5,39,96,548,29,2,2,1,2,1,2,2,7,4,1,2,2,2,2,2,2,353,513,186,1,1,158,3,2,2,2,2,2,4,2,3,3,269,1601,141,204,131,83,23,4,4,4,10,4,59,15,4,4,10,2,11,2,12,23652563,299831,2862027,1176544,3,3116,3,450,1964,1491,9,1435,159,1358,965,3761,3,923,3538,1060,1242,461',kBL:'lZhc'};google.sn='webhp';google.kHL='en';})();(function(){\\nvar f=this||self;var h,k=[];function l(a){for(var b;a&&(!a.getAttribute||!(b=a.getAttribute(\\\"eid\\\")));)a=a.parentNode;return b||h}function m(a){for(var b=null;a&&(!a.getAttribute||!(b=a.getAttribute(\\\"leid\\\")));)a=a.parentNode;return b}\\nfunction n(a,b,c,d,g){var e=\\\"\\\";c||-1!==b.search(\\\"&ei=\\\")||(e=\\\"&ei=\\\"+l(d),-1===b.search(\\\"&lei=\\\")&&(d=m(d))&&(e+=\\\"&lei=\\\"+d));d=\\\"\\\";!c&&f._cshid&&-1===b.search(\\\"&cshid=\\\")&&\\\"slh\\\"!==a&&(d=\\\"&cshid=\\\"+f._cshid);c=c||\\\"\/\\\"+(g||\\\"gen_204\\\")+\\\"?atyp=i&ct=\\\"+a+\\\"&cad=\\\"+b+e+\\\"&zx=\\\"+Date.now()+d;\/^http:\/i.test(c)&&\\\"https:\\\"===window.location.protocol&&(google.ml&&google.ml(Error(\\\"a\\\"),!1,{src:c,glmm:1}),c=\\\"\\\");return c};h=google.kEI;google.getEI=l;google.getLEI=m;google.ml=function(){return null};google.log=function(a,b,c,d,g){if(c=n(a,b,c,d,g)){a=new Image;var e=k.length;k[e]=a;a.onerror=a.onload=a.onabort=function(){delete k[e]};a.src=c}};google.logUrl=n;}).call(this);(function(){\\ngoogle.y={};google.sy=[];google.x=function(a,b){if(a)var c=a.id;else{do c=Math.random();while(google.y[c])}google.y[c]=[a,b];return!1};google.sx=function(a){google.sy.push(a)};google.lm=[];google.plm=function(a){google.lm.push.apply(google.lm,a)};google.lq=[];google.load=function(a,b,c){google.lq.push([[a],b,c])};google.loadAll=function(a,b){google.lq.push([a,b])};google.bx=!1;google.lx=function(){};}).call(this);google.f={};(function(){\\ndocument.documentElement.addEventListener(\\\"submit\\\",function(b){var a;if(a=b.target){var c=a.getAttribute(\\\"data-submitfalse\\\");a=\\\"1\\\"===c||\\\"q\\\"===c&&!a.elements.q.value?!0:!1}else a=!1;a&&(b.preventDefault(),b.stopPropagation())},!0);document.documentElement.addEventListener(\\\"click\\\",function(b){var a;a:{for(a=b.target;a&&a!==document.documentElement;a=a.parentElement)if(\\\"A\\\"===a.tagName){a=\\\"1\\\"===a.getAttribute(\\\"data-nohref\\\");break a}a=!1}a&&b.preventDefault()},!0);}).call(this);<\/script><style>#gbar,#guser{font-size:13px;padding-top:1px !important;}#gbar{height:22px}#guser{padding-bottom:7px !important;text-align:right}.gbh,.gbd{border-top:1px solid #c9d7f1;font-size:1px}.gbh{height:0;position:absolute;top:24px;width:100%}@media all{.gb1{height:22px;margin-right:.5em;vertical-align:top}#gbar{float:left}}a.gb1,a.gb4{text-decoration:underline !important}a.gb1,a.gb4{color:#00c !important}.gbi .gb4{color:#dd8e27 !important}.gbf .gb4{color:#900 !important}\\n<\/style><style>body,td,a,p,.h{font-family:arial,sans-serif}body{margin:0;overflow-y:scroll}#gog{padding:3px 8px 0}td{line-height:.8em}.gac_m td{line-height:17px}form{margin-bottom:20px}.h{color:#1558d6}em{font-weight:bold;font-style:normal}.lst{height:25px;width:496px}.gsfi,.lst{font:18px arial,sans-serif}.gsfs{font:17px arial,sans-serif}.ds{display:inline-box;display:inline-block;margin:3px 0 4px;margin-left:4px}input{font-family:inherit}body{background:#fff;color:#000}a{color:#4b11a8;text-decoration:none}a:hover,a:active{text-decoration:underline}.fl a{color:#1558d6}a:visited{color:#4b11a8}.sblc{padding-top:5px}.sblc a{display:block;margin:2px 0;margin-left:13px;font-size:11px}.lsbb{background:#f8f9fa;border:solid 1px;border-color:#dadce0 #70757a #70757a #dadce0;height:30px}.lsbb{display:block}#WqQANb a{display:inline-block;margin:0 12px}.lsb{background:url(\/images\/nav_logo229.png) 0 -261px repeat-x;border:none;color:#000;cursor:pointer;height:30px;margin:0;outline:0;font:15px arial,sans-serif;vertical-align:top}.lsb:active{background:#dadce0}.lst:focus{outline:none}<\/style><script nonce=\\\"vnJrwHz4F6hH\/ZJnSdOFeQ==\\\">(function(){window.google.erd={jsr:1,bv:1527,de:true};\\nvar f=this||self;var g,h=null!=(g=f.mei)?g:1,m,n=null!=(m=f.sdo)?m:!0,p=0,q,r=google.erd,u=r.jsr;google.ml=function(a,b,d,k,c){c=void 0===c?2:c;b&&(q=a&&a.message);if(google.dl)return google.dl(a,c,d),null;if(0>u){window.console&&console.error(a,d);if(-2===u)throw a;b=!1}else b=!a||!a.message||\\\"Error loading script\\\"===a.message||p>=h&&!k?!1:!0;if(!b)return null;p++;d=d||{};var e=c;c=encodeURIComponent;b=\\\"\/gen_204?atyp=i&ei=\\\"+c(google.kEI);google.kEXPI&&(b+=\\\"&jexpid=\\\"+c(google.kEXPI));b+=\\\"&srcpg=\\\"+c(google.sn)+\\\"&jsr=\\\"+c(r.jsr)+\\\"&bver=\\\"+c(r.bv)+(\\\"&jsel=\\\"+e);e=a.lineNumber;void 0!==e&&(b+=\\\"&line=\\\"+\\ne);var l=a.fileName;l&&(b+=\\\"&script=\\\"+c(l),e&&l===window.location.href&&(e=document.documentElement.outerHTML.split(\\\"\\\\n\\\")[e],b+=\\\"&cad=\\\"+c(e?e.substring(0,300):\\\"No script found.\\\")));for(var t in d)b+=\\\"&\\\",b+=c(t),b+=\\\"=\\\",b+=c(d[t]);b=b+\\\"&emsg=\\\"+c(a.name+\\\": \\\"+a.message);b=b+\\\"&jsst=\\\"+c(a.stack||\\\"N\/A\\\");12288<=b.length&&(b=b.substr(0,12288));a=b;k||google.log(0,\\\"\\\",a);return a};window.onerror=function(a,b,d,k,c){q!==a&&(a=c instanceof Error?c:Error(a),void 0===d||\\\"lineNumber\\\"in a||(a.lineNumber=d),void 0===b||\\\"fileName\\\"in a||(a.fileName=b),google.ml(a,!1,void 0,!1,\\\"SyntaxError\\\"===a.name||\\\"SyntaxError\\\"===a.message.substring(0,11)?2:0));q=null;n&&p>=h&&(window.onerror=null)};})();<\/script><\/head><body bgcolor=\\\"#fff\\\"><script nonce=\\\"vnJrwHz4F6hH\/ZJnSdOFeQ==\\\">(function(){var src='\/images\/nav_logo229.png';var iesg=false;document.body.onload = function(){window.n && window.n();if (document.images){new Image().src=src;}\\nif (!iesg){document.f&&document.f.q.focus();document.gbqf&&document.gbqf.q.focus();}\\n}\\n})();<\/script><div id=\\\"mngb\\\"><div id=gbar><nobr><b class=gb1>Search<\/b> <a class=gb1 href=\\\"http:\/\/www.google.com\/imghp?hl=en&tab=wi\\\">Images<\/a> <a class=gb1 href=\\\"http:\/\/maps.google.com\/maps?hl=en&tab=wl\\\">Maps<\/a> <a class=gb1 href=\\\"https:\/\/play.google.com\/?hl=en&tab=w8\\\">Play<\/a> <a class=gb1 href=\\\"http:\/\/www.youtube.com\/?gl=US&tab=w1\\\">YouTube<\/a> <a class=gb1 href=\\\"https:\/\/news.google.com\/?tab=wn\\\">News<\/a> <a class=gb1 href=\\\"https:\/\/mail.google.com\/mail\/?tab=wm\\\">Gmail<\/a> <a class=gb1 href=\\\"https:\/\/drive.google.com\/?tab=wo\\\">Drive<\/a> <a class=gb1 style=\\\"text-decoration:none\\\" href=\\\"https:\/\/www.google.com\/intl\/en\/about\/products?tab=wh\\\"><u>More<\/u> &raquo;<\/a><\/nobr><\/div><div id=guser width=100%><nobr><span id=gbn class=gbi><\/span><span id=gbf class=gbf><\/span><span id=gbe><\/span><a href=\\\"http:\/\/www.google.com\/history\/optout?hl=en\\\" class=gb4>Web History<\/a> | <a  href=\\\"\/preferences?hl=en\\\" class=gb4>Settings<\/a> | <a target=_top id=gb_70 href=\\\"https:\/\/accounts.google.com\/ServiceLogin?hl=en&passive=true&continue=http:\/\/www.google.com\/&ec=GAZAAQ\\\" class=gb4>Sign in<\/a><\/nobr><\/div><div class=gbh style=left:0><\/div><div class=gbh style=right:0><\/div><\/div><center><br clear=\\\"all\\\" id=\\\"lgpd\\\"><div id=\\\"lga\\\"><img alt=\\\"Google\\\" height=\\\"92\\\" src=\\\"\/images\/branding\/googlelogo\/1x\/googlelogo_white_background_color_272x92dp.png\\\" style=\\\"padding:28px 0 14px\\\" width=\\\"272\\\" id=\\\"hplogo\\\"><br><br><\/div><form action=\\\"\/search\\\" name=\\\"f\\\"><table cellpadding=\\\"0\\\" cellspacing=\\\"0\\\"><tr valign=\\\"top\\\"><td width=\\\"25%\\\">&nbsp;<\/td><td align=\\\"center\\\" nowrap=\\\"\\\"><input name=\\\"ie\\\" value=\\\"ISO-8859-1\\\" type=\\\"hidden\\\"><input value=\\\"en\\\" name=\\\"hl\\\" type=\\\"hidden\\\"><input name=\\\"source\\\" type=\\\"hidden\\\" value=\\\"hp\\\"><input name=\\\"biw\\\" type=\\\"hidden\\\"><input name=\\\"bih\\\" type=\\\"hidden\\\"><div class=\\\"ds\\\" style=\\\"height:32px;margin:4px 0\\\"><input class=\\\"lst\\\" style=\\\"margin:0;padding:5px 8px 0 6px;vertical-align:top;color:#000\\\" autocomplete=\\\"off\\\" value=\\\"\\\" title=\\\"Google Search\\\" maxlength=\\\"2048\\\" name=\\\"q\\\" size=\\\"57\\\"><\/div><br style=\\\"line-height:0\\\"><span class=\\\"ds\\\"><span class=\\\"lsbb\\\"><input class=\\\"lsb\\\" value=\\\"Google Search\\\" name=\\\"btnG\\\" type=\\\"submit\\\"><\/span><\/span><span class=\\\"ds\\\"><span class=\\\"lsbb\\\"><input class=\\\"lsb\\\" id=\\\"tsuid1\\\" value=\\\"I'm Feeling Lucky\\\" name=\\\"btnI\\\" type=\\\"submit\\\"><script nonce=\\\"vnJrwHz4F6hH\/ZJnSdOFeQ==\\\">(function(){var id='tsuid1';document.getElementById(id).onclick = function(){if (this.form.q.value){this.checked = 1;if (this.form.iflsig)this.form.iflsig.disabled = false;}\\nelse top.location='\/doodles\/';};})();<\/script><input value=\\\"AHkkrS4AAAAAYgGVqD74YsFBC1iO2Cn44DmH5PxLwUKm\\\" name=\\\"iflsig\\\" type=\\\"hidden\\\"><\/span><\/span><\/td><td class=\\\"fl sblc\\\" align=\\\"left\\\" nowrap=\\\"\\\" width=\\\"25%\\\"><a href=\\\"\/advanced_search?hl=en&amp;authuser=0\\\">Advanced search<\/a><\/td><\/tr><\/table><input id=\\\"gbv\\\" name=\\\"gbv\\\" type=\\\"hidden\\\" value=\\\"1\\\"><script nonce=\\\"vnJrwHz4F6hH\/ZJnSdOFeQ==\\\">(function(){\\nvar a,b=\\\"1\\\";if(document&&document.getElementById)if(\\\"undefined\\\"!=typeof XMLHttpRequest)b=\\\"2\\\";else if(\\\"undefined\\\"!=typeof ActiveXObject){var c,d,e=[\\\"MSXML2.XMLHTTP.6.0\\\",\\\"MSXML2.XMLHTTP.3.0\\\",\\\"MSXML2.XMLHTTP\\\",\\\"Microsoft.XMLHTTP\\\"];for(c=0;d=e[c++];)try{new ActiveXObject(d),b=\\\"2\\\"}catch(h){}}a=b;if(\\\"2\\\"==a&&-1==location.search.indexOf(\\\"&gbv=2\\\")){var f=google.gbvu,g=document.getElementById(\\\"gbv\\\");g&&(g.value=a);f&&window.setTimeout(function(){location.href=f},0)};}).call(this);<\/script><\/form><div id=\\\"gac_scont\\\"><\/div><div style=\\\"font-size:83%;min-height:3.5em\\\"><br><\/div><span id=\\\"footer\\\"><div style=\\\"font-size:10pt\\\"><div style=\\\"margin:19px auto;text-align:center\\\" id=\\\"WqQANb\\\"><a href=\\\"\/intl\/en\/ads\/\\\">Advertising Programs<\/a><a href=\\\"\/services\/\\\">Business Solutions<\/a><a href=\\\"\/intl\/en\/about.html\\\">About Google<\/a><\/div><\/div><p style=\\\"font-size:8pt;color:#70757a\\\">&copy; 2022 - <a href=\\\"\/intl\/en\/policies\/privacy\/\\\">Privacy<\/a> - <a href=\\\"\/intl\/en\/policies\/terms\/\\\">Terms<\/a><\/p><\/span><\/center><script nonce=\\\"vnJrwHz4F6hH\/ZJnSdOFeQ==\\\">(function(){window.google.cdo={height:757,width:1440};(function(){\\nvar a=window.innerWidth,b=window.innerHeight;if(!a||!b){var c=window.document,d=\\\"CSS1Compat\\\"==c.compatMode?c.documentElement:c.body;a=d.clientWidth;b=d.clientHeight}a&&b&&(a!=google.cdo.width||b!=google.cdo.height)&&google.log(\\\"\\\",\\\"\\\",\\\"\/client_204?&atyp=i&biw=\\\"+a+\\\"&bih=\\\"+b+\\\"&ei=\\\"+google.kEI);}).call(this);})();<\/script> <script nonce=\\\"vnJrwHz4F6hH\/ZJnSdOFeQ==\\\">(function(){google.xjs={ck:'',cs:'',excm:[]};})();<\/script>  <script nonce=\\\"vnJrwHz4F6hH\/ZJnSdOFeQ==\\\">(function(){var u='\/xjs\/_\/js\/k\\\\x3dxjs.hp.en_US.k4_8NaXNhe4.O\/am\\\\x3dAPAEAEACkA\/d\\\\x3d1\/ed\\\\x3d1\/esmo\\\\x3d1\/rs\\\\x3dACT90oHoqUBvpAgpsv_BFU6nd2H3uHbJ7Q\/m\\\\x3dsb_he,d';\\nvar d=this||self,e=function(a){return a};var g;var l=function(a,b){this.g=b===h?a:\\\"\\\"};l.prototype.toString=function(){return this.g+\\\"\\\"};var h={};\\nfunction n(){var a=u;google.lx=function(){p(a);google.lx=function(){}};google.bx||google.lx()}\\nfunction p(a){google.timers&&google.timers.load&&google.tick&&google.tick(\\\"load\\\",\\\"xjsls\\\");var b=document;var c=\\\"SCRIPT\\\";\\\"application\/xhtml+xml\\\"===b.contentType&&(c=c.toLowerCase());c=b.createElement(c);if(void 0===g){b=null;var k=d.trustedTypes;if(k&&k.createPolicy){try{b=k.createPolicy(\\\"goog#html\\\",{createHTML:e,createScript:e,createScriptURL:e})}catch(q){d.console&&d.console.error(q.message)}g=b}else g=b}a=(b=g)?b.createScriptURL(a):a;a=new l(a,h);c.src=a instanceof l&&a.constructor===l?a.g:\\\"type_error:TrustedResourceUrl\\\";var f,m;(f=(a=null==(m=(f=(c.ownerDocument&&c.ownerDocument.defaultView||window).document).querySelector)?void 0:m.call(f,\\\"script[nonce]\\\"))?a.nonce||a.getAttribute(\\\"nonce\\\")||\\\"\\\":\\\"\\\")&&c.setAttribute(\\\"nonce\\\",f);document.body.appendChild(c);google.psa=!0};google.xjsu=u;setTimeout(function(){n()},0);})();function _DumpException(e){throw e;}\\nfunction _F_installCss(c){}\\n(function(){google.jl={attn:false,blt:'none',chnk:0,dw:false,dwu:true,emtn:0,end:0,ine:false,lls:'default',pdt:0,rep:0,snet:true,strt:0,ubm:false,uwp:true};})();(function(){var pmc='{\\\\x22d\\\\x22:{},\\\\x22sb_he\\\\x22:{\\\\x22agen\\\\x22:true,\\\\x22cgen\\\\x22:true,\\\\x22client\\\\x22:\\\\x22heirloom-hp\\\\x22,\\\\x22dh\\\\x22:true,\\\\x22dhqt\\\\x22:true,\\\\x22ds\\\\x22:\\\\x22\\\\x22,\\\\x22ffql\\\\x22:\\\\x22en\\\\x22,\\\\x22fl\\\\x22:true,\\\\x22host\\\\x22:\\\\x22google.com\\\\x22,\\\\x22isbh\\\\x22:28,\\\\x22jsonp\\\\x22:true,\\\\x22msgs\\\\x22:{\\\\x22cibl\\\\x22:\\\\x22Clear Search\\\\x22,\\\\x22dym\\\\x22:\\\\x22Did you mean:\\\\x22,\\\\x22lcky\\\\x22:\\\\x22I\\\\\\\\u0026#39;m Feeling Lucky\\\\x22,\\\\x22lml\\\\x22:\\\\x22Learn more\\\\x22,\\\\x22oskt\\\\x22:\\\\x22Input tools\\\\x22,\\\\x22psrc\\\\x22:\\\\x22This search was removed from your \\\\\\\\u003Ca href\\\\x3d\\\\\\\\\\\\x22\/history\\\\\\\\\\\\x22\\\\\\\\u003EWeb History\\\\\\\\u003C\/a\\\\\\\\u003E\\\\x22,\\\\x22psrl\\\\x22:\\\\x22Remove\\\\x22,\\\\x22sbit\\\\x22:\\\\x22Search by image\\\\x22,\\\\x22srch\\\\x22:\\\\x22Google Search\\\\x22},\\\\x22ovr\\\\x22:{},\\\\x22pq\\\\x22:\\\\x22\\\\x22,\\\\x22refpd\\\\x22:true,\\\\x22rfs\\\\x22:[],\\\\x22sbas\\\\x22:\\\\x220 3px 8px 0 rgba(0,0,0,0.2),0 0 0 1px rgba(0,0,0,0.08)\\\\x22,\\\\x22sbpl\\\\x22:16,\\\\x22sbpr\\\\x22:16,\\\\x22scd\\\\x22:10,\\\\x22stok\\\\x22:\\\\x22C4pPyr4PyFEjQPsonzU5LNYp-6w\\\\x22,\\\\x22uhde\\\\x22:false}}';google.pmc=JSON.parse(pmc);})();<\/script>        <\/body><\/html>\", responseCookies:{NID:{Created:665960216, Domain:\".google.com\", Expires:\"2022-08-09 14:56:56 -0600\", HttpOnly:\"TRUE\", Name:\"NID\", Path:\"\/\", Value:\"511=eSQ0PglYRCT3bkmafJOyfS9aHZN9lmJ2YNRLVt_KErKHTEVj3o6VMJJIJByVJOWCidZ-_U7uvvhxjKxTHc1CikSKBxn2HhW5Jj_lNd72ALwehMUEaNCv_qSUbKWx8xYNiP3zhUq7Z0B5aIrSKXtE544w-Gh4xFt2rfDLgRy0G_Q\"}}, responseHeaders:{@\"Cache-Control\":\"private, max-age=0\", @\"Content-Encoding\":\"gzip\", @\"Content-Length\":\"6295\", @\"Content-Type\":\"text\/html; charset=ISO-8859-1\", Date:\"Mon, 07 Feb 2022 20:56:56 GMT\", Expires:\"-1\", P3P:@\"CP=\\\"This is not a P3P policy! See g.co\/p3phelp for more info.\\\"\", Server:\"gws\", @\"Set-Cookie\":\"1P_JAR=2022-02-07-20; expires=Wed, 09-Mar-2022 20:56:56 GMT; path=\/; domain=.google.com; Secure, NID=511=eSQ0PglYRCT3bkmafJOyfS9aHZN9lmJ2YNRLVt_KErKHTEVj3o6VMJJIJByVJOWCidZ-_U7uvvhxjKxTHc1CikSKBxn2HhW5Jj_lNd72ALwehMUEaNCv_qSUbKWx8xYNiP3zhUq7Z0B5aIrSKXtE544w-Gh4xFt2rfDLgRy0G_Q; expires=Tue, 09-Aug-2022 20:56:56 GMT; path=\/; domain=.google.com; HttpOnly\", @\"X-Frame-Options\":\"SAMEORIGIN\", @\"X-XSS-Protection\":\"0\"}, responseTime:0.246929, statusCode:200, url:\"http:\/\/google.com\", username:\"\"}",
      "timestamp" : "2022-02-07 13:57:41.226 -0700",
      "identifier" : "Log",
      "scriptName" : "Utilities\/Untitled.script",
      "handlerLine" : 5
    },
    {
      "identifier" : "EndTestCase",
      "message" : "(Duration:\"0.341439\", Errors:\"0\", Exceptions:\"0\", StartTime:\"2022-02-07 13:57:41 -0700\", Successes:\"1\", TestCase:\"Utilities\/Untitled.script\", Warnings:\"0\")",
      "timestamp" : "2022-02-07 13:57:41.500 -0700"
    },
    {
      "identifier" : "SUCCESS",
      "message" : "Execution Time 0:00:00 Utilities\/Untitled.script",
      "timestamp" : "2022-02-07 13:57:41.511 -0700"
    }
  ],
  "createdTimestamp" : "2022-02-07 13:57:41.158 -0700"
}