{
  "entries" : [
    {
      "identifier" : "START",
      "message" : "Running Execute DAI API\/GetRuns.script",
      "timestamp" : "2022-07-19 18:52:51.790 -0600"
    },
    {
      "handlerName" : "on_setaccesstoken",
      "message" : "Able to Access DAI Server, and grab a access token",
      "timestamp" : "2022-07-19 18:52:51.985 -0600",
      "identifier" : "LogSuccess",
      "scriptName" : "",
      "handlerLine" : 13
    },
    {
      "handlerName" : "on_execute_dai_api_getruns",
      "message" : "[{coverage:0.733333, endtime:\"2022-05-31T21:33:49.059827+00:00\", events:\"True\", failedaction:<missing value>, groupid:7, hierarchyid:18391, id:1307, modelid:\"97dfe942-bd64-4872-8225-92e9c488fd1c\", modelname:\"aws\", runtype:\"normal\", scriptname:<missing value>, seed:50546420, starttime:\"2022-05-31T21:33:48.954766+00:00\", step:0, suitename:<missing value>, testcase:\"\", testcaseid:<missing value>, testconfigtask:<missing value>, teststatus:\"PASSED\"},{coverage:0.8, endtime:\"2022-06-01T02:43:44.340640+00:00\", events:\"True\", failedaction:<missing value>, groupid:7, hierarchyid:18391, id:1308, modelid:\"97dfe942-bd64-4872-8225-92e9c488fd1c\", modelname:\"aws\", runtype:\"normal\", scriptname:<missing value>, seed:197629634, starttime:\"2022-06-01T02:43:44.217371+00:00\", step:0, suitename:<missing value>, testcase:\"\", testcaseid:<missing value>, testconfigtask:<missing value>, teststatus:\"PASSED\"},{coverage:0.8, endtime:\"2022-06-01T04:02:21.052199+00:00\", events:\"True\", failedaction:<missing value>, groupid:7, hierarchyid:18391, id:1309, modelid:\"97dfe942-bd64-4872-8225-92e9c488fd1c\", modelname:\"aws\", runtype:\"normal\", scriptname:<missing value>, seed:248830164, starttime:\"2022-06-01T04:02:20.910495+00:00\", step:0, suitename:<missing value>, testcase:\"\", testcaseid:<missing value>, testconfigtask:<missing value>, teststatus:\"PASSED\"},{coverage:1, endtime:\"2022-06-01T04:04:48.249890+00:00\", events:\"True\", failedaction:<missing value>, groupid:6, hierarchyid:17894, id:1310, modelid:\"109fd38c-cd6e-45f7-9e95-1b1c2add129b\", modelname:\"TopModel01\", runtype:\"normal\", scriptname:<missing value>, seed:45534673, starttime:\"2022-06-01T04:04:47.984076+00:00\", step:0, suitename:<missing value>, testcase:\"\", testcaseid:<missing value>, testconfigtask:<missing value>, teststatus:\"PASSED\"},{coverage:1, endtime:\"2022-06-01T04:04:48.215531+00:00\", events:\"True\", failedaction:<missing value>, groupid:6, hierarchyid:17932, id:1311, modelid:\"9d9e472b-5040-44ba-9c55-bc96405a2d61\", modelname:\"SubModel\", runtype:\"normal\", scriptname:<missing value>, seed:44753, starttime:\"2022-06-01T04:04:48.108991+00:00\", step:0, suitename:<missing value>, testcase:\"\", testcaseid:<missing value>, testconfigtask:<missing value>, teststatus:\"PASSED\"},{coverage:0.478571, endtime:\"2022-06-02T18:49:15.263992+00:00\", events:\"True\", failedaction:<missing value>, groupid:1, hierarchyid:18415, id:1312, modelid:\"b3a17a75-f3fa-4a0a-8f17-7d89252f993f\", modelname:\"NopCommerce\", runtype:\"normal\", scriptname:<missing value>, seed:96691154, starttime:\"2022-06-02T18:49:14.980999+00:00\", step:0, suitename:<missing value>, testcase:\"\", testcaseid:<missing value>, testconfigtask:<missing value>, teststatus:\"PASSED\"},{coverage:0.609524, endtime:\"2022-06-02T18:50:03.214498+00:00\", events:\"True\", failedaction:<missing value>, groupid:1, hierarchyid:18415, id:1313, modelid:\"b3a17a75-f3fa-4a0a-8f17-7d89252f993f\", modelname:\"NopCommerce\", runtype:\"normal\", scriptname:<missing value>, seed:137338744, starttime:\"2022-06-02T18:50:02.873566+00:00\", step:0, suitename:<missing value>, testcase:\"\", testcaseid:<missing value>, testconfigtask:<missing value>, teststatus:\"PASSED\"},{coverage:0.96875, endtime:\"2022-06-02T18:50:03.104004+00:00\", events:\"True\", failedaction:<missing value>, groupid:1, hierarchyid:18485, id:1314, modelid:\"4972f46e-aad7-4645-bae5-9383580a3728\", modelname:\"nopcommerceinformation\", runtype:\"normal\", scriptname:<missing value>, seed:46525, starttime:\"2022-06-02T18:50:02.995296+00:00\", step:0, suitename:<missing value>, testcase:\"\", testcaseid:<missing value>, testconfigtask:<missing value>, teststatus:\"PASSED\"},{coverage:0.378571, endtime:\"2022-06-02T18:50:42.545606+00:00\", events:\"True\", failedaction:<missing value>, groupid:1, hierarchyid:18415, id:1315, modelid:\"b3a17a75-f3fa-4a0a-8f17-7d89252f993f\", modelname:\"NopCommerce\", runtype:\"normal\", scriptname:<missing value>, seed:188607584, starttime:\"2022-06-02T18:50:42.349075+00:00\", step:0, suitename:<missing value>, testcase:\"\", testcaseid:<missing value>, testconfigtask:<missing value>, teststatus:\"PASSED\"},{coverage:1, endtime:\"2022-06-02T19:24:47.509089+00:00\", events:\"True\", failedaction:<missing value>, groupid:6, hierarchyid:17894, id:1316, modelid:\"109fd38c-cd6e-45f7-9e95-1b1c2add129b\", modelname:\"TopModel01\", runtype:\"normal\", scriptname:<missing value>, seed:221720696, starttime:\"2022-06-02T19:24:47.283829+00:00\", step:0, suitename:<missing value>, testcase:\"\", testcaseid:<missing value>, testconfigtask:<missing value>, teststatus:\"PASSED\"},{coverage:1, endtime:\"2022-06-02T19:24:47.476906+00:00\", events:\"True\", failedaction:<missing value>, groupid:6, hierarchyid:17932, id:1317, modelid:\"9d9e472b-5040-44ba-9c55-bc96405a2d61\", modelname:\"SubModel\", runtype:\"normal\", scriptname:<missing value>, seed:13176, starttime:\"2022-06-02T19:24:47.387631+00:00\", step:0, suitename:<missing value>, testcase:\"\", testcaseid:<missing value>, testconfigtask:<missing value>, teststatus:\"PASSED\"},{coverage:1, endtime:\"2022-06-02T19:25:51.418005+00:00\", events:\"True\", failedaction:<missing value>, groupid:6, hierarchyid:17894, id:1318, modelid:\"109fd38c-cd6e-45f7-9e95-1b1c2add129b\", modelname:\"TopModel01\", runtype:\"normal\", scriptname:<missing value>, seed:189564913, starttime:\"2022-06-02T19:25:51.192798+00:00\", step:0, suitename:<missing value>, testcase:\"\", testcaseid:<missing value>, testconfigtask:<missing value>, teststatus:\"PASSED\"},{coverage:1, endtime:\"2022-06-02T19:25:51.386495+00:00\", events:\"True\", failedaction:<missing value>, groupid:6, hierarchyid:17932, id:1319, modelid:\"9d9e472b-5040-44ba-9c55-bc96405a2d61\", modelname:\"SubModel\", runtype:\"normal\", scriptname:<missing value>, seed:58097, starttime:\"2022-06-02T19:25:51.295996+00:00\", step:0, suitename:<missing value>, testcase:\"\", testcaseid:<missing value>, testconfigtask:<missing value>, teststatus:\"PASSED\"},{coverage:1, endtime:\"2022-06-02T19:26:25.955470+00:00\", events:\"True\", failedaction:<missing value>, groupid:6, hierarchyid:17894, id:1320, modelid:\"109fd38c-cd6e-45f7-9e95-1b1c2add129b\", modelname:\"TopModel01\", runtype:\"normal\", scriptname:<missing value>, seed:200019515, starttime:\"2022-06-02T19:26:25.719980+00:00\", step:0, suitename:<missing value>, testcase:\"\", testcaseid:<missing value>, testconfigtask:<missing value>, teststatus:\"PASSED\"},{coverage:1, endtime:\"2022-06-02T19:26:25.922095+00:00\", events:\"True\", failedaction:<missing value>, groupid:6, hierarchyid:17932, id:1321, modelid:\"9d9e472b-5040-44ba-9c55-bc96405a2d61\", modelname:\"SubModel\", runtype:\"normal\", scriptname:<missing value>, seed:42000, starttime:\"2022-06-02T19:26:25.825347+00:00\", step:0, suitename:<missing value>, testcase:\"\", testcaseid:<missing value>, testconfigtask:<missing value>, teststatus:\"PASSED\"},{coverage:1, endtime:\"2022-06-02T19:26:33.466641+00:00\", events:\"True\", failedaction:<missing value>, groupid:6, hierarchyid:17894, id:1322, modelid:\"109fd38c-cd6e-45f7-9e95-1b1c2add129b\", modelname:\"TopModel01\", runtype:\"normal\", scriptname:<missing value>, seed:132524240, starttime:\"2022-06-02T19:26:33.229513+00:00\", step:0, suitename:<missing value>, testcase:\"\", testcaseid:<missing value>, testconfigtask:<missing value>, teststatus:\"PASSED\"},{coverage:1, endtime:\"2022-06-02T19:26:33.428895+00:00\", events:\"True\", failedaction:<missing value>, groupid:6, hierarchyid:17932, id:1323, modelid:\"9d9e472b-5040-44ba-9c55-bc96405a2d61\", modelname:\"SubModel\", runtype:\"normal\", scriptname:<missing value>, seed:62808, starttime:\"2022-06-02T19:26:33.335412+00:00\", step:0, suitename:<missing value>, testcase:\"\", testcaseid:<missing value>, testconfigtask:<missing value>, teststatus:\"PASSED\"},{coverage:1, endtime:\"2022-06-02T19:26:42.932008+00:00\", events:\"True\", failedaction:<missing value>, groupid:6, hierarchyid:17894, id:1324, modelid:\"109fd38c-cd6e-45f7-9e95-1b1c2add129b\", modelname:\"TopModel01\", runtype:\"normal\", scriptname:<missing value>, seed:187777791, starttime:\"2022-06-02T19:26:42.703843+00:00\", step:0, suitename:<missing value>, testcase:\"\", testcaseid:<missing value>, testconfigtask:<missing value>, teststatus:\"PASSED\"},{coverage:1, endtime:\"2022-06-02T19:26:42.899722+00:00\", events:\"True\", failedaction:<missing value>, groupid:6, hierarchyid:17932, id:1325, modelid:\"9d9e472b-5040-44ba-9c55-bc96405a2d61\", modelname:\"SubModel\", runtype:\"normal\", scriptname:<missing value>, seed:20686, starttime:\"2022-06-02T19:26:42.809931+00:00\", step:0, suitename:<missing value>, testcase:\"\", testcaseid:<missing value>, testconfigtask:<missing value>, teststatus:\"PASSED\"},{coverage:1, endtime:\"2022-06-02T19:35:09.402563+00:00\", events:\"True\", failedaction:<missing value>, groupid:6, hierarchyid:17894, id:1326, modelid:\"109fd38c-cd6e-45f7-9e95-1b1c2add129b\", modelname:\"TopModel01\", runtype:\"normal\", scriptname:<missing value>, seed:167215426, starttime:\"2022-06-02T19:35:09.181539+00:00\", step:0, suitename:<missing value>, testcase:\"\", testcaseid:<missing value>, testconfigtask:<missing value>, teststatus:\"PASSED\"}]",
      "timestamp" : "2022-07-19 18:52:52.172 -0600",
      "identifier" : "Log",
      "scriptName" : "Execute DAI API\/GetRuns.script",
      "handlerLine" : 22
    },
    {
      "identifier" : "EndTestCase",
      "message" : "(Duration:\"0.520565\", Errors:\"0\", Exceptions:\"0\", StartTime:\"2022-07-19 18:52:51 -0600\", Successes:\"1\", TestCase:\"Execute DAI API\/GetRuns.script\", Warnings:\"0\")",
      "timestamp" : "2022-07-19 18:52:52.313 -0600"
    },
    {
      "identifier" : "SUCCESS",
      "message" : "Execution Time 0:00:00 Execute DAI API\/GetRuns.script",
      "timestamp" : "2022-07-19 18:52:52.325 -0600"
    }
  ],
  "createdTimestamp" : "2022-07-19 18:52:51.792 -0600"
}