{
  "entries" : [
    {
      "identifier" : "START",
      "message" : "Running ExecuteDAI_API\/GetRuns.script",
      "timestamp" : "2022-06-15 09:17:41.563 -0500"
    },
    {
      "handlerName" : "on_setaccesstoken",
      "message" : "Able to Access DAI Server, and grab a access token",
      "timestamp" : "2022-06-15 09:17:42.258 -0500",
      "identifier" : "LogSuccess",
      "scriptName" : "",
      "handlerLine" : 13
    },
    {
      "identifier" : "EndTestCase",
      "message" : "(Duration:\"0.996221\", Errors:\"1\", Exceptions:\"0\", StartTime:\"2022-06-15 09:17:41 -0500\", Successes:\"1\", TestCase:\"ExecuteDAI_API\/GetRuns.script\", Warnings:\"0\")",
      "timestamp" : "2022-06-15 09:17:42.560 -0500"
    },
    {
      "message" : "NSRangeException: *** -[__NSArrayM objectAtIndex:]: index 0 beyond bounds for empty array -- Execution Time 0:00:01 ExecuteDAI_API\/GetRuns.script",
      "timestamp" : "2022-06-15 09:17:42.679 -0500",
      "identifier" : "FAILURE",
      "image" : "Screen_Error.png"
    }
  ],
  "createdTimestamp" : "2022-06-15 09:17:41.564 -0500"
}