{
  "entries" : [
    {
      "identifier" : "START",
      "message" : "Running Deploy\/CreateSuiteFromSingleModel.script",
      "timestamp" : "2022-06-02 14:45:25.086 -0600"
    },
    {
      "handlerName" : "on_utilities_convertmodel",
      "message" : "Building Suites and Model",
      "timestamp" : "2022-06-02 14:45:25.156 -0600",
      "identifier" : "Log",
      "scriptName" : "Utilities\/ConvertModel.script",
      "handlerLine" : 7
    },
    {
      "handlerName" : "on_chooseframeworktype",
      "message" : "Choosen Framework: Scripts And Folders",
      "timestamp" : "2022-06-02 14:45:27.123 -0600",
      "identifier" : "Log",
      "scriptName" : "Utilities\/Framework_Class.script",
      "handlerLine" : 9
    },
    {
      "handlerName" : "on_setaccesstoken",
      "message" : "Able to Access DAI Server, and grab a access token",
      "timestamp" : "2022-06-02 14:45:27.347 -0600",
      "identifier" : "LogSuccess",
      "scriptName" : "",
      "handlerLine" : 13
    },
    {
      "handlerName" : "on_createnewsuite",
      "message" : "Created New Suite: \/Users\/randallhesse\/desktop\/Throw-Away Suites\/TestModel4.suite",
      "timestamp" : "2022-06-02 14:45:29.587 -0600",
      "identifier" : "Log",
      "scriptName" : "",
      "handlerLine" : 10
    },
    {
      "handlerName" : "on_scriptsandfolders",
      "message" : "unable to close ScriptPath",
      "timestamp" : "2022-06-02 14:45:29.612 -0600",
      "identifier" : "LogWarning",
      "scriptName" : "Object <600002a40100>",
      "handlerLine" : 36
    },
    {
      "handlerName" : "on_scriptsandfolders",
      "message" : "Runtime Error at line 34: STFileException - Attempt to close unopened file: ScriptPath",
      "timestamp" : "2022-06-02 14:45:29.616 -0600",
      "identifier" : "LogWarning",
      "scriptName" : "Object <600002a40100>",
      "handlerLine" : 37
    },
    {
      "handlerName" : "on_updatemodel",
      "message" : "Model Updated: TestModel4",
      "timestamp" : "2022-06-02 14:45:29.940 -0600",
      "identifier" : "Log",
      "scriptName" : "",
      "handlerLine" : 15
    },
    {
      "identifier" : "EndTestCase",
      "message" : "(Duration:\"5.066212\", Errors:\"0\", Exceptions:\"0\", StartTime:\"2022-06-02 14:45:25 -0600\", Successes:\"1\", TestCase:\"Deploy\/CreateSuiteFromSingleModel.script\", Warnings:\"2\")",
      "timestamp" : "2022-06-02 14:45:30.155 -0600"
    },
    {
      "identifier" : "SUCCESS",
      "message" : "Execution Time 0:00:05 Deploy\/CreateSuiteFromSingleModel.script",
      "timestamp" : "2022-06-02 14:45:30.161 -0600"
    }
  ],
  "createdTimestamp" : "2022-06-02 14:45:25.088 -0600"
}