﻿Date Run,Status,Time,# of Errors,# of Warnings,# of Exceptions,Log File,Return Value,Error Message,# of Successes
2022-05-31 21:37:19.454 -0600,"Failure",0:00:06,1,0,0,"20220531_213719.454/LogFile.txt","","Invalid JSON -- Can't get value of JSON expression",0
2022-05-31 21:39:11.982 -0600,"Failure",0:00:05,1,0,0,"20220531_213911.982/LogFile.txt","","Invalid JSON -- Can't get value of JSON expression",0
2022-05-31 21:40:07.912 -0600,"Failure",0:00:04,1,0,0,"20220531_214007.912/LogFile.txt","","Invalid JSON -- Can't get value of JSON expression",0
2022-05-31 21:40:37.027 -0600,"Failure",0:00:03,1,2,0,"20220531_214037.027/LogFile.txt","","Script Error -- Number of Errors logged: 1",0
2022-05-31 21:40:53.671 -0600,"Failure",0:00:03,1,0,0,"20220531_214053.671/LogFile.txt","","STUnknownMessage -- ERROR: No Such Command: 'choosegroup'",1
2022-05-31 21:41:22.617 -0600,"Failure",0:00:03,1,0,0,"20220531_214122.617/LogFile.txt","","STUnknownMessage -- ERROR: No Such Function: 'name'",1
2022-06-02 13:48:07.203 -0600,"Success",0:00:05,0,0,0,"20220602_134807.203/LogFile.txt","","",1
2022-06-02 14:33:18.126 -0600,"Failure",0:00:07,1,0,0,"20220602_143318.126/LogFile.txt","","STFileException -- Attempt to close unopened file: /Users/randallhesse/desktop/Throw-Away Suites/NopCommerce.suite/Scripts/Snippets/Currency_Type/Euro.script",1
2022-06-02 14:33:43.534 -0600,"Success",0:00:06,0,0,0,"20220602_143343.534/LogFile.txt","","",1
2022-06-02 14:33:54.288 -0600,"Success",0:00:05,0,1,0,"20220602_143354.288/LogFile.txt","","",1
2022-06-02 14:34:04.182 -0600,"Failure",0:00:05,1,0,0,"20220602_143404.182/LogFile.txt","","STFileException -- Attempt to close unopened file: ScriptPath",1
2022-06-02 14:34:17.007 -0600,"Success",0:00:05,0,1,0,"20220602_143417.007/LogFile.txt","","",1
2022-06-02 14:36:19.942 -0600,"Success",0:00:05,0,1,0,"20220602_143619.942/LogFile.txt","","",1
2022-06-02 14:43:52.773 -0600,"Failure",0:00:06,1,1,0,"20220602_144352.773/LogFile.txt","","STFileException -- Attempt to close unopened file: ScriptPath",1
2022-06-02 14:45:25.083 -0600,"Success",0:00:05,0,2,0,"20220602_144525.083/LogFile.txt","","",1
2022-06-02 14:46:22.227 -0600,"Success",0:00:05,0,3,0,"20220602_144622.227/LogFile.txt","","",1
2022-06-02 14:47:19.070 -0600,"Failure",0:00:04,1,1,0,"20220602_144719.070/LogFile.txt","","STFileException -- Attempt to close unopened file: ScriptPath",1
2022-06-02 14:47:44.798 -0600,"Failure",0:00:05,1,1,0,"20220602_144744.798/LogFile.txt","","STFileException -- Attempt to close unopened file: ScriptPath",1
2022-06-02 14:48:43.195 -0600,"Failure",0:00:06,1,1,0,"20220602_144843.195/LogFile.txt","","STFileException -- Attempt to close unopened file: ScriptPath",1
2022-06-02 14:49:19.211 -0600,"Failure",0:01:20,1,1,0,"20220602_144919.211/LogFile.txt","","STFileException -- Attempt to close unopened file: ScriptPath",1
2022-06-02 14:52:32.853 -0600,"Success",0:00:05,0,1,0,"20220602_145232.853/LogFile.txt","","",1
2022-06-02 14:52:59.712 -0600,"Success",0:00:05,0,1,0,"20220602_145259.712/LogFile.txt","","",1
