﻿<?xml version="1.0" encoding="UTF-8" ?>
<runHistory script="Deploy/CreateSuiteFromSingleModel">
 <run>
  <RunDate>2022-05-31 21:37:19.454 -0600</RunDate>
  <Status>Failure</Status>
  <Duration>6.828881</Duration>
  <Errors>1</Errors>
  <Warnings>0</Warnings>
  <Exceptions>0</Exceptions>
  <Successes>0</Successes>
  <LogFile>20220531_213719.454/LogFile.txt</LogFile>
  <ReturnValue></ReturnValue>
  <ErrorMessage>Invalid JSON -- Can&#x27;t get value of JSON expression</ErrorMessage>
 </run>
 <run>
  <RunDate>2022-05-31 21:39:11.982 -0600</RunDate>
  <Status>Failure</Status>
  <Duration>5.614265</Duration>
  <Errors>1</Errors>
  <Warnings>0</Warnings>
  <Exceptions>0</Exceptions>
  <Successes>0</Successes>
  <LogFile>20220531_213911.982/LogFile.txt</LogFile>
  <ReturnValue></ReturnValue>
  <ErrorMessage>Invalid JSON -- Can&#x27;t get value of JSON expression</ErrorMessage>
 </run>
 <run>
  <RunDate>2022-05-31 21:40:07.912 -0600</RunDate>
  <Status>Failure</Status>
  <Duration>4.232168</Duration>
  <Errors>1</Errors>
  <Warnings>0</Warnings>
  <Exceptions>0</Exceptions>
  <Successes>0</Successes>
  <LogFile>20220531_214007.912/LogFile.txt</LogFile>
  <ReturnValue></ReturnValue>
  <ErrorMessage>Invalid JSON -- Can&#x27;t get value of JSON expression</ErrorMessage>
 </run>
 <run>
  <RunDate>2022-05-31 21:40:37.027 -0600</RunDate>
  <Status>Failure</Status>
  <Duration>3.051852</Duration>
  <Errors>1</Errors>
  <Warnings>2</Warnings>
  <Exceptions>0</Exceptions>
  <Successes>0</Successes>
  <LogFile>20220531_214037.027/LogFile.txt</LogFile>
  <ReturnValue></ReturnValue>
  <ErrorMessage>Script Error -- Number of Errors logged: 1</ErrorMessage>
 </run>
 <run>
  <RunDate>2022-05-31 21:40:53.671 -0600</RunDate>
  <Status>Failure</Status>
  <Duration>3.958501</Duration>
  <Errors>1</Errors>
  <Warnings>0</Warnings>
  <Exceptions>0</Exceptions>
  <Successes>1</Successes>
  <LogFile>20220531_214053.671/LogFile.txt</LogFile>
  <ReturnValue></ReturnValue>
  <ErrorMessage>STUnknownMessage -- ERROR: No Such Command: &#x27;choosegroup&#x27;</ErrorMessage>
 </run>
 <run>
  <RunDate>2022-05-31 21:41:22.617 -0600</RunDate>
  <Status>Failure</Status>
  <Duration>3.429315</Duration>
  <Errors>1</Errors>
  <Warnings>0</Warnings>
  <Exceptions>0</Exceptions>
  <Successes>1</Successes>
  <LogFile>20220531_214122.617/LogFile.txt</LogFile>
  <ReturnValue></ReturnValue>
  <ErrorMessage>STUnknownMessage -- ERROR: No Such Function: &#x27;name&#x27;</ErrorMessage>
 </run>
 <run>
  <RunDate>2022-06-02 13:48:07.203 -0600</RunDate>
  <Status>Success</Status>
  <Duration>5.842700</Duration>
  <Errors>0</Errors>
  <Warnings>0</Warnings>
  <Exceptions>0</Exceptions>
  <Successes>1</Successes>
  <LogFile>20220602_134807.203/LogFile.txt</LogFile>
  <ReturnValue></ReturnValue>
  <ErrorMessage></ErrorMessage>
 </run>
 <run>
  <RunDate>2022-06-02 14:33:18.126 -0600</RunDate>
  <Status>Failure</Status>
  <Duration>7.345632</Duration>
  <Errors>1</Errors>
  <Warnings>0</Warnings>
  <Exceptions>0</Exceptions>
  <Successes>1</Successes>
  <LogFile>20220602_143318.126/LogFile.txt</LogFile>
  <ReturnValue></ReturnValue>
  <ErrorMessage>STFileException -- Attempt to close unopened file: /Users/randallhesse/desktop/Throw-Away Suites/NopCommerce.suite/Scripts/Snippets/Currency_Type/Euro.script</ErrorMessage>
 </run>
 <run>
  <RunDate>2022-06-02 14:33:43.534 -0600</RunDate>
  <Status>Success</Status>
  <Duration>6.582983</Duration>
  <Errors>0</Errors>
  <Warnings>0</Warnings>
  <Exceptions>0</Exceptions>
  <Successes>1</Successes>
  <LogFile>20220602_143343.534/LogFile.txt</LogFile>
  <ReturnValue></ReturnValue>
  <ErrorMessage></ErrorMessage>
 </run>
 <run>
  <RunDate>2022-06-02 14:33:54.288 -0600</RunDate>
  <Status>Success</Status>
  <Duration>5.627422</Duration>
  <Errors>0</Errors>
  <Warnings>1</Warnings>
  <Exceptions>0</Exceptions>
  <Successes>1</Successes>
  <LogFile>20220602_143354.288/LogFile.txt</LogFile>
  <ReturnValue></ReturnValue>
  <ErrorMessage></ErrorMessage>
 </run>
 <run>
  <RunDate>2022-06-02 14:34:04.182 -0600</RunDate>
  <Status>Failure</Status>
  <Duration>5.900887</Duration>
  <Errors>1</Errors>
  <Warnings>0</Warnings>
  <Exceptions>0</Exceptions>
  <Successes>1</Successes>
  <LogFile>20220602_143404.182/LogFile.txt</LogFile>
  <ReturnValue></ReturnValue>
  <ErrorMessage>STFileException -- Attempt to close unopened file: ScriptPath</ErrorMessage>
 </run>
 <run>
  <RunDate>2022-06-02 14:34:17.007 -0600</RunDate>
  <Status>Success</Status>
  <Duration>5.719462</Duration>
  <Errors>0</Errors>
  <Warnings>1</Warnings>
  <Exceptions>0</Exceptions>
  <Successes>1</Successes>
  <LogFile>20220602_143417.007/LogFile.txt</LogFile>
  <ReturnValue></ReturnValue>
  <ErrorMessage></ErrorMessage>
 </run>
 <run>
  <RunDate>2022-06-02 14:36:19.942 -0600</RunDate>
  <Status>Success</Status>
  <Duration>5.699815</Duration>
  <Errors>0</Errors>
  <Warnings>1</Warnings>
  <Exceptions>0</Exceptions>
  <Successes>1</Successes>
  <LogFile>20220602_143619.942/LogFile.txt</LogFile>
  <ReturnValue></ReturnValue>
  <ErrorMessage></ErrorMessage>
 </run>
 <run>
  <RunDate>2022-06-02 14:43:52.773 -0600</RunDate>
  <Status>Failure</Status>
  <Duration>6.435630</Duration>
  <Errors>1</Errors>
  <Warnings>1</Warnings>
  <Exceptions>0</Exceptions>
  <Successes>1</Successes>
  <LogFile>20220602_144352.773/LogFile.txt</LogFile>
  <ReturnValue></ReturnValue>
  <ErrorMessage>STFileException -- Attempt to close unopened file: ScriptPath</ErrorMessage>
 </run>
 <run>
  <RunDate>2022-06-02 14:45:25.083 -0600</RunDate>
  <Status>Success</Status>
  <Duration>5.071379</Duration>
  <Errors>0</Errors>
  <Warnings>2</Warnings>
  <Exceptions>0</Exceptions>
  <Successes>1</Successes>
  <LogFile>20220602_144525.083/LogFile.txt</LogFile>
  <ReturnValue></ReturnValue>
  <ErrorMessage></ErrorMessage>
 </run>
 <run>
  <RunDate>2022-06-02 14:46:22.227 -0600</RunDate>
  <Status>Success</Status>
  <Duration>5.302233</Duration>
  <Errors>0</Errors>
  <Warnings>3</Warnings>
  <Exceptions>0</Exceptions>
  <Successes>1</Successes>
  <LogFile>20220602_144622.227/LogFile.txt</LogFile>
  <ReturnValue></ReturnValue>
  <ErrorMessage></ErrorMessage>
 </run>
 <run>
  <RunDate>2022-06-02 14:47:19.070 -0600</RunDate>
  <Status>Failure</Status>
  <Duration>4.689531</Duration>
  <Errors>1</Errors>
  <Warnings>1</Warnings>
  <Exceptions>0</Exceptions>
  <Successes>1</Successes>
  <LogFile>20220602_144719.070/LogFile.txt</LogFile>
  <ReturnValue></ReturnValue>
  <ErrorMessage>STFileException -- Attempt to close unopened file: ScriptPath</ErrorMessage>
 </run>
 <run>
  <RunDate>2022-06-02 14:47:44.798 -0600</RunDate>
  <Status>Failure</Status>
  <Duration>5.318243</Duration>
  <Errors>1</Errors>
  <Warnings>1</Warnings>
  <Exceptions>0</Exceptions>
  <Successes>1</Successes>
  <LogFile>20220602_144744.798/LogFile.txt</LogFile>
  <ReturnValue></ReturnValue>
  <ErrorMessage>STFileException -- Attempt to close unopened file: ScriptPath</ErrorMessage>
 </run>
 <run>
  <RunDate>2022-06-02 14:48:43.195 -0600</RunDate>
  <Status>Failure</Status>
  <Duration>6.228546</Duration>
  <Errors>1</Errors>
  <Warnings>1</Warnings>
  <Exceptions>0</Exceptions>
  <Successes>1</Successes>
  <LogFile>20220602_144843.195/LogFile.txt</LogFile>
  <ReturnValue></ReturnValue>
  <ErrorMessage>STFileException -- Attempt to close unopened file: ScriptPath</ErrorMessage>
 </run>
 <run>
  <RunDate>2022-06-02 14:49:19.211 -0600</RunDate>
  <Status>Failure</Status>
  <Duration>80.178315</Duration>
  <Errors>1</Errors>
  <Warnings>1</Warnings>
  <Exceptions>0</Exceptions>
  <Successes>1</Successes>
  <LogFile>20220602_144919.211/LogFile.txt</LogFile>
  <ReturnValue></ReturnValue>
  <ErrorMessage>STFileException -- Attempt to close unopened file: ScriptPath</ErrorMessage>
 </run>
 <run>
  <RunDate>2022-06-02 14:52:32.853 -0600</RunDate>
  <Status>Success</Status>
  <Duration>5.026081</Duration>
  <Errors>0</Errors>
  <Warnings>1</Warnings>
  <Exceptions>0</Exceptions>
  <Successes>1</Successes>
  <LogFile>20220602_145232.853/LogFile.txt</LogFile>
  <ReturnValue></ReturnValue>
  <ErrorMessage></ErrorMessage>
 </run>
 <run>
  <RunDate>2022-06-02 14:52:59.712 -0600</RunDate>
  <Status>Success</Status>
  <Duration>5.166411</Duration>
  <Errors>0</Errors>
  <Warnings>1</Warnings>
  <Exceptions>0</Exceptions>
  <Successes>1</Successes>
  <LogFile>20220602_145259.712/LogFile.txt</LogFile>
  <ReturnValue></ReturnValue>
  <ErrorMessage></ErrorMessage>
 </run>
</runHistory>
