{
  "entries" : [
    {
      "identifier" : "START",
      "message" : "Running SampleGrabLogs.script",
      "timestamp" : "2022-06-02 22:52:14.609 -0600"
    },
    {
      "handlerName" : "on_setaccesstoken",
      "message" : "Able to Access DAI Server, and grab a access token",
      "timestamp" : "2022-06-02 22:52:14.914 -0600",
      "identifier" : "LogSuccess",
      "scriptName" : "",
      "handlerLine" : 13
    },
    {
      "handlerName" : "on_choosemodel",
      "message" : "User did not pick a Model",
      "timestamp" : "2022-06-02 22:52:38.378 -0600",
      "identifier" : "LogWarning",
      "scriptName" : "",
      "handlerLine" : 17
    },
    {
      "identifier" : "EndTestCase",
      "message" : "(Duration:\"23.9428\", Errors:\"0\", Exceptions:\"0\", StartTime:\"2022-06-02 22:52:14 -0600\", Successes:\"1\", TestCase:\"SampleGrabLogs.script\", Warnings:\"1\")",
      "timestamp" : "2022-06-02 22:52:38.554 -0600"
    },
    {
      "identifier" : "SUCCESS",
      "message" : "Execution Time 0:00:23 SampleGrabLogs.script",
      "timestamp" : "2022-06-02 22:52:38.564 -0600"
    }
  ],
  "createdTimestamp" : "2022-06-02 22:52:14.610 -0600"
}