{
  "entries" : [
    {
      "identifier" : "START",
      "message" : "Running Deploy\/ExcuteAModel.script",
      "timestamp" : "2021-07-28 09:56:02.694 -0600"
    },
    {
      "handlerName" : "on_deploy_excuteamodel",
      "message" : "Building Suites and Model",
      "timestamp" : "2021-07-28 09:56:02.761 -0600",
      "identifier" : "Log",
      "scriptName" : "Deploy\/ExcuteAModel.script",
      "handlerLine" : 9
    },
    {
      "identifier" : "EndTestCase",
      "message" : "(Duration:\"0.290838\", Errors:\"0\", Exceptions:\"0\", StartTime:\"2021-07-28 09:56:02 -0600\", Successes:\"1\", TestCase:\"Deploy\/ExcuteAModel.script\", Warnings:\"0\")",
      "timestamp" : "2021-07-28 09:56:02.987 -0600"
    },
    {
      "identifier" : "SUCCESS",
      "message" : "Execution Time 0:00:00 Deploy\/ExcuteAModel.script",
      "timestamp" : "2021-07-28 09:56:02.994 -0600"
    }
  ],
  "createdTimestamp" : "2021-07-28 09:56:02.696 -0600"
}