{
  "entries" : [
    {
      "identifier" : "START",
      "message" : "Running SampleGrabLogs.script",
      "timestamp" : "2022-06-02 23:44:39.648 -0600"
    },
    {
      "handlerName" : "on_setaccesstoken",
      "message" : "Able to Access DAI Server, and grab a access token",
      "timestamp" : "2022-06-02 23:44:39.995 -0600",
      "identifier" : "LogSuccess",
      "scriptName" : "",
      "handlerLine" : 13
    },
    {
      "handlerName" : "on_samplegrablogs",
      "message" : "{created_datetime:\"2022-06-03T05:41:00.018614+00:00\", runstatus:\"FAILED\", task_instance_id:\"8c89682f-7c60-4a08-bcc5-2321e96210ed\", test_config_id:\"c253a9bd-f51c-484c-9839-69370bd09023\", updated_datetime:\"2022-06-03T05:41:33.028650+00:00\"}",
      "timestamp" : "2022-06-02 23:44:40.098 -0600",
      "identifier" : "Log",
      "scriptName" : "SampleGrabLogs.script",
      "handlerLine" : 29
    },
    {
      "identifier" : "EndTestCase",
      "message" : "(Duration:\"0.602799\", Errors:\"0\", Exceptions:\"0\", StartTime:\"2022-06-02 23:44:39 -0600\", Successes:\"1\", TestCase:\"SampleGrabLogs.script\", Warnings:\"0\")",
      "timestamp" : "2022-06-02 23:44:40.253 -0600"
    },
    {
      "identifier" : "SUCCESS",
      "message" : "Execution Time 0:00:00 SampleGrabLogs.script",
      "timestamp" : "2022-06-02 23:44:40.262 -0600"
    }
  ],
  "createdTimestamp" : "2022-06-02 23:44:39.650 -0600"
}