{
  "entries" : [
    {
      "identifier" : "START",
      "message" : "Running ExecuteDAI_API\/GetRuns.script",
      "timestamp" : "2022-06-15 09:17:52.838 -0500"
    },
    {
      "handlerName" : "on_setaccesstoken",
      "message" : "Able to Access DAI Server, and grab a access token",
      "timestamp" : "2022-06-15 09:17:53.405 -0500",
      "identifier" : "LogSuccess",
      "scriptName" : "",
      "handlerLine" : 13
    },
    {
      "identifier" : "EndTestCase",
      "message" : "(Duration:\"0.894462\", Errors:\"1\", Exceptions:\"0\", StartTime:\"2022-06-15 09:17:52 -0500\", Successes:\"1\", TestCase:\"ExecuteDAI_API\/GetRuns.script\", Warnings:\"0\")",
      "timestamp" : "2022-06-15 09:17:53.734 -0500"
    },
    {
      "message" : "SenseTalk Runtime Exception: Invalid operands for addition: expected numbers, dates and\/or lists; got 'coverage,endtime,events,fai...' and '{file:\"\/Users\/randallhesse\/...' -- Execution Time 0:00:00 ExecuteDAI_API\/GetRuns.script",
      "timestamp" : "2022-06-15 09:17:54.697 -0500",
      "identifier" : "FAILURE",
      "image" : "Screen_Error.png"
    }
  ],
  "createdTimestamp" : "2022-06-15 09:17:52.839 -0500"
}