﻿<?xml version="1.0" encoding="UTF-8" ?>
<runHistory script="ExecuteDAI_API/GetModelLogs">
 <run>
  <RunDate>2022-06-02 22:09:37.333 -0600</RunDate>
  <Status>Success</Status>
  <Duration>3.147144</Duration>
  <Errors>0</Errors>
  <Warnings>0</Warnings>
  <Exceptions>0</Exceptions>
  <Successes>1</Successes>
  <LogFile>20220602_220937.333/LogFile.txt</LogFile>
  <ReturnValue></ReturnValue>
  <ErrorMessage></ErrorMessage>
 </run>
 <run>
  <RunDate>2022-06-03 15:42:56.411 -0600</RunDate>
  <Status>Success</Status>
  <Duration>2.896402</Duration>
  <Errors>0</Errors>
  <Warnings>0</Warnings>
  <Exceptions>0</Exceptions>
  <Successes>1</Successes>
  <LogFile>20220603_154256.411/LogFile.txt</LogFile>
  <ReturnValue></ReturnValue>
  <ErrorMessage></ErrorMessage>
 </run>
 <run>
  <RunDate>2022-06-03 15:43:08.547 -0600</RunDate>
  <Status>Success</Status>
  <Duration>3.425592</Duration>
  <Errors>0</Errors>
  <Warnings>0</Warnings>
  <Exceptions>0</Exceptions>
  <Successes>1</Successes>
  <LogFile>20220603_154308.547/LogFile.txt</LogFile>
  <ReturnValue></ReturnValue>
  <ErrorMessage></ErrorMessage>
 </run>
 <run>
  <RunDate>2022-07-08 14:09:19.686 -0600</RunDate>
  <Status>Success</Status>
  <Duration>3.576650</Duration>
  <Errors>0</Errors>
  <Warnings>0</Warnings>
  <Exceptions>0</Exceptions>
  <Successes>1</Successes>
  <LogFile>20220708_140919.686/LogFile.txt</LogFile>
  <ReturnValue></ReturnValue>
  <ErrorMessage></ErrorMessage>
 </run>
 <run>
  <RunDate>2022-07-08 14:09:42.716 -0600</RunDate>
  <Status>Success</Status>
  <Duration>5.627474</Duration>
  <Errors>0</Errors>
  <Warnings>0</Warnings>
  <Exceptions>0</Exceptions>
  <Successes>1</Successes>
  <LogFile>20220708_140942.716/LogFile.txt</LogFile>
  <ReturnValue></ReturnValue>
  <ErrorMessage></ErrorMessage>
 </run>
</runHistory>
