﻿<?xml version="1.0" encoding="UTF-8" ?>
<runHistory script="Utilities/Untitled">
 <run>
  <RunDate>2022-02-07 13:56:38.144 -0700</RunDate>
  <Status>Failure</Status>
  <Duration>0.278855</Duration>
  <Errors>2</Errors>
  <Warnings>0</Warnings>
  <Exceptions>0</Exceptions>
  <Successes>0</Successes>
  <LogFile>20220207_135638.144/LogFile.txt</LogFile>
  <ReturnValue></ReturnValue>
  <ErrorMessage>Validation Error: -- The Api Test could not be executed due to validation errors.</ErrorMessage>
 </run>
 <run>
  <RunDate>2022-02-07 13:56:56.121 -0700</RunDate>
  <Status>Success</Status>
  <Duration>0.602765</Duration>
  <Errors>0</Errors>
  <Warnings>0</Warnings>
  <Exceptions>0</Exceptions>
  <Successes>1</Successes>
  <LogFile>20220207_135656.121/LogFile.txt</LogFile>
  <ReturnValue></ReturnValue>
  <ErrorMessage></ErrorMessage>
 </run>
 <run>
  <RunDate>2022-02-07 13:57:41.154 -0700</RunDate>
  <Status>Success</Status>
  <Duration>0.345711</Duration>
  <Errors>0</Errors>
  <Warnings>0</Warnings>
  <Exceptions>0</Exceptions>
  <Successes>1</Successes>
  <LogFile>20220207_135741.154/LogFile.txt</LogFile>
  <ReturnValue></ReturnValue>
  <ErrorMessage></ErrorMessage>
 </run>
</runHistory>
