{
  "agent": 0,
  "group": {
    "id": 15,
    "name": "randy.hesse@eggplant.io"
  },
  "modeljson": {
    "actionCounter": 1,
    "allowGlobalActionsInInitialStates": true,
    "allSnippetsDisabled": false,
    "elements": [
      {
        "id": 0,
        "name": "",
        "parameters": [
          {
            "id": 1,
            "initial": "",
            "name": "",
            "random": "",
            "ranges": [
            ],
            "type": ""
          }
        ],
        "type": "Root"
      },
      {
        "id": 1,
        "invisible": true,
        "name": "Exit",
        "parameters": [
          {
            "id": 0,
            "initial": "",
            "name": "",
            "random": "",
            "ranges": [
            ],
            "type": ""
          }
        ],
        "parentId": 0,
        "sortingType": "Z",
        "stateType": "Normal",
        "type": "State"
      },
      {
        "id": 2,
        "invisible": true,
        "name": "Error",
        "parameters": [
          {
            "id": 0,
            "initial": "",
            "name": "",
            "random": "",
            "ranges": [
            ],
            "type": ""
          }
        ],
        "parentId": 0,
        "sortingType": "X",
        "stateType": "Exception",
        "type": "State"
      },
      {
        "id": 3,
        "invisible": true,
        "name": "Cleanup",
        "parameters": [
          {
            "id": 0,
            "initial": "",
            "name": "",
            "random": "",
            "ranges": [
            ],
            "type": ""
          }
        ],
        "parentId": 0,
        "sortingType": "Y",
        "stateType": "Cleanup",
        "type": "State"
      },
      {
        "id": 4,
        "invisible": false,
        "name": "Initial",
        "parentId": 0,
        "sortingType": "A",
        "stateType": "Start",
        "type": "State"
      },
      {
        "actionType": "Normal",
        "callLimit": 0,
        "id": 5,
        "name": "Start",
        "parameters": [
          {
            "id": 0,
            "initial": "",
            "name": "",
            "random": "",
            "ranges": [
            ],
            "type": ""
          }
        ],
        "parentId": 4,
        "shapeHeight": 100,
        "shapeWidth": 100,
        "sortingType": "C",
        "textX": 20,
        "texty": 20,
        "type": "Action",
        "weight": 100
      },
      {
        "actionType": "Normal",
        "callLimit": 0,
        "dx": 170,
        "dy": 20,
        "id": 6,
        "invisible": false,
        "name": "Another State01",
        "parameters": [
          {
            "id": 0,
            "initial": "",
            "name": "",
            "random": "",
            "ranges": [
            ],
            "type": ""
          }
        ],
        "parentId": 0,
        "shapeHeight": 100,
        "shapeWidth": 100,
        "sortingType": "C",
        "stateType": "Normal",
        "textX": 20,
        "texty": 20,
        "type": "State",
        "weight": 100
      },
      {
        "actionType": "Normal",
        "callLimit": 0,
        "dx": 620,
        "dy": 20,
        "id": 7,
        "invisible": false,
        "name": "Another State02",
        "parameters": [
          {
            "id": 0,
            "initial": "",
            "name": "",
            "random": "",
            "ranges": [
            ],
            "type": ""
          }
        ],
        "parentId": 0,
        "shapeHeight": 100,
        "shapeWidth": 100,
        "sortingType": "C",
        "stateType": "Normal",
        "textX": 20,
        "texty": 20,
        "type": "State",
        "weight": 100
      },
      {
        "actionType": "Normal",
        "callLimit": 0,
        "dx": 1070,
        "dy": 20,
        "id": 8,
        "invisible": false,
        "name": "Another State03",
        "parameters": [
          {
            "id": 0,
            "initial": "",
            "name": "",
            "random": "",
            "ranges": [
            ],
            "type": ""
          }
        ],
        "parentId": 0,
        "shapeHeight": 100,
        "shapeWidth": 100,
        "sortingType": "C",
        "stateType": "Normal",
        "textX": 20,
        "texty": 20,
        "type": "State",
        "weight": 100
      },
      {
        "actionType": "Normal",
        "callLimit": 0,
        "id": 9,
        "name": "TheActionment01",
        "parameters": [
          {
            "id": 0,
            "initial": "",
            "name": "",
            "random": "",
            "ranges": [
            ],
            "type": ""
          }
        ],
        "parentId": 6,
        "shapeHeight": 100,
        "shapeWidth": 100,
        "sortingType": "C",
        "textX": 20,
        "texty": 20,
        "type": "Action",
        "weight": 100
      },
      {
        "actionType": "Normal",
        "callLimit": 0,
        "id": 10,
        "name": "TheActionment02",
        "parameters": [
          {
            "id": 0,
            "initial": "",
            "name": "",
            "random": "",
            "ranges": [
            ],
            "type": ""
          }
        ],
        "parentId": 6,
        "shapeHeight": 100,
        "shapeWidth": 100,
        "sortingType": "C",
        "textX": 20,
        "texty": 20,
        "type": "Action",
        "weight": 100
      },
      {
        "actionType": "Normal",
        "callLimit": 0,
        "id": 11,
        "name": "TheActionment03",
        "parameters": [
          {
            "id": 0,
            "initial": "",
            "name": "",
            "random": "",
            "ranges": [
            ],
            "type": ""
          }
        ],
        "parentId": 6,
        "shapeHeight": 100,
        "shapeWidth": 100,
        "sortingType": "C",
        "textX": 20,
        "texty": 20,
        "type": "Action",
        "weight": 100
      },
      {
        "actionType": "Normal",
        "callLimit": 0,
        "id": 12,
        "name": "TheActionment04",
        "parameters": [
          {
            "id": 0,
            "initial": "",
            "name": "",
            "random": "",
            "ranges": [
            ],
            "type": ""
          }
        ],
        "parentId": 6,
        "shapeHeight": 100,
        "shapeWidth": 100,
        "sortingType": "C",
        "textX": 20,
        "texty": 20,
        "type": "Action",
        "weight": 100
      },
      {
        "actionType": "Normal",
        "callLimit": 0,
        "id": 13,
        "name": "TheActionment05",
        "parameters": [
          {
            "id": 0,
            "initial": "",
            "name": "",
            "random": "",
            "ranges": [
            ],
            "type": ""
          }
        ],
        "parentId": 6,
        "shapeHeight": 100,
        "shapeWidth": 100,
        "sortingType": "C",
        "textX": 20,
        "texty": 20,
        "type": "Action",
        "weight": 100
      },
      {
        "actionType": "Normal",
        "callLimit": 0,
        "id": 14,
        "name": "TheActionment06",
        "parameters": [
          {
            "id": 0,
            "initial": "",
            "name": "",
            "random": "",
            "ranges": [
            ],
            "type": ""
          }
        ],
        "parentId": 6,
        "shapeHeight": 100,
        "shapeWidth": 100,
        "sortingType": "C",
        "textX": 20,
        "texty": 20,
        "type": "Action",
        "weight": 100
      },
      {
        "actionType": "Normal",
        "callLimit": 0,
        "id": 15,
        "name": "TheActionment07",
        "parameters": [
          {
            "id": 0,
            "initial": "",
            "name": "",
            "random": "",
            "ranges": [
            ],
            "type": ""
          }
        ],
        "parentId": 7,
        "shapeHeight": 100,
        "shapeWidth": 100,
        "sortingType": "C",
        "textX": 20,
        "texty": 20,
        "type": "Action",
        "weight": 100
      },
      {
        "actionType": "Normal",
        "callLimit": 0,
        "id": 16,
        "name": "TheActionment08",
        "parameters": [
          {
            "id": 0,
            "initial": "",
            "name": "",
            "random": "",
            "ranges": [
            ],
            "type": ""
          }
        ],
        "parentId": 7,
        "shapeHeight": 100,
        "shapeWidth": 100,
        "sortingType": "C",
        "textX": 20,
        "texty": 20,
        "type": "Action",
        "weight": 100
      },
      {
        "actionType": "Normal",
        "callLimit": 0,
        "id": 17,
        "name": "TheActionment09",
        "parameters": [
          {
            "id": 0,
            "initial": "",
            "name": "",
            "random": "",
            "ranges": [
            ],
            "type": ""
          }
        ],
        "parentId": 7,
        "shapeHeight": 100,
        "shapeWidth": 100,
        "sortingType": "C",
        "textX": 20,
        "texty": 20,
        "type": "Action",
        "weight": 100
      },
      {
        "actionType": "Normal",
        "callLimit": 0,
        "id": 18,
        "name": "TheActionment10",
        "parameters": [
          {
            "id": 0,
            "initial": "",
            "name": "",
            "random": "",
            "ranges": [
            ],
            "type": ""
          }
        ],
        "parentId": 7,
        "shapeHeight": 100,
        "shapeWidth": 100,
        "sortingType": "C",
        "textX": 20,
        "texty": 20,
        "type": "Action",
        "weight": 100
      },
      {
        "actionType": "Normal",
        "callLimit": 0,
        "id": 19,
        "name": "TheActionment11",
        "parameters": [
          {
            "id": 0,
            "initial": "",
            "name": "",
            "random": "",
            "ranges": [
            ],
            "type": ""
          }
        ],
        "parentId": 8,
        "shapeHeight": 100,
        "shapeWidth": 100,
        "sortingType": "C",
        "textX": 20,
        "texty": 20,
        "type": "Action",
        "weight": 100
      },
      {
        "actionType": "Normal",
        "callLimit": 0,
        "id": 20,
        "name": "TheActionment12",
        "parameters": [
          {
            "id": 0,
            "initial": "",
            "name": "",
            "random": "",
            "ranges": [
            ],
            "type": ""
          }
        ],
        "parentId": 8,
        "shapeHeight": 100,
        "shapeWidth": 100,
        "sortingType": "C",
        "textX": 20,
        "texty": 20,
        "type": "Action",
        "weight": 100
      },
      {
        "actionType": "Normal",
        "callLimit": 0,
        "id": 21,
        "name": "TheActionment13",
        "parameters": [
          {
            "id": 0,
            "initial": "",
            "name": "",
            "random": "",
            "ranges": [
            ],
            "type": ""
          }
        ],
        "parentId": 8,
        "shapeHeight": 100,
        "shapeWidth": 100,
        "sortingType": "C",
        "textX": 20,
        "texty": 20,
        "type": "Action",
        "weight": 100
      },
      {
        "actionType": "Normal",
        "callLimit": 0,
        "id": 22,
        "name": "TheActionment14",
        "parameters": [
          {
            "id": 0,
            "initial": "",
            "name": "",
            "random": "",
            "ranges": [
            ],
            "type": ""
          }
        ],
        "parentId": 8,
        "shapeHeight": 100,
        "shapeWidth": 100,
        "sortingType": "C",
        "textX": 20,
        "texty": 20,
        "type": "Action",
        "weight": 100
      }
    ],
    "ePFhost": "",
    "ePFsuite": "",
    "parameterCounter": 0,
    "path": "",
    "performanceTests": [
    ],
    "performanceTimings": false,
    "runCleanupAfterAbort": false,
    "snippetFull": false,
    "stateCounter": 1,
    "suitePath": "",
    "tags": [
    ],
    "testcases": [
    ],
    "verbosity": 27392,
    "version": "dai-5.1.0"
  }
}