{
  "entries" : [
    {
      "identifier" : "START",
      "message" : "Running ExecuteDAI_API\/GetRuns.script",
      "timestamp" : "2022-07-08 14:08:28.545 -0600"
    },
    {
      "handlerName" : "on_setaccesstoken",
      "message" : "Able to Access DAI Server, and grab a access token",
      "timestamp" : "2022-07-08 14:08:28.817 -0600",
      "identifier" : "LogSuccess",
      "scriptName" : "",
      "handlerLine" : 13
    },
    {
      "identifier" : "EndTestCase",
      "message" : "(Duration:\"0.665222\", Errors:\"0\", Exceptions:\"0\", StartTime:\"2022-07-08 14:08:28 -0600\", Successes:\"1\", TestCase:\"ExecuteDAI_API\/GetRuns.script\", Warnings:\"0\")",
      "timestamp" : "2022-07-08 14:08:29.212 -0600"
    },
    {
      "identifier" : "SUCCESS",
      "message" : "Execution Time 0:00:00 ExecuteDAI_API\/GetRuns.script",
      "timestamp" : "2022-07-08 14:08:29.221 -0600"
    }
  ],
  "createdTimestamp" : "2022-07-08 14:08:28.546 -0600"
}