{
  "entries" : [
    {
      "identifier" : "START",
      "message" : "Running Deploy\/GrabTestCaseRuns.script",
      "timestamp" : "2021-09-16 08:59:52.526 -0600"
    },
    {
      "handlerName" : "on_getaccesstoken",
      "message" : "https:\/\/eval53.dai.eggplant.cloud\/\/ai\/auth",
      "timestamp" : "2021-09-16 08:59:52.612 -0600",
      "identifier" : "Log",
      "scriptName" : "",
      "handlerLine" : 6
    },
    {
      "handlerName" : "on_getaccesstoken",
      "message" : "Able to Access DAI Server",
      "timestamp" : "2021-09-16 08:59:53.287 -0600",
      "identifier" : "Log",
      "scriptName" : "",
      "handlerLine" : 13
    },
    {
      "handlerName" : "on_getmodels",
      "message" : "Grabbing information about Your Models",
      "timestamp" : "2021-09-16 08:59:53.294 -0600",
      "identifier" : "Log",
      "scriptName" : "",
      "handlerLine" : 2
    },
    {
      "identifier" : "EndTestCase",
      "message" : "(Duration:\"9.552058\", Errors:\"1\", Exceptions:\"0\", StartTime:\"2021-09-16 08:59:52 -0600\", Successes:\"0\", TestCase:\"Deploy\/GrabTestCaseRuns.script\", Warnings:\"0\")",
      "timestamp" : "2021-09-16 09:00:02.080 -0600"
    },
    {
      "identifier" : "FAILURE",
      "message" : "Invalid JSON: Can't get value of JSON expression '' (reason: No value.) -- Execution Time 0:00:09 Deploy\/GrabTestCaseRuns.script",
      "timestamp" : "2021-09-16 09:00:02.089 -0600"
    }
  ],
  "createdTimestamp" : "2021-09-16 08:59:52.527 -0600"
}