{
  "entries" : [
    {
      "identifier" : "START",
      "message" : "Running Deploy\/CreateSuiteFromSingleModel.script",
      "timestamp" : "2022-06-02 14:52:32.856 -0600"
    },
    {
      "handlerName" : "on_utilities_convertmodel",
      "message" : "Building Suites and Model",
      "timestamp" : "2022-06-02 14:52:32.898 -0600",
      "identifier" : "Log",
      "scriptName" : "Utilities\/ConvertModel.script",
      "handlerLine" : 7
    },
    {
      "handlerName" : "on_chooseframeworktype",
      "message" : "Choosen Framework: Scripts And Folders",
      "timestamp" : "2022-06-02 14:52:34.935 -0600",
      "identifier" : "Log",
      "scriptName" : "Utilities\/Framework_Class.script",
      "handlerLine" : 9
    },
    {
      "handlerName" : "on_setaccesstoken",
      "message" : "Able to Access DAI Server, and grab a access token",
      "timestamp" : "2022-06-02 14:52:35.251 -0600",
      "identifier" : "LogSuccess",
      "scriptName" : "",
      "handlerLine" : 13
    },
    {
      "handlerName" : "on_checkinformation",
      "message" : "Deleting Existing Suite: \/Users\/randallhesse\/desktop\/Throw-Away Suites\/aws.suite",
      "timestamp" : "2022-06-02 14:52:37.443 -0600",
      "identifier" : "LogWarning",
      "scriptName" : "",
      "handlerLine" : 11
    },
    {
      "handlerName" : "on_createnewsuite",
      "message" : "Created New Suite: \/Users\/randallhesse\/desktop\/Throw-Away Suites\/aws.suite",
      "timestamp" : "2022-06-02 14:52:37.465 -0600",
      "identifier" : "Log",
      "scriptName" : "",
      "handlerLine" : 10
    },
    {
      "handlerName" : "on_scriptsandfolders",
      "message" : "GO \/Users\/randallhesse\/desktop\/Throw-Away Suites\/aws.suite\/Scripts\/Snippets\/GlobalStates\/Cleanup.script",
      "timestamp" : "2022-06-02 14:52:37.495 -0600",
      "identifier" : "Log",
      "scriptName" : "",
      "handlerLine" : 20
    },
    {
      "handlerName" : "on_scriptsandfolders",
      "message" : "GO \/Users\/randallhesse\/desktop\/Throw-Away Suites\/aws.suite\/Scripts\/Snippets\/GlobalStates\/ExitModel.script",
      "timestamp" : "2022-06-02 14:52:37.498 -0600",
      "identifier" : "Log",
      "scriptName" : "",
      "handlerLine" : 20
    },
    {
      "handlerName" : "on_scriptsandfolders",
      "message" : "GO \/Users\/randallhesse\/desktop\/Throw-Away Suites\/aws.suite\/Scripts\/Snippets\/GlobalStates\/ErrorModel.script",
      "timestamp" : "2022-06-02 14:52:37.502 -0600",
      "identifier" : "Log",
      "scriptName" : "",
      "handlerLine" : 20
    },
    {
      "handlerName" : "on_scriptsandfolders",
      "message" : "GO \/Users\/randallhesse\/desktop\/Throw-Away Suites\/aws.suite\/Scripts\/Snippets\/Initial\/StateCall.script",
      "timestamp" : "2022-06-02 14:52:37.507 -0600",
      "identifier" : "Log",
      "scriptName" : "",
      "handlerLine" : 20
    },
    {
      "handlerName" : "on_scriptsandfolders",
      "message" : "GO \/Users\/randallhesse\/desktop\/Throw-Away Suites\/aws.suite\/Scripts\/Snippets\/Initial\/Action0.script",
      "timestamp" : "2022-06-02 14:52:37.510 -0600",
      "identifier" : "Log",
      "scriptName" : "",
      "handlerLine" : 20
    },
    {
      "handlerName" : "on_scriptsandfolders",
      "message" : "GO \/Users\/randallhesse\/desktop\/Throw-Away Suites\/aws.suite\/Scripts\/Snippets\/Initial\/Action4.script",
      "timestamp" : "2022-06-02 14:52:37.514 -0600",
      "identifier" : "Log",
      "scriptName" : "",
      "handlerLine" : 20
    },
    {
      "handlerName" : "on_scriptsandfolders",
      "message" : "GO \/Users\/randallhesse\/desktop\/Throw-Away Suites\/aws.suite\/Scripts\/Snippets\/State0\/StateCall.script",
      "timestamp" : "2022-06-02 14:52:37.519 -0600",
      "identifier" : "Log",
      "scriptName" : "",
      "handlerLine" : 20
    },
    {
      "handlerName" : "on_scriptsandfolders",
      "message" : "GO \/Users\/randallhesse\/desktop\/Throw-Away Suites\/aws.suite\/Scripts\/Snippets\/State0\/Action1.script",
      "timestamp" : "2022-06-02 14:52:37.523 -0600",
      "identifier" : "Log",
      "scriptName" : "",
      "handlerLine" : 20
    },
    {
      "handlerName" : "on_scriptsandfolders",
      "message" : "GO \/Users\/randallhesse\/desktop\/Throw-Away Suites\/aws.suite\/Scripts\/Snippets\/State1\/StateCall.script",
      "timestamp" : "2022-06-02 14:52:37.528 -0600",
      "identifier" : "Log",
      "scriptName" : "",
      "handlerLine" : 20
    },
    {
      "handlerName" : "on_scriptsandfolders",
      "message" : "GO \/Users\/randallhesse\/desktop\/Throw-Away Suites\/aws.suite\/Scripts\/Snippets\/State1\/Action3.script",
      "timestamp" : "2022-06-02 14:52:37.531 -0600",
      "identifier" : "Log",
      "scriptName" : "",
      "handlerLine" : 20
    },
    {
      "handlerName" : "on_scriptsandfolders",
      "message" : "GO \/Users\/randallhesse\/desktop\/Throw-Away Suites\/aws.suite\/Scripts\/Snippets\/State2\/StateCall.script",
      "timestamp" : "2022-06-02 14:52:37.534 -0600",
      "identifier" : "Log",
      "scriptName" : "",
      "handlerLine" : 20
    },
    {
      "handlerName" : "on_scriptsandfolders",
      "message" : "GO \/Users\/randallhesse\/desktop\/Throw-Away Suites\/aws.suite\/Scripts\/Snippets\/State2\/Action5.script",
      "timestamp" : "2022-06-02 14:52:37.537 -0600",
      "identifier" : "Log",
      "scriptName" : "",
      "handlerLine" : 20
    },
    {
      "handlerName" : "on_updatemodel",
      "message" : "Model Updated: aws",
      "timestamp" : "2022-06-02 14:52:37.744 -0600",
      "identifier" : "Log",
      "scriptName" : "",
      "handlerLine" : 15
    },
    {
      "identifier" : "EndTestCase",
      "message" : "(Duration:\"5.022079\", Errors:\"0\", Exceptions:\"0\", StartTime:\"2022-06-02 14:52:32 -0600\", Successes:\"1\", TestCase:\"Deploy\/CreateSuiteFromSingleModel.script\", Warnings:\"1\")",
      "timestamp" : "2022-06-02 14:52:37.880 -0600"
    },
    {
      "identifier" : "SUCCESS",
      "message" : "Execution Time 0:00:05 Deploy\/CreateSuiteFromSingleModel.script",
      "timestamp" : "2022-06-02 14:52:37.886 -0600"
    }
  ],
  "createdTimestamp" : "2022-06-02 14:52:32.857 -0600"
}