{
  "entries" : [
    {
      "identifier" : "START",
      "message" : "Running Utilities\/API_Class.script",
      "timestamp" : "2022-07-19 15:39:26.111 -0600"
    },
    {
      "identifier" : "EndTestCase",
      "message" : "(Duration:\"0.000153\", Errors:\"0\", Exceptions:\"0\", StartTime:\"2022-07-19 15:39:26 -0600\", Successes:\"1\", TestCase:\"Utilities\/API_Class.script\", Warnings:\"0\")",
      "timestamp" : "2022-07-19 15:39:26.112 -0600"
    },
    {
      "identifier" : "SUCCESS",
      "message" : "Execution Time 0:00:00 Utilities\/API_Class.script",
      "timestamp" : "2022-07-19 15:39:26.157 -0600"
    }
  ],
  "createdTimestamp" : "2022-07-19 15:39:26.112 -0600"
}