{
  "entries" : [
    {
      "identifier" : "START",
      "message" : "Running SampleGrabLogs.script",
      "timestamp" : "2022-06-02 23:36:14.160 -0600"
    },
    {
      "handlerName" : "on_setaccesstoken",
      "message" : "Able to Access DAI Server, and grab a access token",
      "timestamp" : "2022-06-02 23:36:14.518 -0600",
      "identifier" : "LogSuccess",
      "scriptName" : "",
      "handlerLine" : 13
    },
    {
      "handlerName" : "on_samplegrablogs",
      "message" : "{message:\"The test config task doesn't exist\"}",
      "timestamp" : "2022-06-02 23:36:14.713 -0600",
      "identifier" : "Log",
      "scriptName" : "SampleGrabLogs.script",
      "handlerLine" : 20
    },
    {
      "identifier" : "EndTestCase",
      "message" : "(Duration:\"0.701311\", Errors:\"0\", Exceptions:\"0\", StartTime:\"2022-06-02 23:36:14 -0600\", Successes:\"1\", TestCase:\"SampleGrabLogs.script\", Warnings:\"0\")",
      "timestamp" : "2022-06-02 23:36:14.863 -0600"
    },
    {
      "identifier" : "SUCCESS",
      "message" : "Execution Time 0:00:00 SampleGrabLogs.script",
      "timestamp" : "2022-06-02 23:36:14.877 -0600"
    }
  ],
  "createdTimestamp" : "2022-06-02 23:36:14.162 -0600"
}