{
  "entries" : [
    {
      "identifier" : "START",
      "message" : "Running SampleGrabLogs.script",
      "timestamp" : "2022-06-02 23:40:17.209 -0600"
    },
    {
      "handlerName" : "on_setaccesstoken",
      "message" : "Able to Access DAI Server, and grab a access token",
      "timestamp" : "2022-06-02 23:40:17.522 -0600",
      "identifier" : "LogSuccess",
      "scriptName" : "",
      "handlerLine" : 13
    },
    {
      "identifier" : "EndTestCase",
      "message" : "(Duration:\"0.583947\", Errors:\"1\", Exceptions:\"0\", StartTime:\"2022-06-02 23:40:17 -0600\", Successes:\"1\", TestCase:\"SampleGrabLogs.script\", Warnings:\"0\")",
      "timestamp" : "2022-06-02 23:40:17.794 -0600"
    },
    {
      "identifier" : "FAILURE",
      "message" : "Invalid JSON: Can't get value of JSON expression -- Execution Time 0:00:00 SampleGrabLogs.script",
      "timestamp" : "2022-06-02 23:40:17.804 -0600"
    }
  ],
  "createdTimestamp" : "2022-06-02 23:40:17.210 -0600"
}