{
  "entries" : [
    {
      "identifier" : "START",
      "message" : "Running Deploy\/CreateSuiteFromSingleModel.script",
      "timestamp" : "2021-09-15 23:04:10.265 -0600"
    },
    {
      "handlerName" : "on_utilities_convertmodel",
      "message" : "Building Suites and Model",
      "timestamp" : "2021-09-15 23:04:10.359 -0600",
      "identifier" : "Log",
      "scriptName" : "Utilities\/ConvertModel.script",
      "handlerLine" : 7
    },
    {
      "handlerName" : "on_chooseframeworktype",
      "message" : "Choosen Framework: Scripts and Handlers (Default)",
      "timestamp" : "2021-09-15 23:04:12.582 -0600",
      "identifier" : "Log",
      "scriptName" : "Utilities\/Framework_Class.script",
      "handlerLine" : 9
    },
    {
      "handlerName" : "on_getaccesstoken",
      "message" : "https:\/\/eval510.dai.eggplant.cloud\/\/ai\/auth",
      "timestamp" : "2021-09-15 23:04:12.690 -0600",
      "identifier" : "Log",
      "scriptName" : "",
      "handlerLine" : 6
    },
    {
      "handlerName" : "on_getaccesstoken",
      "message" : "Able to Access DAI Server",
      "timestamp" : "2021-09-15 23:04:12.948 -0600",
      "identifier" : "Log",
      "scriptName" : "",
      "handlerLine" : 13
    },
    {
      "handlerName" : "on_choosegroup",
      "message" : "Group Picked: randy.hesse@eggplant.io",
      "timestamp" : "2021-09-15 23:04:18.570 -0600",
      "identifier" : "Log",
      "scriptName" : "",
      "handlerLine" : 18
    },
    {
      "handlerName" : "on_getmodels",
      "message" : "Grabbing information about Your Models",
      "timestamp" : "2021-09-15 23:04:18.645 -0600",
      "identifier" : "Log",
      "scriptName" : "",
      "handlerLine" : 2
    },
    {
      "handlerName" : "on_createnewsuite",
      "message" : "Created New Suite: \/Users\/randallhesse\/desktop\/123Cerner.suite",
      "timestamp" : "2021-09-15 23:04:24.800 -0600",
      "identifier" : "Log",
      "scriptName" : "",
      "handlerLine" : 10
    },
    {
      "handlerName" : "on_updatemodel",
      "message" : "Model Updated: 123Cerner",
      "timestamp" : "2021-09-15 23:04:25.882 -0600",
      "identifier" : "Log",
      "scriptName" : "",
      "handlerLine" : 15
    },
    {
      "identifier" : "EndTestCase",
      "message" : "(Duration:\"15.783231\", Errors:\"0\", Exceptions:\"0\", StartTime:\"2021-09-15 23:04:10 -0600\", Successes:\"1\", TestCase:\"Deploy\/CreateSuiteFromSingleModel.script\", Warnings:\"0\")",
      "timestamp" : "2021-09-15 23:04:26.049 -0600"
    },
    {
      "identifier" : "SUCCESS",
      "message" : "Execution Time 0:00:15 Deploy\/CreateSuiteFromSingleModel.script",
      "timestamp" : "2021-09-15 23:04:26.058 -0600"
    }
  ],
  "createdTimestamp" : "2021-09-15 23:04:10.266 -0600"
}