{
  "entries" : [
    {
      "identifier" : "START",
      "message" : "Running Developing\/SampleGrabLogs.script",
      "timestamp" : "2022-06-28 09:33:59.068 -0700"
    },
    {
      "handlerName" : "on_setaccesstoken",
      "message" : "Able to Access DAI Server, and grab a access token",
      "timestamp" : "2022-06-28 09:33:59.487 -0700",
      "identifier" : "LogSuccess",
      "scriptName" : "",
      "handlerLine" : 13
    },
    {
      "identifier" : "EndTestCase",
      "message" : "(Duration:\"0.675882\", Errors:\"1\", Exceptions:\"0\", StartTime:\"2022-06-28 09:33:59 -0700\", Successes:\"1\", TestCase:\"Developing\/SampleGrabLogs.script\", Warnings:\"0\")",
      "timestamp" : "2022-06-28 09:33:59.747 -0700"
    },
    {
      "identifier" : "FAILURE",
      "message" : "Invalid JSON: Can't get value of JSON expression -- Execution Time 0:00:00 Developing\/SampleGrabLogs.script",
      "timestamp" : "2022-06-28 09:33:59.761 -0700"
    }
  ],
  "createdTimestamp" : "2022-06-28 09:33:59.070 -0700"
}