{
  "entries" : [
    {
      "identifier" : "START",
      "message" : "Running Deploy\/ExcuteAModel.script",
      "timestamp" : "2021-07-28 09:56:43.057 -0600"
    },
    {
      "handlerName" : "on_getaccesstoken",
      "message" : "https:\/\/eval510.dai.eggplant.cloud\/ai\/auth",
      "timestamp" : "2021-07-28 09:56:43.151 -0600",
      "identifier" : "Log",
      "scriptName" : "",
      "handlerLine" : 6
    },
    {
      "handlerName" : "on_getaccesstoken",
      "message" : "Able to Access DAI Server",
      "timestamp" : "2021-07-28 09:56:44.079 -0600",
      "identifier" : "Log",
      "scriptName" : "",
      "handlerLine" : 13
    },
    {
      "identifier" : "EndTestCase",
      "message" : "(Duration:\"1.192233\", Errors:\"0\", Exceptions:\"0\", StartTime:\"2021-07-28 09:56:43 -0600\", Successes:\"1\", TestCase:\"Deploy\/ExcuteAModel.script\", Warnings:\"0\")",
      "timestamp" : "2021-07-28 09:56:44.250 -0600"
    },
    {
      "identifier" : "SUCCESS",
      "message" : "Execution Time 0:00:01 Deploy\/ExcuteAModel.script",
      "timestamp" : "2021-07-28 09:56:44.259 -0600"
    }
  ],
  "createdTimestamp" : "2021-07-28 09:56:43.058 -0600"
}