﻿Date Run,Status,Time,# of Errors,# of Warnings,# of Exceptions,Log File,Return Value,Error Message,# of Successes
2022-06-27 00:29:38.725 -0700,"Success",0:00:23,0,0,0,"20220627_002938.725/LogFile.txt","","",1
2022-06-27 00:31:14.666 -0700,"Failure",0:00:05,1,1,0,"20220627_003114.666/LogFile.txt","","Script Error -- Number of Errors logged: 1",1
2022-06-27 00:31:28.400 -0700,"Success",0:00:06,0,1,0,"20220627_003128.400/LogFile.txt","","",1
2022-06-27 00:32:13.022 -0700,"Success",0:00:06,0,1,0,"20220627_003213.022/LogFile.txt","","",1
2022-07-01 09:07:31.482 -0700,"Failure",0:00:30,1,0,0,"20220701_090731.482/LogFile.txt","","Script Error -- Number of Errors logged: 1",0
2022-07-28 13:26:38.319 -0600,"Success",0:00:26,0,0,0,"20220728_132638.319/LogFile.txt","","",1
