﻿<?xml version="1.0" encoding="UTF-8" ?>
<runHistory script="DAI Model Building/BuildSuiteFromModel">
 <run>
  <RunDate>2022-06-27 00:29:38.725 -0700</RunDate>
  <Status>Success</Status>
  <Duration>23.712995</Duration>
  <Errors>0</Errors>
  <Warnings>0</Warnings>
  <Exceptions>0</Exceptions>
  <Successes>1</Successes>
  <LogFile>20220627_002938.725/LogFile.txt</LogFile>
  <ReturnValue></ReturnValue>
  <ErrorMessage></ErrorMessage>
 </run>
 <run>
  <RunDate>2022-06-27 00:31:14.666 -0700</RunDate>
  <Status>Failure</Status>
  <Duration>5.805226</Duration>
  <Errors>1</Errors>
  <Warnings>1</Warnings>
  <Exceptions>0</Exceptions>
  <Successes>1</Successes>
  <LogFile>20220627_003114.666/LogFile.txt</LogFile>
  <ReturnValue></ReturnValue>
  <ErrorMessage>Script Error -- Number of Errors logged: 1</ErrorMessage>
 </run>
 <run>
  <RunDate>2022-06-27 00:31:28.400 -0700</RunDate>
  <Status>Success</Status>
  <Duration>6.255526</Duration>
  <Errors>0</Errors>
  <Warnings>1</Warnings>
  <Exceptions>0</Exceptions>
  <Successes>1</Successes>
  <LogFile>20220627_003128.400/LogFile.txt</LogFile>
  <ReturnValue></ReturnValue>
  <ErrorMessage></ErrorMessage>
 </run>
 <run>
  <RunDate>2022-06-27 00:32:13.022 -0700</RunDate>
  <Status>Success</Status>
  <Duration>6.040402</Duration>
  <Errors>0</Errors>
  <Warnings>1</Warnings>
  <Exceptions>0</Exceptions>
  <Successes>1</Successes>
  <LogFile>20220627_003213.022/LogFile.txt</LogFile>
  <ReturnValue></ReturnValue>
  <ErrorMessage></ErrorMessage>
 </run>
 <run>
  <RunDate>2022-07-01 09:07:31.482 -0700</RunDate>
  <Status>Failure</Status>
  <Duration>30.014611</Duration>
  <Errors>1</Errors>
  <Warnings>0</Warnings>
  <Exceptions>0</Exceptions>
  <Successes>0</Successes>
  <LogFile>20220701_090731.482/LogFile.txt</LogFile>
  <ReturnValue></ReturnValue>
  <ErrorMessage>Script Error -- Number of Errors logged: 1</ErrorMessage>
 </run>
 <run>
  <RunDate>2022-07-28 13:26:38.319 -0600</RunDate>
  <Status>Success</Status>
  <Duration>26.741527</Duration>
  <Errors>0</Errors>
  <Warnings>0</Warnings>
  <Exceptions>0</Exceptions>
  <Successes>1</Successes>
  <LogFile>20220728_132638.319/LogFile.txt</LogFile>
  <ReturnValue></ReturnValue>
  <ErrorMessage></ErrorMessage>
 </run>
</runHistory>
