{
  "entries" : [
    {
      "identifier" : "START",
      "message" : "Running SampleGrabLogs.script",
      "timestamp" : "2022-06-02 22:57:37.139 -0600"
    },
    {
      "handlerName" : "on_setaccesstoken",
      "message" : "Able to Access DAI Server, and grab a access token",
      "timestamp" : "2022-06-02 22:57:37.452 -0600",
      "identifier" : "LogSuccess",
      "scriptName" : "",
      "handlerLine" : 13
    },
    {
      "handlerName" : "on_samplegrablogs",
      "message" : "20",
      "timestamp" : "2022-06-02 22:57:37.592 -0600",
      "identifier" : "Log",
      "scriptName" : "SampleGrabLogs.script",
      "handlerLine" : 24
    },
    {
      "handlerName" : "on_samplegrablogs",
      "timestamp" : "2022-06-02 22:57:37.594 -0600",
      "identifier" : "Log",
      "scriptName" : "SampleGrabLogs.script",
      "handlerLine" : 24
    },
    {
      "handlerName" : "on_samplegrablogs",
      "timestamp" : "2022-06-02 22:57:37.595 -0600",
      "identifier" : "Log",
      "scriptName" : "SampleGrabLogs.script",
      "handlerLine" : 24
    },
    {
      "handlerName" : "on_samplegrablogs",
      "timestamp" : "2022-06-02 22:57:37.596 -0600",
      "identifier" : "Log",
      "scriptName" : "SampleGrabLogs.script",
      "handlerLine" : 24
    },
    {
      "handlerName" : "on_samplegrablogs",
      "timestamp" : "2022-06-02 22:57:37.598 -0600",
      "identifier" : "Log",
      "scriptName" : "SampleGrabLogs.script",
      "handlerLine" : 24
    },
    {
      "handlerName" : "on_samplegrablogs",
      "timestamp" : "2022-06-02 22:57:37.599 -0600",
      "identifier" : "Log",
      "scriptName" : "SampleGrabLogs.script",
      "handlerLine" : 24
    },
    {
      "handlerName" : "on_samplegrablogs",
      "timestamp" : "2022-06-02 22:57:37.601 -0600",
      "identifier" : "Log",
      "scriptName" : "SampleGrabLogs.script",
      "handlerLine" : 24
    },
    {
      "handlerName" : "on_samplegrablogs",
      "timestamp" : "2022-06-02 22:57:37.602 -0600",
      "identifier" : "Log",
      "scriptName" : "SampleGrabLogs.script",
      "handlerLine" : 24
    },
    {
      "handlerName" : "on_samplegrablogs",
      "timestamp" : "2022-06-02 22:57:37.603 -0600",
      "identifier" : "Log",
      "scriptName" : "SampleGrabLogs.script",
      "handlerLine" : 24
    },
    {
      "handlerName" : "on_samplegrablogs",
      "timestamp" : "2022-06-02 22:57:37.605 -0600",
      "identifier" : "Log",
      "scriptName" : "SampleGrabLogs.script",
      "handlerLine" : 24
    },
    {
      "handlerName" : "on_samplegrablogs",
      "timestamp" : "2022-06-02 22:57:37.607 -0600",
      "identifier" : "Log",
      "scriptName" : "SampleGrabLogs.script",
      "handlerLine" : 24
    },
    {
      "handlerName" : "on_samplegrablogs",
      "timestamp" : "2022-06-02 22:57:37.608 -0600",
      "identifier" : "Log",
      "scriptName" : "SampleGrabLogs.script",
      "handlerLine" : 24
    },
    {
      "handlerName" : "on_samplegrablogs",
      "timestamp" : "2022-06-02 22:57:37.610 -0600",
      "identifier" : "Log",
      "scriptName" : "SampleGrabLogs.script",
      "handlerLine" : 24
    },
    {
      "handlerName" : "on_samplegrablogs",
      "timestamp" : "2022-06-02 22:57:37.611 -0600",
      "identifier" : "Log",
      "scriptName" : "SampleGrabLogs.script",
      "handlerLine" : 24
    },
    {
      "handlerName" : "on_samplegrablogs",
      "timestamp" : "2022-06-02 22:57:37.612 -0600",
      "identifier" : "Log",
      "scriptName" : "SampleGrabLogs.script",
      "handlerLine" : 24
    },
    {
      "handlerName" : "on_samplegrablogs",
      "timestamp" : "2022-06-02 22:57:37.613 -0600",
      "identifier" : "Log",
      "scriptName" : "SampleGrabLogs.script",
      "handlerLine" : 24
    },
    {
      "handlerName" : "on_samplegrablogs",
      "timestamp" : "2022-06-02 22:57:37.614 -0600",
      "identifier" : "Log",
      "scriptName" : "SampleGrabLogs.script",
      "handlerLine" : 24
    },
    {
      "handlerName" : "on_samplegrablogs",
      "timestamp" : "2022-06-02 22:57:37.616 -0600",
      "identifier" : "Log",
      "scriptName" : "SampleGrabLogs.script",
      "handlerLine" : 24
    },
    {
      "handlerName" : "on_samplegrablogs",
      "timestamp" : "2022-06-02 22:57:37.617 -0600",
      "identifier" : "Log",
      "scriptName" : "SampleGrabLogs.script",
      "handlerLine" : 24
    },
    {
      "handlerName" : "on_samplegrablogs",
      "timestamp" : "2022-06-02 22:57:37.618 -0600",
      "identifier" : "Log",
      "scriptName" : "SampleGrabLogs.script",
      "handlerLine" : 24
    },
    {
      "identifier" : "EndTestCase",
      "message" : "(Duration:\"0.638171\", Errors:\"0\", Exceptions:\"0\", StartTime:\"2022-06-02 22:57:37 -0600\", Successes:\"1\", TestCase:\"SampleGrabLogs.script\", Warnings:\"0\")",
      "timestamp" : "2022-06-02 22:57:37.779 -0600"
    },
    {
      "identifier" : "SUCCESS",
      "message" : "Execution Time 0:00:00 SampleGrabLogs.script",
      "timestamp" : "2022-06-02 22:57:37.787 -0600"
    }
  ],
  "createdTimestamp" : "2022-06-02 22:57:37.140 -0600"
}