{
  "entries" : [
    {
      "identifier" : "START",
      "message" : "Running Execute DAI API\/GetRuns.script",
      "timestamp" : "2022-07-19 18:41:29.922 -0600"
    },
    {
      "handlerName" : "on_setaccesstoken",
      "message" : "Able to Access DAI Server, and grab a access token",
      "timestamp" : "2022-07-19 18:41:30.183 -0600",
      "identifier" : "LogSuccess",
      "scriptName" : "",
      "handlerLine" : 13
    },
    {
      "handlerName" : "function_getruns",
      "message" : "http:\/\/ec2-3-22-49-52.us-east-2.compute.amazonaws.com:8000\/ai\/runs?limit=limit&starttime=starttime&sort=%2Bstarttime",
      "timestamp" : "2022-07-19 18:41:30.193 -0600",
      "identifier" : "Log",
      "scriptName" : "",
      "handlerLine" : 18
    },
    {
      "handlerName" : "on_execute_dai_api_getruns",
      "message" : "{message:{limit:\"invalid literal for int() with base 10: 'limit'\"}}",
      "timestamp" : "2022-07-19 18:41:30.291 -0600",
      "identifier" : "Log",
      "scriptName" : "Execute DAI API\/GetRuns.script",
      "handlerLine" : 22
    },
    {
      "identifier" : "EndTestCase",
      "message" : "(Duration:\"0.470406\", Errors:\"0\", Exceptions:\"0\", StartTime:\"2022-07-19 18:41:29 -0600\", Successes:\"1\", TestCase:\"Execute DAI API\/GetRuns.script\", Warnings:\"0\")",
      "timestamp" : "2022-07-19 18:41:30.395 -0600"
    },
    {
      "identifier" : "SUCCESS",
      "message" : "Execution Time 0:00:00 Execute DAI API\/GetRuns.script",
      "timestamp" : "2022-07-19 18:41:30.406 -0600"
    }
  ],
  "createdTimestamp" : "2022-07-19 18:41:29.924 -0600"
}