{
  "entries" : [
    {
      "identifier" : "START",
      "message" : "Running Deploy\/CreateSuiteFromSingleModel.script",
      "timestamp" : "2021-09-15 23:07:25.415 -0600"
    },
    {
      "handlerName" : "on_utilities_convertmodel",
      "message" : "Building Suites and Model",
      "timestamp" : "2021-09-15 23:07:25.505 -0600",
      "identifier" : "Log",
      "scriptName" : "Utilities\/ConvertModel.script",
      "handlerLine" : 7
    },
    {
      "handlerName" : "on_chooseframeworktype",
      "message" : "Choosen Framework: Scripts and Handlers (Default)",
      "timestamp" : "2021-09-15 23:07:30.495 -0600",
      "identifier" : "Log",
      "scriptName" : "Utilities\/Framework_Class.script",
      "handlerLine" : 9
    },
    {
      "handlerName" : "on_getaccesstoken",
      "message" : "https:\/\/eval510.dai.eggplant.cloud\/\/ai\/auth",
      "timestamp" : "2021-09-15 23:07:30.570 -0600",
      "identifier" : "Log",
      "scriptName" : "",
      "handlerLine" : 6
    },
    {
      "handlerName" : "on_getaccesstoken",
      "message" : "Able to Access DAI Server",
      "timestamp" : "2021-09-15 23:07:30.921 -0600",
      "identifier" : "Log",
      "scriptName" : "",
      "handlerLine" : 13
    },
    {
      "handlerName" : "on_choosegroup",
      "message" : "Group Picked: randy.hesse@eggplant.io",
      "timestamp" : "2021-09-15 23:07:37.700 -0600",
      "identifier" : "Log",
      "scriptName" : "",
      "handlerLine" : 18
    },
    {
      "handlerName" : "on_getmodels",
      "message" : "Grabbing information about Your Models",
      "timestamp" : "2021-09-15 23:07:37.780 -0600",
      "identifier" : "Log",
      "scriptName" : "",
      "handlerLine" : 2
    },
    {
      "handlerName" : "on_createnewsuite",
      "message" : "Created New Suite: \/Users\/randallhesse\/desktop\/Throw-Away Suites\/NewTheModel.suite",
      "timestamp" : "2021-09-15 23:07:45.282 -0600",
      "identifier" : "Log",
      "scriptName" : "",
      "handlerLine" : 10
    },
    {
      "handlerName" : "on_updatemodel",
      "message" : "Model Updated: NewTheModel",
      "timestamp" : "2021-09-15 23:07:45.594 -0600",
      "identifier" : "Log",
      "scriptName" : "",
      "handlerLine" : 15
    },
    {
      "identifier" : "EndTestCase",
      "message" : "(Duration:\"20.367853\", Errors:\"0\", Exceptions:\"0\", StartTime:\"2021-09-15 23:07:25 -0600\", Successes:\"1\", TestCase:\"Deploy\/CreateSuiteFromSingleModel.script\", Warnings:\"0\")",
      "timestamp" : "2021-09-15 23:07:45.784 -0600"
    },
    {
      "identifier" : "SUCCESS",
      "message" : "Execution Time 0:00:20 Deploy\/CreateSuiteFromSingleModel.script",
      "timestamp" : "2021-09-15 23:07:45.792 -0600"
    }
  ],
  "createdTimestamp" : "2021-09-15 23:07:25.416 -0600"
}