{
  "entries" : [
    {
      "identifier" : "START",
      "message" : "Running Execute DAI API\/GetRuns.script",
      "timestamp" : "2022-07-19 18:39:59.510 -0600"
    },
    {
      "handlerName" : "on_setaccesstoken",
      "message" : "Able to Access DAI Server, and grab a access token",
      "timestamp" : "2022-07-19 18:39:59.688 -0600",
      "identifier" : "LogSuccess",
      "scriptName" : "",
      "handlerLine" : 13
    },
    {
      "handlerName" : "function_getruns",
      "message" : "http:\/\/ec2-3-22-49-52.us-east-2.compute.amazonaws.com:8000\/ai\/runs?limit=10&starttime=2021-04-21T21:32:30.592Z&sort=",
      "timestamp" : "2022-07-19 18:39:59.699 -0600",
      "identifier" : "Log",
      "scriptName" : "",
      "handlerLine" : 16
    },
    {
      "handlerName" : "on_execute_dai_api_getruns",
      "message" : "{message:\"sort parameter must not be empty\"}",
      "timestamp" : "2022-07-19 18:39:59.789 -0600",
      "identifier" : "Log",
      "scriptName" : "Execute DAI API\/GetRuns.script",
      "handlerLine" : 22
    },
    {
      "identifier" : "EndTestCase",
      "message" : "(Duration:\"0.367453\", Errors:\"0\", Exceptions:\"0\", StartTime:\"2022-07-19 18:39:59 -0600\", Successes:\"1\", TestCase:\"Execute DAI API\/GetRuns.script\", Warnings:\"0\")",
      "timestamp" : "2022-07-19 18:39:59.879 -0600"
    },
    {
      "identifier" : "SUCCESS",
      "message" : "Execution Time 0:00:00 Execute DAI API\/GetRuns.script",
      "timestamp" : "2022-07-19 18:39:59.891 -0600"
    }
  ],
  "createdTimestamp" : "2022-07-19 18:39:59.511 -0600"
}