{
  "entries" : [
    {
      "identifier" : "START",
      "message" : "Running ExecuteDAI_API\/GetRuns.script",
      "timestamp" : "2022-06-15 09:55:20.303 -0500"
    },
    {
      "handlerName" : "on_setaccesstoken",
      "message" : "Able to Access DAI Server, and grab a access token",
      "timestamp" : "2022-06-15 09:55:20.983 -0500",
      "identifier" : "LogSuccess",
      "scriptName" : "",
      "handlerLine" : 13
    },
    {
      "identifier" : "EndTestCase",
      "message" : "(Duration:\"1.743031\", Errors:\"0\", Exceptions:\"0\", StartTime:\"2022-06-15 09:55:20 -0500\", Successes:\"1\", TestCase:\"ExecuteDAI_API\/GetRuns.script\", Warnings:\"0\")",
      "timestamp" : "2022-06-15 09:55:22.048 -0500"
    },
    {
      "identifier" : "SUCCESS",
      "message" : "Execution Time 0:00:01 ExecuteDAI_API\/GetRuns.script",
      "timestamp" : "2022-06-15 09:55:22.058 -0500"
    }
  ],
  "createdTimestamp" : "2022-06-15 09:55:20.305 -0500"
}