{
  "entries" : [
    {
      "identifier" : "START",
      "message" : "Running Deploy\/UpdateSingleModel.script",
      "timestamp" : "2021-09-15 23:02:53.710 -0600"
    },
    {
      "handlerName" : "on_utilities_convertmodel",
      "message" : "Building Suites and Model",
      "timestamp" : "2021-09-15 23:02:53.803 -0600",
      "identifier" : "Log",
      "scriptName" : "Utilities\/ConvertModel.script",
      "handlerLine" : 7
    },
    {
      "handlerName" : "on_chooseframeworktype",
      "message" : "Choosen Framework: Cancel",
      "timestamp" : "2021-09-15 23:02:56.596 -0600",
      "identifier" : "Log",
      "scriptName" : "Utilities\/Framework_Class.script",
      "handlerLine" : 9
    },
    {
      "handlerName" : "on_chooseframeworktype",
      "message" : "Did not Choose a Framework",
      "timestamp" : "2021-09-15 23:02:56.597 -0600",
      "identifier" : "LogError",
      "scriptName" : "Utilities\/Framework_Class.script",
      "handlerLine" : 15
    },
    {
      "identifier" : "EndTestCase",
      "message" : "(Duration:\"3.150931\", Errors:\"1\", Exceptions:\"0\", StartTime:\"2021-09-15 23:02:53 -0600\", Successes:\"0\", TestCase:\"Deploy\/UpdateSingleModel.script\", Warnings:\"0\")",
      "timestamp" : "2021-09-15 23:02:56.862 -0600"
    },
    {
      "identifier" : "FAILURE",
      "message" : "Script Error: Number of Errors logged: 1 -- Execution Time 0:00:03 Deploy\/UpdateSingleModel.script",
      "timestamp" : "2021-09-15 23:02:56.870 -0600"
    }
  ],
  "createdTimestamp" : "2021-09-15 23:02:53.711 -0600"
}