{
  "entries" : [
    {
      "identifier" : "START",
      "message" : "Running Utilities\/Untitled.script",
      "timestamp" : "2022-02-07 13:56:38.147 -0700"
    },
    {
      "handlerName" : "on_utilities_untitled",
      "message" : "Validation Error: Empty URL.",
      "timestamp" : "2022-02-07 13:56:38.267 -0700",
      "identifier" : "LogError",
      "scriptName" : "Utilities\/Untitled.script",
      "handlerLine" : 3
    },
    {
      "identifier" : "EndTestCase",
      "message" : "(Duration:\"0.269256\", Errors:\"2\", Exceptions:\"0\", StartTime:\"2022-02-07 13:56:38 -0700\", Successes:\"0\", TestCase:\"Utilities\/Untitled.script\", Warnings:\"0\")",
      "timestamp" : "2022-02-07 13:56:38.424 -0700"
    },
    {
      "identifier" : "FAILURE",
      "message" : "Validation Error:: The Api Test could not be executed due to validation errors. -- Execution Time 0:00:00 Utilities\/Untitled.script",
      "timestamp" : "2022-02-07 13:56:38.438 -0700"
    }
  ],
  "createdTimestamp" : "2022-02-07 13:56:38.154 -0700"
}