﻿Date Run,Status,Time,# of Errors,# of Warnings,# of Exceptions,Log File,Return Value,Error Message,# of Successes
2022-06-03 11:26:10.522 -0600,"Success",0:00:04,0,0,0,"20220603_112610.522/LogFile.txt","","",1
2022-06-03 11:32:28.883 -0600,"Failure",0:00:00,1,0,0,"20220603_113228.883/LogFile.txt","","Script Error -- Number of Errors logged: 1",1
2022-06-03 11:32:55.973 -0600,"Success",0:00:00,0,0,0,"20220603_113255.973/LogFile.txt","","",1
2022-06-03 11:34:36.165 -0600,"Aborted",0:00:05,1,0,0,"20220603_113436.165/LogFile.txt","","",1
2022-06-03 11:34:47.639 -0600,"Success",0:00:00,0,0,0,"20220603_113447.639/LogFile.txt","","",1
2022-06-03 11:35:42.036 -0600,"Success",0:00:00,0,0,0,"20220603_113542.036/LogFile.txt","","",1
2022-06-03 11:36:06.779 -0600,"Failure",0:00:00,1,0,0,"20220603_113606.779/LogFile.txt","","STUnknownMessage -- ERROR: No Such Function: 'getmodellogs'",1
2022-06-03 11:36:14.279 -0600,"Failure",0:00:00,1,0,0,"20220603_113614.279/LogFile.txt","","STUnknownMessage -- ERROR: No Such Function: 'getmodellogs'",1
2022-06-03 11:36:22.874 -0600,"Success",0:00:00,0,0,0,"20220603_113622.874/LogFile.txt","","",1
2022-06-03 15:42:03.627 -0600,"Success",0:00:00,0,0,0,"20220603_154203.627/LogFile.txt","","",1
2022-06-28 09:34:30.185 -0700,"Success",0:00:00,0,0,0,"20220628_093430.185/LogFile.txt","","",1
