﻿<?xml version="1.0" encoding="UTF-8" ?>
<runHistory script="ExecuteDAI_API/PullLogsDownLocally">
 <run>
  <RunDate>2022-06-03 11:26:10.522 -0600</RunDate>
  <Status>Success</Status>
  <Duration>4.662922</Duration>
  <Errors>0</Errors>
  <Warnings>0</Warnings>
  <Exceptions>0</Exceptions>
  <Successes>1</Successes>
  <LogFile>20220603_112610.522/LogFile.txt</LogFile>
  <ReturnValue></ReturnValue>
  <ErrorMessage></ErrorMessage>
 </run>
 <run>
  <RunDate>2022-06-03 11:32:28.883 -0600</RunDate>
  <Status>Failure</Status>
  <Duration>0.351848</Duration>
  <Errors>1</Errors>
  <Warnings>0</Warnings>
  <Exceptions>0</Exceptions>
  <Successes>1</Successes>
  <LogFile>20220603_113228.883/LogFile.txt</LogFile>
  <ReturnValue></ReturnValue>
  <ErrorMessage>Script Error -- Number of Errors logged: 1</ErrorMessage>
 </run>
 <run>
  <RunDate>2022-06-03 11:32:55.973 -0600</RunDate>
  <Status>Success</Status>
  <Duration>0.423846</Duration>
  <Errors>0</Errors>
  <Warnings>0</Warnings>
  <Exceptions>0</Exceptions>
  <Successes>1</Successes>
  <LogFile>20220603_113255.973/LogFile.txt</LogFile>
  <ReturnValue></ReturnValue>
  <ErrorMessage></ErrorMessage>
 </run>
 <run>
  <RunDate>2022-06-03 11:34:36.165 -0600</RunDate>
  <Status>Aborted</Status>
  <Duration>5.613205</Duration>
  <Errors>1</Errors>
  <Warnings>0</Warnings>
  <Exceptions>0</Exceptions>
  <Successes>1</Successes>
  <LogFile>20220603_113436.165/LogFile.txt</LogFile>
  <ReturnValue></ReturnValue>
  <ErrorMessage></ErrorMessage>
 </run>
 <run>
  <RunDate>2022-06-03 11:34:47.639 -0600</RunDate>
  <Status>Success</Status>
  <Duration>0.430058</Duration>
  <Errors>0</Errors>
  <Warnings>0</Warnings>
  <Exceptions>0</Exceptions>
  <Successes>1</Successes>
  <LogFile>20220603_113447.639/LogFile.txt</LogFile>
  <ReturnValue></ReturnValue>
  <ErrorMessage></ErrorMessage>
 </run>
 <run>
  <RunDate>2022-06-03 11:35:42.036 -0600</RunDate>
  <Status>Success</Status>
  <Duration>0.589912</Duration>
  <Errors>0</Errors>
  <Warnings>0</Warnings>
  <Exceptions>0</Exceptions>
  <Successes>1</Successes>
  <LogFile>20220603_113542.036/LogFile.txt</LogFile>
  <ReturnValue></ReturnValue>
  <ErrorMessage></ErrorMessage>
 </run>
 <run>
  <RunDate>2022-06-03 11:36:06.779 -0600</RunDate>
  <Status>Failure</Status>
  <Duration>0.336849</Duration>
  <Errors>1</Errors>
  <Warnings>0</Warnings>
  <Exceptions>0</Exceptions>
  <Successes>1</Successes>
  <LogFile>20220603_113606.779/LogFile.txt</LogFile>
  <ReturnValue></ReturnValue>
  <ErrorMessage>STUnknownMessage -- ERROR: No Such Function: &#x27;getmodellogs&#x27;</ErrorMessage>
 </run>
 <run>
  <RunDate>2022-06-03 11:36:14.279 -0600</RunDate>
  <Status>Failure</Status>
  <Duration>0.332745</Duration>
  <Errors>1</Errors>
  <Warnings>0</Warnings>
  <Exceptions>0</Exceptions>
  <Successes>1</Successes>
  <LogFile>20220603_113614.279/LogFile.txt</LogFile>
  <ReturnValue></ReturnValue>
  <ErrorMessage>STUnknownMessage -- ERROR: No Such Function: &#x27;getmodellogs&#x27;</ErrorMessage>
 </run>
 <run>
  <RunDate>2022-06-03 11:36:22.874 -0600</RunDate>
  <Status>Success</Status>
  <Duration>0.470535</Duration>
  <Errors>0</Errors>
  <Warnings>0</Warnings>
  <Exceptions>0</Exceptions>
  <Successes>1</Successes>
  <LogFile>20220603_113622.874/LogFile.txt</LogFile>
  <ReturnValue></ReturnValue>
  <ErrorMessage></ErrorMessage>
 </run>
 <run>
  <RunDate>2022-06-03 15:42:03.627 -0600</RunDate>
  <Status>Success</Status>
  <Duration>0.685496</Duration>
  <Errors>0</Errors>
  <Warnings>0</Warnings>
  <Exceptions>0</Exceptions>
  <Successes>1</Successes>
  <LogFile>20220603_154203.627/LogFile.txt</LogFile>
  <ReturnValue></ReturnValue>
  <ErrorMessage></ErrorMessage>
 </run>
 <run>
  <RunDate>2022-06-28 09:34:30.185 -0700</RunDate>
  <Status>Success</Status>
  <Duration>0.756774</Duration>
  <Errors>0</Errors>
  <Warnings>0</Warnings>
  <Exceptions>0</Exceptions>
  <Successes>1</Successes>
  <LogFile>20220628_093430.185/LogFile.txt</LogFile>
  <ReturnValue></ReturnValue>
  <ErrorMessage></ErrorMessage>
 </run>
</runHistory>
