{
  "entries" : [
    {
      "identifier" : "START",
      "message" : "Running ExecuteDAI_API\/PullLogsDownLocally.script",
      "timestamp" : "2022-06-03 11:32:28.885 -0600"
    },
    {
      "handlerName" : "on_setaccesstoken",
      "message" : "Able to Access DAI Server, and grab a access token",
      "timestamp" : "2022-06-03 11:32:29.064 -0600",
      "identifier" : "LogSuccess",
      "scriptName" : "",
      "handlerLine" : 13
    },
    {
      "handlerName" : "on_checkmodeluid",
      "message" : "ModelUID has not been set, please use \"SetModelUID\"",
      "timestamp" : "2022-06-03 11:32:29.072 -0600",
      "identifier" : "LogError",
      "scriptName" : "",
      "handlerLine" : 3
    },
    {
      "identifier" : "EndTestCase",
      "message" : "(Duration:\"0.347963\", Errors:\"1\", Exceptions:\"0\", StartTime:\"2022-06-03 11:32:28 -0600\", Successes:\"1\", TestCase:\"ExecuteDAI_API\/PullLogsDownLocally.script\", Warnings:\"0\")",
      "timestamp" : "2022-06-03 11:32:29.235 -0600"
    },
    {
      "identifier" : "FAILURE",
      "message" : "Script Error: Number of Errors logged: 1 -- Execution Time 0:00:00 ExecuteDAI_API\/PullLogsDownLocally.script",
      "timestamp" : "2022-06-03 11:32:29.244 -0600"
    }
  ],
  "createdTimestamp" : "2022-06-03 11:32:28.887 -0600"
}