﻿Script,Last Status,Runs,Fails,First Run,Last Run,Avg Time(Success)
Execute DAI API/GetModelLogs,Success,5,0,2022-06-02 22:09:37 -0600,2022-07-08 14:09:42 -0600,0:00:03
Execute DAI API/GetModelRuns,Success,4,0,2022-06-03 15:42:40 -0600,2022-07-08 14:10:07 -0600,0:00:03
Execute DAI API/GetRuns,Success,76,15,2022-06-15 09:09:50 -0500,2022-08-02 20:45:35 -0600,0:00:01
Developing/PullLogsDownLocally,Success,10,3,2022-06-03 11:26:10 -0600,2022-06-28 09:34:30 -0700,0:00:01
Building DAI Model/BuildModelJsonSample,Success,6,0,2022-06-02 14:56:30 -0600,2022-06-27 00:27:15 -0700,0:00:01
Execute DAI API/CreateSuiteFromSingleModel,Success,10,5,2022-06-02 14:36:19 -0600,2022-06-02 14:52:59 -0600,0:00:05
Building DAI Model/BuildSuiteFromModel,Success,6,2,2022-06-27 00:29:38 -0700,2022-07-28 13:26:38 -0600,0:00:15
Untitled,Success,8,0,2022-07-19 18:44:58 -0600,2022-07-19 18:47:02 -0600,0:00:00
Utilities/API_Class,Success,2,0,2022-07-19 15:39:23 -0600,2022-07-19 15:39:26 -0600,0:00:00
Building DAI Model/BuildModelJsonWithSnippets,Success,5,1,2022-06-02 15:02:34 -0600,2022-06-02 15:13:20 -0600,0:00:04
Test_Deploys/ConvertModel_Test,Success,2,1,2022-06-02 14:41:55 -0600,2022-06-02 14:42:18 -0600,0:00:07
Developing/SampleGrabLogs,Failure,32,7,2022-06-02 22:34:01 -0600,2022-06-28 09:33:59 -0700,0:00:01
Building DAI Model/CreateModelFromCode,Failure,2,1,2022-06-02 15:22:02 -0600,2022-06-02 15:23:41 -0600,0:00:00
Execute DAI API/GetListofModels01,Success,2,0,2022-06-02 22:51:52 -0600,2022-07-08 13:58:20 -0600,0:00:00
Developing/Untitled,Success,18,0,2022-06-03 11:40:21 -0600,2022-06-03 11:51:45 -0600,0:00:00
