﻿<?xml version="1.0" encoding="UTF-8" ?>
<statistics>
 <script name="Execute DAI API/GetModelLogs">
  <LastStatus>Success</LastStatus>
  <NumberOfRuns>5</NumberOfRuns>
  <NumberOfFails>0</NumberOfFails>
  <FirstRun>2022-06-02 22:09:37 -0600</FirstRun>
  <LastRun>2022-07-08 14:09:42 -0600</LastRun>
  <TotalTimeOnSuccess>18.673262</TotalTimeOnSuccess>
 </script>
 <script name="Execute DAI API/GetModelRuns">
  <LastStatus>Success</LastStatus>
  <NumberOfRuns>4</NumberOfRuns>
  <NumberOfFails>0</NumberOfFails>
  <FirstRun>2022-06-03 15:42:40 -0600</FirstRun>
  <LastRun>2022-07-08 14:10:07 -0600</LastRun>
  <TotalTimeOnSuccess>13.679356</TotalTimeOnSuccess>
 </script>
 <script name="Execute DAI API/GetRuns">
  <LastStatus>Success</LastStatus>
  <NumberOfRuns>76</NumberOfRuns>
  <NumberOfFails>15</NumberOfFails>
  <FirstRun>2022-06-15 09:09:50 -0500</FirstRun>
  <LastRun>2022-08-02 20:45:35 -0600</LastRun>
  <TotalTimeOnSuccess>78.375887</TotalTimeOnSuccess>
 </script>
 <script name="Developing/PullLogsDownLocally">
  <LastStatus>Success</LastStatus>
  <NumberOfRuns>10</NumberOfRuns>
  <NumberOfFails>3</NumberOfFails>
  <FirstRun>2022-06-03 11:26:10 -0600</FirstRun>
  <LastRun>2022-06-28 09:34:30 -0700</LastRun>
  <TotalTimeOnSuccess>8.019543</TotalTimeOnSuccess>
 </script>
 <script name="Building DAI Model/BuildModelJsonSample">
  <LastStatus>Success</LastStatus>
  <NumberOfRuns>6</NumberOfRuns>
  <NumberOfFails>0</NumberOfFails>
  <FirstRun>2022-06-02 14:56:30 -0600</FirstRun>
  <LastRun>2022-06-27 00:27:15 -0700</LastRun>
  <TotalTimeOnSuccess>7.444630</TotalTimeOnSuccess>
 </script>
 <script name="Execute DAI API/CreateSuiteFromSingleModel">
  <LastStatus>Success</LastStatus>
  <NumberOfRuns>10</NumberOfRuns>
  <NumberOfFails>5</NumberOfFails>
  <FirstRun>2022-06-02 14:36:19 -0600</FirstRun>
  <LastRun>2022-06-02 14:52:59 -0600</LastRun>
  <TotalTimeOnSuccess>26.265919</TotalTimeOnSuccess>
 </script>
 <script name="Building DAI Model/BuildSuiteFromModel">
  <LastStatus>Success</LastStatus>
  <NumberOfRuns>6</NumberOfRuns>
  <NumberOfFails>2</NumberOfFails>
  <FirstRun>2022-06-27 00:29:38 -0700</FirstRun>
  <LastRun>2022-07-28 13:26:38 -0600</LastRun>
  <TotalTimeOnSuccess>62.750450</TotalTimeOnSuccess>
 </script>
 <script name="Untitled">
  <LastStatus>Success</LastStatus>
  <NumberOfRuns>8</NumberOfRuns>
  <NumberOfFails>0</NumberOfFails>
  <FirstRun>2022-07-19 18:44:58 -0600</FirstRun>
  <LastRun>2022-07-19 18:47:02 -0600</LastRun>
  <TotalTimeOnSuccess>1.331600</TotalTimeOnSuccess>
 </script>
 <script name="Utilities/API_Class">
  <LastStatus>Success</LastStatus>
  <NumberOfRuns>2</NumberOfRuns>
  <NumberOfFails>0</NumberOfFails>
  <FirstRun>2022-07-19 15:39:23 -0600</FirstRun>
  <LastRun>2022-07-19 15:39:26 -0600</LastRun>
  <TotalTimeOnSuccess>0.011338</TotalTimeOnSuccess>
 </script>
 <script name="Building DAI Model/BuildModelJsonWithSnippets">
  <LastStatus>Success</LastStatus>
  <NumberOfRuns>5</NumberOfRuns>
  <NumberOfFails>1</NumberOfFails>
  <FirstRun>2022-06-02 15:02:34 -0600</FirstRun>
  <LastRun>2022-06-02 15:13:20 -0600</LastRun>
  <TotalTimeOnSuccess>19.442012</TotalTimeOnSuccess>
 </script>
 <script name="Test_Deploys/ConvertModel_Test">
  <LastStatus>Success</LastStatus>
  <NumberOfRuns>2</NumberOfRuns>
  <NumberOfFails>1</NumberOfFails>
  <FirstRun>2022-06-02 14:41:55 -0600</FirstRun>
  <LastRun>2022-06-02 14:42:18 -0600</LastRun>
  <TotalTimeOnSuccess>7.597263</TotalTimeOnSuccess>
 </script>
 <script name="Developing/SampleGrabLogs">
  <LastStatus>Failure</LastStatus>
  <NumberOfRuns>32</NumberOfRuns>
  <NumberOfFails>7</NumberOfFails>
  <FirstRun>2022-06-02 22:34:01 -0600</FirstRun>
  <LastRun>2022-06-28 09:33:59 -0700</LastRun>
  <TotalTimeOnSuccess>39.961758</TotalTimeOnSuccess>
 </script>
 <script name="Building DAI Model/CreateModelFromCode">
  <LastStatus>Failure</LastStatus>
  <NumberOfRuns>2</NumberOfRuns>
  <NumberOfFails>1</NumberOfFails>
  <FirstRun>2022-06-02 15:22:02 -0600</FirstRun>
  <LastRun>2022-06-02 15:23:41 -0600</LastRun>
  <TotalTimeOnSuccess>0.773646</TotalTimeOnSuccess>
 </script>
 <script name="Execute DAI API/GetListofModels01">
  <LastStatus>Success</LastStatus>
  <NumberOfRuns>2</NumberOfRuns>
  <NumberOfFails>0</NumberOfFails>
  <FirstRun>2022-06-02 22:51:52 -0600</FirstRun>
  <LastRun>2022-07-08 13:58:20 -0600</LastRun>
  <TotalTimeOnSuccess>1.198660</TotalTimeOnSuccess>
 </script>
 <script name="Developing/Untitled">
  <LastStatus>Success</LastStatus>
  <NumberOfRuns>18</NumberOfRuns>
  <NumberOfFails>0</NumberOfFails>
  <FirstRun>2022-06-03 11:40:21 -0600</FirstRun>
  <LastRun>2022-06-03 11:51:45 -0600</LastRun>
  <TotalTimeOnSuccess>9.931236</TotalTimeOnSuccess>
 </script>
</statistics>
