﻿<?xml version="1.0" encoding="UTF-8" ?>
<statistics>
 <script name="OLD/NEWMODEL">
  <LastStatus>Success</LastStatus>
  <NumberOfRuns>1</NumberOfRuns>
  <NumberOfFails>0</NumberOfFails>
  <FirstRun>2021-04-23 15:10:51 -0600</FirstRun>
  <LastRun>2021-04-23 15:10:51 -0600</LastRun>
  <TotalTimeOnSuccess>0.157363</TotalTimeOnSuccess>
 </script>
 <script name="OLD_AI_ELEMENTS/AIElements_v2">
  <LastStatus>Success</LastStatus>
  <NumberOfRuns>8</NumberOfRuns>
  <NumberOfFails>1</NumberOfFails>
  <FirstRun>2021-04-27 15:00:54 -0600</FirstRun>
  <LastRun>2021-04-27 15:18:43 -0600</LastRun>
  <TotalTimeOnSuccess>7.637764</TotalTimeOnSuccess>
 </script>
 <script name="OLD_AI_ELEMENTS/AutoGenereateModel_v2">
  <LastStatus>Success</LastStatus>
  <NumberOfRuns>3</NumberOfRuns>
  <NumberOfFails>0</NumberOfFails>
  <FirstRun>2021-04-27 23:09:10 -0600</FirstRun>
  <LastRun>2021-04-28 08:59:24 -0600</LastRun>
  <TotalTimeOnSuccess>3.463127</TotalTimeOnSuccess>
 </script>
 <script name="GrabModelInfo">
  <LastStatus>Success</LastStatus>
  <NumberOfRuns>3</NumberOfRuns>
  <NumberOfFails>0</NumberOfFails>
  <FirstRun>2021-04-23 23:30:55 -0600</FirstRun>
  <LastRun>2021-04-23 23:55:27 -0600</LastRun>
  <TotalTimeOnSuccess>2.703803</TotalTimeOnSuccess>
 </script>
 <script name="OLD_AI_ELEMENTS/AutoSpace">
  <LastStatus>Success</LastStatus>
  <NumberOfRuns>45</NumberOfRuns>
  <NumberOfFails>1</NumberOfFails>
  <FirstRun>2021-04-27 22:50:30 -0600</FirstRun>
  <LastRun>2021-04-28 08:55:18 -0600</LastRun>
  <TotalTimeOnSuccess>11.569813</TotalTimeOnSuccess>
 </script>
 <script name="AGM_v5">
  <LastStatus>Success</LastStatus>
  <NumberOfRuns>20</NumberOfRuns>
  <NumberOfFails>0</NumberOfFails>
  <FirstRun>2021-04-28 14:08:04 -0600</FirstRun>
  <LastRun>2021-04-29 12:41:42 -0600</LastRun>
  <TotalTimeOnSuccess>27.601007</TotalTimeOnSuccess>
 </script>
 <script name="Untitled">
  <LastStatus>Success</LastStatus>
  <NumberOfRuns>3</NumberOfRuns>
  <NumberOfFails>0</NumberOfFails>
  <FirstRun>2021-04-28 14:21:08 -0600</FirstRun>
  <LastRun>2021-04-29 12:43:17 -0600</LastRun>
  <TotalTimeOnSuccess>0.661977</TotalTimeOnSuccess>
 </script>
 <script name="OLD_AI_ELEMENTS/AIElements_v1">
  <LastStatus>Success</LastStatus>
  <NumberOfRuns>24</NumberOfRuns>
  <NumberOfFails>5</NumberOfFails>
  <FirstRun>2021-04-23 23:33:59 -0600</FirstRun>
  <LastRun>2021-04-28 11:52:17 -0600</LastRun>
  <TotalTimeOnSuccess>10.041677</TotalTimeOnSuccess>
 </script>
 <script name="OLD_AI_ELEMENTS/AGM_v3">
  <LastStatus>Success</LastStatus>
  <NumberOfRuns>38</NumberOfRuns>
  <NumberOfFails>7</NumberOfFails>
  <FirstRun>2021-04-27 23:07:15 -0600</FirstRun>
  <LastRun>2021-04-28 11:37:59 -0600</LastRun>
  <TotalTimeOnSuccess>37.187111</TotalTimeOnSuccess>
 </script>
 <script name="CreateModel">
  <LastStatus>Success</LastStatus>
  <NumberOfRuns>18</NumberOfRuns>
  <NumberOfFails>8</NumberOfFails>
  <FirstRun>2021-04-23 19:11:53 -0600</FirstRun>
  <LastRun>2021-04-23 23:32:19 -0600</LastRun>
  <TotalTimeOnSuccess>28.438816</TotalTimeOnSuccess>
 </script>
 <script name="OLD_AI_ELEMENTS/AGM_v4">
  <LastStatus>Success</LastStatus>
  <NumberOfRuns>14</NumberOfRuns>
  <NumberOfFails>0</NumberOfFails>
  <FirstRun>2021-04-28 11:46:29 -0600</FirstRun>
  <LastRun>2021-04-28 13:59:55 -0600</LastRun>
  <TotalTimeOnSuccess>34.426560</TotalTimeOnSuccess>
 </script>
 <script name="OLD_AI_ELEMENTS/AutoGenerateModels">
  <LastStatus>Success</LastStatus>
  <NumberOfRuns>14</NumberOfRuns>
  <NumberOfFails>1</NumberOfFails>
  <FirstRun>2021-04-27 22:24:50 -0600</FirstRun>
  <LastRun>2021-04-27 22:37:39 -0600</LastRun>
  <TotalTimeOnSuccess>14.241814</TotalTimeOnSuccess>
 </script>
 <script name="OLD/CreateNewModel">
  <LastStatus>Success</LastStatus>
  <NumberOfRuns>21</NumberOfRuns>
  <NumberOfFails>0</NumberOfFails>
  <FirstRun>2021-04-23 14:58:10 -0600</FirstRun>
  <LastRun>2021-04-23 19:06:59 -0600</LastRun>
  <TotalTimeOnSuccess>28.709202</TotalTimeOnSuccess>
 </script>
 <script name="OLD/Untitled4">
  <LastStatus>Success</LastStatus>
  <NumberOfRuns>2</NumberOfRuns>
  <NumberOfFails>0</NumberOfFails>
  <FirstRun>2021-04-23 18:56:45 -0600</FirstRun>
  <LastRun>2021-04-23 18:57:22 -0600</LastRun>
  <TotalTimeOnSuccess>1.971672</TotalTimeOnSuccess>
 </script>
</statistics>
