﻿<?xml version="1.0" encoding="UTF-8" ?>
<statistics>
 <script name="Utilities/Framework_Class">
  <LastStatus>Success</LastStatus>
  <NumberOfRuns>9</NumberOfRuns>
  <NumberOfFails>0</NumberOfFails>
  <FirstRun>2020-12-17 10:37:35 -0700</FirstRun>
  <LastRun>2021-03-31 14:59:03 -0600</LastRun>
  <TotalTimeOnSuccess>0.014152</TotalTimeOnSuccess>
 </script>
 <script name="OLD/Untitled2">
  <LastStatus>Success</LastStatus>
  <NumberOfRuns>10</NumberOfRuns>
  <NumberOfFails>0</NumberOfFails>
  <FirstRun>2021-03-17 09:11:07 -0600</FirstRun>
  <LastRun>2021-03-17 09:18:45 -0600</LastRun>
  <TotalTimeOnSuccess>45.491226</TotalTimeOnSuccess>
 </script>
 <script name="Utilities/ConvertModel">
  <LastStatus>Success</LastStatus>
  <NumberOfRuns>224</NumberOfRuns>
  <NumberOfFails>83</NumberOfFails>
  <FirstRun>2021-03-15 13:25:24 -0600</FirstRun>
  <LastRun>2021-04-01 13:33:07 -0600</LastRun>
  <TotalTimeOnSuccess>1781.752969</TotalTimeOnSuccess>
 </script>
 <script name="OLD/Main">
  <LastStatus>Success</LastStatus>
  <NumberOfRuns>262</NumberOfRuns>
  <NumberOfFails>69</NumberOfFails>
  <FirstRun>2020-12-16 13:36:57 -0700</FirstRun>
  <LastRun>2021-03-15 14:49:27 -0600</LastRun>
  <TotalTimeOnSuccess>287.296763</TotalTimeOnSuccess>
 </script>
 <script name="Main">
  <LastStatus>Success</LastStatus>
  <NumberOfRuns>37</NumberOfRuns>
  <NumberOfFails>16</NumberOfFails>
  <FirstRun>2021-03-26 10:40:47 -0600</FirstRun>
  <LastRun>2021-04-01 13:41:13 -0600</LastRun>
  <TotalTimeOnSuccess>203.116751</TotalTimeOnSuccess>
 </script>
 <script name="DAI_API-API">
  <LastStatus>Failure</LastStatus>
  <NumberOfRuns>1</NumberOfRuns>
  <NumberOfFails>1</NumberOfFails>
  <FirstRun>2021-03-12 14:04:11 -0700</FirstRun>
  <LastRun>2021-03-12 14:04:11 -0700</LastRun>
  <TotalTimeOnSuccess>0.000000</TotalTimeOnSuccess>
 </script>
 <script name="Utilities/JSON_Class">
  <LastStatus>Success</LastStatus>
  <NumberOfRuns>1</NumberOfRuns>
  <NumberOfFails>0</NumberOfFails>
  <FirstRun>2021-03-26 15:47:36 -0600</FirstRun>
  <LastRun>2021-03-26 15:47:36 -0600</LastRun>
  <TotalTimeOnSuccess>0.004223</TotalTimeOnSuccess>
 </script>
 <script name="OLD/Untitled33">
  <LastStatus>Success</LastStatus>
  <NumberOfRuns>11</NumberOfRuns>
  <NumberOfFails>3</NumberOfFails>
  <FirstRun>2021-03-31 14:25:57 -0600</FirstRun>
  <LastRun>2021-03-31 14:32:16 -0600</LastRun>
  <TotalTimeOnSuccess>1.633802</TotalTimeOnSuccess>
 </script>
</statistics>
