{
  "entries" : [
    {
      "identifier" : "START",
      "message" : "Running SampleGrabLogs.script",
      "timestamp" : "2022-06-02 22:53:05.025 -0600"
    },
    {
      "handlerName" : "on_setaccesstoken",
      "message" : "Able to Access DAI Server, and grab a access token",
      "timestamp" : "2022-06-02 22:53:05.390 -0600",
      "identifier" : "LogSuccess",
      "scriptName" : "",
      "handlerLine" : 13
    },
    {
      "handlerName" : "on_choosemodel",
      "message" : "User did not pick a Model",
      "timestamp" : "2022-06-02 22:53:07.008 -0600",
      "identifier" : "LogWarning",
      "scriptName" : "",
      "handlerLine" : 17
    },
    {
      "identifier" : "EndTestCase",
      "message" : "(Duration:\"2.143414\", Errors:\"0\", Exceptions:\"0\", StartTime:\"2022-06-02 22:53:05 -0600\", Successes:\"1\", TestCase:\"SampleGrabLogs.script\", Warnings:\"1\")",
      "timestamp" : "2022-06-02 22:53:07.170 -0600"
    },
    {
      "identifier" : "SUCCESS",
      "message" : "Execution Time 0:00:02 SampleGrabLogs.script",
      "timestamp" : "2022-06-02 22:53:07.178 -0600"
    }
  ],
  "createdTimestamp" : "2022-06-02 22:53:05.026 -0600"
}