{
  "entries" : [
    {
      "identifier" : "START",
      "message" : "Running SampleGrabLogs.script",
      "timestamp" : "2022-06-02 23:43:50.908 -0600"
    },
    {
      "identifier" : "EndTestCase",
      "message" : "(Duration:\"0.000497\", Errors:\"1\", Exceptions:\"0\", StartTime:\"2022-06-02 23:43:50 -0600\", Successes:\"0\", TestCase:\"SampleGrabLogs.script\", Warnings:\"0\")",
      "timestamp" : "2022-06-02 23:43:50.910 -0600"
    },
    {
      "identifier" : "FAILURE",
      "message" : "SenseTalk Compiler Exception: in samplegrablogs:\\nSyntax Error at line 20: Syntax Error - can't understand \"-\" at character 1 -- Execution Time 0:00:00 SampleGrabLogs.script",
      "timestamp" : "2022-06-02 23:43:50.969 -0600"
    }
  ],
  "createdTimestamp" : "2022-06-02 23:43:50.909 -0600"
}