{
  "entries" : [
    {
      "identifier" : "START",
      "message" : "Running Execute DAI API\/GetRuns.script",
      "timestamp" : "2022-07-13 14:23:26.292 -0500"
    },
    {
      "handlerName" : "on_setaccesstoken",
      "message" : "Able to Access DAI Server, and grab a access token",
      "timestamp" : "2022-07-13 14:23:27.406 -0500",
      "identifier" : "LogSuccess",
      "scriptName" : "",
      "handlerLine" : 13
    },
    {
      "identifier" : "EndTestCase",
      "message" : "(Duration:\"1.870355\", Errors:\"0\", Exceptions:\"0\", StartTime:\"2022-07-13 14:23:26 -0500\", Successes:\"1\", TestCase:\"Execute DAI API\/GetRuns.script\", Warnings:\"0\")",
      "timestamp" : "2022-07-13 14:23:28.164 -0500"
    },
    {
      "identifier" : "SUCCESS",
      "message" : "Execution Time 0:00:01 Execute DAI API\/GetRuns.script",
      "timestamp" : "2022-07-13 14:23:28.175 -0500"
    }
  ],
  "createdTimestamp" : "2022-07-13 14:23:26.293 -0500"
}