{
  "entries" : [
    {
      "identifier" : "START",
      "message" : "Running ExecuteDAI_API\/Untitled.script",
      "timestamp" : "2022-06-03 11:45:50.501 -0600"
    },
    {
      "handlerName" : "on_setaccesstoken",
      "message" : "Able to Access DAI Server, and grab a access token",
      "timestamp" : "2022-06-03 11:45:50.685 -0600",
      "identifier" : "LogSuccess",
      "scriptName" : "",
      "handlerLine" : 13
    },
    {
      "handlerName" : "on_executedai_api_untitled",
      "message" : "20",
      "timestamp" : "2022-06-03 11:45:50.784 -0600",
      "identifier" : "Log",
      "scriptName" : "ExecuteDAI_API\/Untitled.script",
      "handlerLine" : 26
    },
    {
      "identifier" : "EndTestCase",
      "message" : "(Duration:\"0.455856\", Errors:\"0\", Exceptions:\"0\", StartTime:\"2022-06-03 11:45:50 -0600\", Successes:\"1\", TestCase:\"ExecuteDAI_API\/Untitled.script\", Warnings:\"0\")",
      "timestamp" : "2022-06-03 11:45:50.959 -0600"
    },
    {
      "identifier" : "SUCCESS",
      "message" : "Execution Time 0:00:00 ExecuteDAI_API\/Untitled.script",
      "timestamp" : "2022-06-03 11:45:50.970 -0600"
    }
  ],
  "createdTimestamp" : "2022-06-03 11:45:50.503 -0600"
}