{
  "entries" : [
    {
      "identifier" : "START",
      "message" : "Running Deploy\/CreateSuiteFromSingleModel.script",
      "timestamp" : "2021-09-15 23:03:12.582 -0600"
    },
    {
      "handlerName" : "on_utilities_convertmodel",
      "message" : "Building Suites and Model",
      "timestamp" : "2021-09-15 23:03:12.663 -0600",
      "identifier" : "Log",
      "scriptName" : "Utilities\/ConvertModel.script",
      "handlerLine" : 7
    },
    {
      "handlerName" : "on_chooseframeworktype",
      "message" : "Choosen Framework: Cancel",
      "timestamp" : "2021-09-15 23:03:18.708 -0600",
      "identifier" : "Log",
      "scriptName" : "Utilities\/Framework_Class.script",
      "handlerLine" : 9
    },
    {
      "handlerName" : "on_chooseframeworktype",
      "message" : "Did not Choose a Framework",
      "timestamp" : "2021-09-15 23:03:18.710 -0600",
      "identifier" : "LogError",
      "scriptName" : "Utilities\/Framework_Class.script",
      "handlerLine" : 15
    },
    {
      "identifier" : "EndTestCase",
      "message" : "(Duration:\"6.413789\", Errors:\"1\", Exceptions:\"0\", StartTime:\"2021-09-15 23:03:12 -0600\", Successes:\"0\", TestCase:\"Deploy\/CreateSuiteFromSingleModel.script\", Warnings:\"0\")",
      "timestamp" : "2021-09-15 23:03:18.997 -0600"
    },
    {
      "identifier" : "FAILURE",
      "message" : "Script Error: Number of Errors logged: 1 -- Execution Time 0:00:06 Deploy\/CreateSuiteFromSingleModel.script",
      "timestamp" : "2021-09-15 23:03:19.009 -0600"
    }
  ],
  "createdTimestamp" : "2021-09-15 23:03:12.583 -0600"
}