{
  "entries" : [
    {
      "identifier" : "START",
      "message" : "Running Execute DAI API\/GetRuns.script",
      "timestamp" : "2022-07-19 15:40:04.074 -0600"
    },
    {
      "handlerName" : "on_setaccesstoken",
      "message" : "Able to Access DAI Server, and grab a access token",
      "timestamp" : "2022-07-19 15:40:04.258 -0600",
      "identifier" : "LogSuccess",
      "scriptName" : "",
      "handlerLine" : 13
    },
    {
      "handlerName" : "function_getruns",
      "message" : "http:\/\/ec2-3-22-49-52.us-east-2.compute.amazonaws.com:8000\/ai\/runs?limit=1000&starttime=2021-04-21T21:32:30.592Z&sort=+\\starttime",
      "timestamp" : "2022-07-19 15:40:04.266 -0600",
      "identifier" : "Log",
      "scriptName" : "",
      "handlerLine" : 15
    },
    {
      "identifier" : "LogError",
      "message" : "unsupported URL",
      "timestamp" : "2022-07-19 15:40:04.278 -0600"
    },
    {
      "identifier" : "EndTestCase",
      "message" : "(Duration:\"0.41281\", Errors:\"2\", Exceptions:\"0\", StartTime:\"2022-07-19 15:40:04 -0600\", Successes:\"1\", TestCase:\"Execute DAI API\/GetRuns.script\", Warnings:\"0\")",
      "timestamp" : "2022-07-19 15:40:04.489 -0600"
    },
    {
      "message" : "Invalid JSON: Can't get value of JSON expression -- Execution Time 0:00:00 Execute DAI API\/GetRuns.script",
      "timestamp" : "2022-07-19 15:40:04.600 -0600",
      "identifier" : "FAILURE",
      "image" : "Screen_Error.png"
    }
  ],
  "createdTimestamp" : "2022-07-19 15:40:04.076 -0600"
}