﻿<?xml version="1.0" encoding="UTF-8" ?>
<runHistory script="DAI Model Building/CreateModelFromCode">
 <run>
  <RunDate>2022-06-02 15:22:02.115 -0600</RunDate>
  <Status>Success</Status>
  <Duration>0.773646</Duration>
  <Errors>0</Errors>
  <Warnings>0</Warnings>
  <Exceptions>0</Exceptions>
  <Successes>1</Successes>
  <LogFile>20220602_152202.115/LogFile.txt</LogFile>
  <ReturnValue></ReturnValue>
  <ErrorMessage></ErrorMessage>
 </run>
 <run>
  <RunDate>2022-06-02 15:23:41.007 -0600</RunDate>
  <Status>Failure</Status>
  <Duration>0.289254</Duration>
  <Errors>1</Errors>
  <Warnings>0</Warnings>
  <Exceptions>0</Exceptions>
  <Successes>0</Successes>
  <LogFile>20220602_152341.007/LogFile.txt</LogFile>
  <ReturnValue></ReturnValue>
  <ErrorMessage>Invalid JSON -- Can&#x27;t get value of JSON expression</ErrorMessage>
 </run>
</runHistory>
