﻿Date Run,Status,Time,# of Errors,# of Warnings,# of Exceptions,Log File,Return Value,Error Message,# of Successes
2022-06-03 15:42:40.520 -0600,"Success",0:00:02,0,0,0,"20220603_154240.520/LogFile.txt","","",1
2022-06-03 15:42:45.618 -0600,"Success",0:00:04,0,1,0,"20220603_154245.618/LogFile.txt","","",1
2022-07-08 13:58:25.730 -0600,"Success",0:00:03,0,0,0,"20220708_135825.730/LogFile.txt","","",1
2022-07-08 14:10:07.468 -0600,"Success",0:00:03,0,0,0,"20220708_141007.468/LogFile.txt","","",1
