﻿<?xml version="1.0" encoding="UTF-8" ?>
<runHistory script="Utilities/API_Class">
 <run>
  <RunDate>2022-07-19 15:39:23.113 -0600</RunDate>
  <Status>Success</Status>
  <Duration>0.006024</Duration>
  <Errors>0</Errors>
  <Warnings>0</Warnings>
  <Exceptions>0</Exceptions>
  <Successes>1</Successes>
  <LogFile>20220719_153923.113/LogFile.txt</LogFile>
  <ReturnValue></ReturnValue>
  <ErrorMessage></ErrorMessage>
 </run>
 <run>
  <RunDate>2022-07-19 15:39:26.107 -0600</RunDate>
  <Status>Success</Status>
  <Duration>0.005314</Duration>
  <Errors>0</Errors>
  <Warnings>0</Warnings>
  <Exceptions>0</Exceptions>
  <Successes>1</Successes>
  <LogFile>20220719_153926.107/LogFile.txt</LogFile>
  <ReturnValue></ReturnValue>
  <ErrorMessage></ErrorMessage>
 </run>
</runHistory>
