{
  "entries" : [
    {
      "identifier" : "START",
      "message" : "Running Execute DAI API\/GetRuns.script",
      "timestamp" : "2022-07-19 18:51:31.423 -0600"
    },
    {
      "handlerName" : "on_setaccesstoken",
      "message" : "Able to Access DAI Server, and grab a access token",
      "timestamp" : "2022-07-19 18:51:31.609 -0600",
      "identifier" : "LogSuccess",
      "scriptName" : "",
      "handlerLine" : 13
    },
    {
      "handlerName" : "function_getruns",
      "message" : "http:\/\/ec2-3-22-49-52.us-east-2.compute.amazonaws.com:8000\/ai\/runs?limit=10&starttime=2022-04-10T12:00:00.000Z&sort=%2Bstarttime",
      "timestamp" : "2022-07-19 18:51:31.624 -0600",
      "identifier" : "Log",
      "scriptName" : "",
      "handlerLine" : 21
    },
    {
      "handlerName" : "on_execute_dai_api_getruns",
      "message" : "[{coverage:0.733333, endtime:\"2022-05-31T21:33:49.059827+00:00\", events:\"True\", failedaction:<missing value>, groupid:7, hierarchyid:18391, id:1307, modelid:\"97dfe942-bd64-4872-8225-92e9c488fd1c\", modelname:\"aws\", runtype:\"normal\", scriptname:<missing value>, seed:50546420, starttime:\"2022-05-31T21:33:48.954766+00:00\", step:0, suitename:<missing value>, testcase:\"\", testcaseid:<missing value>, testconfigtask:<missing value>, teststatus:\"PASSED\"},{coverage:0.8, endtime:\"2022-06-01T02:43:44.340640+00:00\", events:\"True\", failedaction:<missing value>, groupid:7, hierarchyid:18391, id:1308, modelid:\"97dfe942-bd64-4872-8225-92e9c488fd1c\", modelname:\"aws\", runtype:\"normal\", scriptname:<missing value>, seed:197629634, starttime:\"2022-06-01T02:43:44.217371+00:00\", step:0, suitename:<missing value>, testcase:\"\", testcaseid:<missing value>, testconfigtask:<missing value>, teststatus:\"PASSED\"},{coverage:0.8, endtime:\"2022-06-01T04:02:21.052199+00:00\", events:\"True\", failedaction:<missing value>, groupid:7, hierarchyid:18391, id:1309, modelid:\"97dfe942-bd64-4872-8225-92e9c488fd1c\", modelname:\"aws\", runtype:\"normal\", scriptname:<missing value>, seed:248830164, starttime:\"2022-06-01T04:02:20.910495+00:00\", step:0, suitename:<missing value>, testcase:\"\", testcaseid:<missing value>, testconfigtask:<missing value>, teststatus:\"PASSED\"},{coverage:1, endtime:\"2022-06-01T04:04:48.249890+00:00\", events:\"True\", failedaction:<missing value>, groupid:6, hierarchyid:17894, id:1310, modelid:\"109fd38c-cd6e-45f7-9e95-1b1c2add129b\", modelname:\"TopModel01\", runtype:\"normal\", scriptname:<missing value>, seed:45534673, starttime:\"2022-06-01T04:04:47.984076+00:00\", step:0, suitename:<missing value>, testcase:\"\", testcaseid:<missing value>, testconfigtask:<missing value>, teststatus:\"PASSED\"},{coverage:1, endtime:\"2022-06-01T04:04:48.215531+00:00\", events:\"True\", failedaction:<missing value>, groupid:6, hierarchyid:17932, id:1311, modelid:\"9d9e472b-5040-44ba-9c55-bc96405a2d61\", modelname:\"SubModel\", runtype:\"normal\", scriptname:<missing value>, seed:44753, starttime:\"2022-06-01T04:04:48.108991+00:00\", step:0, suitename:<missing value>, testcase:\"\", testcaseid:<missing value>, testconfigtask:<missing value>, teststatus:\"PASSED\"},{coverage:0.478571, endtime:\"2022-06-02T18:49:15.263992+00:00\", events:\"True\", failedaction:<missing value>, groupid:1, hierarchyid:18415, id:1312, modelid:\"b3a17a75-f3fa-4a0a-8f17-7d89252f993f\", modelname:\"NopCommerce\", runtype:\"normal\", scriptname:<missing value>, seed:96691154, starttime:\"2022-06-02T18:49:14.980999+00:00\", step:0, suitename:<missing value>, testcase:\"\", testcaseid:<missing value>, testconfigtask:<missing value>, teststatus:\"PASSED\"},{coverage:0.609524, endtime:\"2022-06-02T18:50:03.214498+00:00\", events:\"True\", failedaction:<missing value>, groupid:1, hierarchyid:18415, id:1313, modelid:\"b3a17a75-f3fa-4a0a-8f17-7d89252f993f\", modelname:\"NopCommerce\", runtype:\"normal\", scriptname:<missing value>, seed:137338744, starttime:\"2022-06-02T18:50:02.873566+00:00\", step:0, suitename:<missing value>, testcase:\"\", testcaseid:<missing value>, testconfigtask:<missing value>, teststatus:\"PASSED\"},{coverage:0.96875, endtime:\"2022-06-02T18:50:03.104004+00:00\", events:\"True\", failedaction:<missing value>, groupid:1, hierarchyid:18485, id:1314, modelid:\"4972f46e-aad7-4645-bae5-9383580a3728\", modelname:\"nopcommerceinformation\", runtype:\"normal\", scriptname:<missing value>, seed:46525, starttime:\"2022-06-02T18:50:02.995296+00:00\", step:0, suitename:<missing value>, testcase:\"\", testcaseid:<missing value>, testconfigtask:<missing value>, teststatus:\"PASSED\"},{coverage:0.378571, endtime:\"2022-06-02T18:50:42.545606+00:00\", events:\"True\", failedaction:<missing value>, groupid:1, hierarchyid:18415, id:1315, modelid:\"b3a17a75-f3fa-4a0a-8f17-7d89252f993f\", modelname:\"NopCommerce\", runtype:\"normal\", scriptname:<missing value>, seed:188607584, starttime:\"2022-06-02T18:50:42.349075+00:00\", step:0, suitename:<missing value>, testcase:\"\", testcaseid:<missing value>, testconfigtask:<missing value>, teststatus:\"PASSED\"},{coverage:1, endtime:\"2022-06-02T19:24:47.509089+00:00\", events:\"True\", failedaction:<missing value>, groupid:6, hierarchyid:17894, id:1316, modelid:\"109fd38c-cd6e-45f7-9e95-1b1c2add129b\", modelname:\"TopModel01\", runtype:\"normal\", scriptname:<missing value>, seed:221720696, starttime:\"2022-06-02T19:24:47.283829+00:00\", step:0, suitename:<missing value>, testcase:\"\", testcaseid:<missing value>, testconfigtask:<missing value>, teststatus:\"PASSED\"}]",
      "timestamp" : "2022-07-19 18:51:31.724 -0600",
      "identifier" : "Log",
      "scriptName" : "Execute DAI API\/GetRuns.script",
      "handlerLine" : 23
    },
    {
      "identifier" : "EndTestCase",
      "message" : "(Duration:\"0.422912\", Errors:\"0\", Exceptions:\"0\", StartTime:\"2022-07-19 18:51:31 -0600\", Successes:\"1\", TestCase:\"Execute DAI API\/GetRuns.script\", Warnings:\"0\")",
      "timestamp" : "2022-07-19 18:51:31.848 -0600"
    },
    {
      "identifier" : "SUCCESS",
      "message" : "Execution Time 0:00:00 Execute DAI API\/GetRuns.script",
      "timestamp" : "2022-07-19 18:51:31.860 -0600"
    }
  ],
  "createdTimestamp" : "2022-07-19 18:51:31.424 -0600"
}