{
  "entries" : [
    {
      "identifier" : "START",
      "message" : "Running ExecuteDAI_API\/GetRuns.script",
      "timestamp" : "2022-06-15 09:25:19.245 -0500"
    },
    {
      "handlerName" : "on_setaccesstoken",
      "message" : "Able to Access DAI Server, and grab a access token",
      "timestamp" : "2022-06-15 09:25:19.807 -0500",
      "identifier" : "LogSuccess",
      "scriptName" : "",
      "handlerLine" : 13
    },
    {
      "handlerName" : "on_executedai_api_getruns",
      "message" : "{coverage:0.75, endtime:\"2019-02-11T17:21:08.349110+00:00\", events:\"True\", failedaction:<missing value>, groupid:1, hierarchyid:64, id:14, modelid:\"b1cd699a-6cb2-4f35-b8cb-b921116b895e\", modelname:\"123Test\", runtype:\"normal\", scriptname:<missing value>, seed:212736, starttime:\"2019-02-11T17:21:02.725264+00:00\", step:0, suitename:<missing value>, testcase:<missing value>, testcaseid:<missing value>, testconfigtask:<missing value>, teststatus:\"PASSED\"}",
      "timestamp" : "2022-06-15 09:25:19.920 -0500",
      "identifier" : "Log",
      "scriptName" : "ExecuteDAI_API\/GetRuns.script",
      "handlerLine" : 23
    },
    {
      "identifier" : "EndTestCase",
      "message" : "(Duration:\"0.844787\", Errors:\"1\", Exceptions:\"0\", StartTime:\"2022-06-15 09:25:19 -0500\", Successes:\"1\", TestCase:\"ExecuteDAI_API\/GetRuns.script\", Warnings:\"0\")",
      "timestamp" : "2022-06-15 09:25:20.091 -0500"
    },
    {
      "message" : "NSRangeException: *** -[__NSArrayM objectAtIndex:]: index 0 beyond bounds for empty array -- Execution Time 0:00:00 ExecuteDAI_API\/GetRuns.script",
      "timestamp" : "2022-06-15 09:25:20.189 -0500",
      "identifier" : "FAILURE",
      "image" : "Screen_Error.png"
    }
  ],
  "createdTimestamp" : "2022-06-15 09:25:19.246 -0500"
}