{
  "entries" : [
    {
      "identifier" : "START",
      "message" : "Running Execute DAI API\/GetRuns.script",
      "timestamp" : "2022-07-19 15:30:32.089 -0600"
    },
    {
      "handlerName" : "on_setaccesstoken",
      "message" : "Able to Access DAI Server, and grab a access token",
      "timestamp" : "2022-07-19 15:30:32.261 -0600",
      "identifier" : "LogSuccess",
      "scriptName" : "",
      "handlerLine" : 13
    },
    {
      "handlerName" : "function_getruns",
      "message" : "http:\/\/ec2-3-22-49-52.us-east-2.compute.amazonaws.com:8000\/ai\/runs?limit=1000&starttime=2021-04-19",
      "timestamp" : "2022-07-19 15:30:32.275 -0600",
      "identifier" : "Log",
      "scriptName" : "",
      "handlerLine" : 14
    },
    {
      "handlerName" : "on_execute_dai_api_getruns",
      "message" : "{message:\"Invalid start date time\"}",
      "timestamp" : "2022-07-19 15:30:32.449 -0600",
      "identifier" : "Log",
      "scriptName" : "Execute DAI API\/GetRuns.script",
      "handlerLine" : 22
    },
    {
      "identifier" : "EndTestCase",
      "message" : "(Duration:\"0.468193\", Errors:\"0\", Exceptions:\"0\", StartTime:\"2022-07-19 15:30:32 -0600\", Successes:\"1\", TestCase:\"Execute DAI API\/GetRuns.script\", Warnings:\"0\")",
      "timestamp" : "2022-07-19 15:30:32.559 -0600"
    },
    {
      "identifier" : "SUCCESS",
      "message" : "Execution Time 0:00:00 Execute DAI API\/GetRuns.script",
      "timestamp" : "2022-07-19 15:30:32.570 -0600"
    }
  ],
  "createdTimestamp" : "2022-07-19 15:30:32.090 -0600"
}