{
  "entries" : [
    {
      "identifier" : "START",
      "message" : "Running ExecuteDAI_API\/GetRuns.script",
      "timestamp" : "2022-07-08 14:06:33.099 -0600"
    },
    {
      "handlerName" : "on_setaccesstoken",
      "message" : "Able to Access DAI Server, and grab a access token",
      "timestamp" : "2022-07-08 14:06:33.375 -0600",
      "identifier" : "LogSuccess",
      "scriptName" : "",
      "handlerLine" : 13
    },
    {
      "identifier" : "EndTestCase",
      "message" : "(Duration:\"0.491301\", Errors:\"0\", Exceptions:\"0\", StartTime:\"2022-07-08 14:06:33 -0600\", Successes:\"1\", TestCase:\"ExecuteDAI_API\/GetRuns.script\", Warnings:\"0\")",
      "timestamp" : "2022-07-08 14:06:33.592 -0600"
    },
    {
      "identifier" : "SUCCESS",
      "message" : "Execution Time 0:00:00 ExecuteDAI_API\/GetRuns.script",
      "timestamp" : "2022-07-08 14:06:33.604 -0600"
    }
  ],
  "createdTimestamp" : "2022-07-08 14:06:33.100 -0600"
}