{
  "entries" : [
    {
      "identifier" : "START",
      "message" : "Running Deploy\/CreateSuiteFromSingleModel.script",
      "timestamp" : "2022-06-02 14:46:22.230 -0600"
    },
    {
      "handlerName" : "on_utilities_convertmodel",
      "message" : "Building Suites and Model",
      "timestamp" : "2022-06-02 14:46:22.297 -0600",
      "identifier" : "Log",
      "scriptName" : "Utilities\/ConvertModel.script",
      "handlerLine" : 7
    },
    {
      "handlerName" : "on_chooseframeworktype",
      "message" : "Choosen Framework: Scripts And Folders",
      "timestamp" : "2022-06-02 14:46:24.549 -0600",
      "identifier" : "Log",
      "scriptName" : "Utilities\/Framework_Class.script",
      "handlerLine" : 9
    },
    {
      "handlerName" : "on_setaccesstoken",
      "message" : "Able to Access DAI Server, and grab a access token",
      "timestamp" : "2022-06-02 14:46:24.771 -0600",
      "identifier" : "LogSuccess",
      "scriptName" : "",
      "handlerLine" : 13
    },
    {
      "handlerName" : "on_checkinformation",
      "message" : "Deleting Existing Suite: \/Users\/randallhesse\/desktop\/Throw-Away Suites\/aws.suite",
      "timestamp" : "2022-06-02 14:46:27.096 -0600",
      "identifier" : "LogWarning",
      "scriptName" : "",
      "handlerLine" : 11
    },
    {
      "handlerName" : "on_createnewsuite",
      "message" : "Created New Suite: \/Users\/randallhesse\/desktop\/Throw-Away Suites\/aws.suite",
      "timestamp" : "2022-06-02 14:46:27.116 -0600",
      "identifier" : "Log",
      "scriptName" : "",
      "handlerLine" : 10
    },
    {
      "handlerName" : "on_scriptsandfolders",
      "message" : "unable to close ScriptPath",
      "timestamp" : "2022-06-02 14:46:27.142 -0600",
      "identifier" : "LogWarning",
      "scriptName" : "Object <600002e99dc0>",
      "handlerLine" : 37
    },
    {
      "handlerName" : "on_scriptsandfolders",
      "message" : "Runtime Error at line 35: STFileException - Attempt to close unopened file: ScriptPath",
      "timestamp" : "2022-06-02 14:46:27.145 -0600",
      "identifier" : "LogWarning",
      "scriptName" : "Object <600002e99dc0>",
      "handlerLine" : 38
    },
    {
      "handlerName" : "on_scriptsandfolders",
      "message" : "\/Users\/randallhesse\/desktop\/Throw-Away Suites\/aws.suite\/Scripts\/Snippets\/GlobalStates\/Cleanup.script",
      "timestamp" : "2022-06-02 14:46:27.149 -0600",
      "identifier" : "Log",
      "scriptName" : "Object <600002e99dc0>",
      "handlerLine" : 18
    },
    {
      "handlerName" : "on_scriptsandfolders",
      "message" : "\/Users\/randallhesse\/desktop\/Throw-Away Suites\/aws.suite\/Scripts\/Snippets\/GlobalStates\/ExitModel.script",
      "timestamp" : "2022-06-02 14:46:27.153 -0600",
      "identifier" : "Log",
      "scriptName" : "Object <600002e99dc0>",
      "handlerLine" : 18
    },
    {
      "handlerName" : "on_scriptsandfolders",
      "message" : "\/Users\/randallhesse\/desktop\/Throw-Away Suites\/aws.suite\/Scripts\/Snippets\/GlobalStates\/ErrorModel.script",
      "timestamp" : "2022-06-02 14:46:27.158 -0600",
      "identifier" : "Log",
      "scriptName" : "Object <600002e99dc0>",
      "handlerLine" : 18
    },
    {
      "handlerName" : "on_scriptsandfolders",
      "message" : "\/Users\/randallhesse\/desktop\/Throw-Away Suites\/aws.suite\/Scripts\/Snippets\/Initial\/StateCall.script",
      "timestamp" : "2022-06-02 14:46:27.164 -0600",
      "identifier" : "Log",
      "scriptName" : "Object <600002e99dc0>",
      "handlerLine" : 18
    },
    {
      "handlerName" : "on_scriptsandfolders",
      "message" : "\/Users\/randallhesse\/desktop\/Throw-Away Suites\/aws.suite\/Scripts\/Snippets\/Initial\/Action0.script",
      "timestamp" : "2022-06-02 14:46:27.169 -0600",
      "identifier" : "Log",
      "scriptName" : "Object <600002e99dc0>",
      "handlerLine" : 18
    },
    {
      "handlerName" : "on_scriptsandfolders",
      "message" : "\/Users\/randallhesse\/desktop\/Throw-Away Suites\/aws.suite\/Scripts\/Snippets\/Initial\/Action4.script",
      "timestamp" : "2022-06-02 14:46:27.173 -0600",
      "identifier" : "Log",
      "scriptName" : "Object <600002e99dc0>",
      "handlerLine" : 18
    },
    {
      "handlerName" : "on_scriptsandfolders",
      "message" : "\/Users\/randallhesse\/desktop\/Throw-Away Suites\/aws.suite\/Scripts\/Snippets\/State0\/StateCall.script",
      "timestamp" : "2022-06-02 14:46:27.178 -0600",
      "identifier" : "Log",
      "scriptName" : "Object <600002e99dc0>",
      "handlerLine" : 18
    },
    {
      "handlerName" : "on_scriptsandfolders",
      "message" : "\/Users\/randallhesse\/desktop\/Throw-Away Suites\/aws.suite\/Scripts\/Snippets\/State0\/Action1.script",
      "timestamp" : "2022-06-02 14:46:27.183 -0600",
      "identifier" : "Log",
      "scriptName" : "Object <600002e99dc0>",
      "handlerLine" : 18
    },
    {
      "handlerName" : "on_scriptsandfolders",
      "message" : "\/Users\/randallhesse\/desktop\/Throw-Away Suites\/aws.suite\/Scripts\/Snippets\/State1\/StateCall.script",
      "timestamp" : "2022-06-02 14:46:27.188 -0600",
      "identifier" : "Log",
      "scriptName" : "Object <600002e99dc0>",
      "handlerLine" : 18
    },
    {
      "handlerName" : "on_scriptsandfolders",
      "message" : "\/Users\/randallhesse\/desktop\/Throw-Away Suites\/aws.suite\/Scripts\/Snippets\/State1\/Action3.script",
      "timestamp" : "2022-06-02 14:46:27.191 -0600",
      "identifier" : "Log",
      "scriptName" : "Object <600002e99dc0>",
      "handlerLine" : 18
    },
    {
      "handlerName" : "on_scriptsandfolders",
      "message" : "\/Users\/randallhesse\/desktop\/Throw-Away Suites\/aws.suite\/Scripts\/Snippets\/State2\/StateCall.script",
      "timestamp" : "2022-06-02 14:46:27.194 -0600",
      "identifier" : "Log",
      "scriptName" : "Object <600002e99dc0>",
      "handlerLine" : 18
    },
    {
      "handlerName" : "on_scriptsandfolders",
      "message" : "\/Users\/randallhesse\/desktop\/Throw-Away Suites\/aws.suite\/Scripts\/Snippets\/State2\/Action5.script",
      "timestamp" : "2022-06-02 14:46:27.197 -0600",
      "identifier" : "Log",
      "scriptName" : "Object <600002e99dc0>",
      "handlerLine" : 18
    },
    {
      "handlerName" : "on_updatemodel",
      "message" : "Model Updated: aws",
      "timestamp" : "2022-06-02 14:46:27.405 -0600",
      "identifier" : "Log",
      "scriptName" : "",
      "handlerLine" : 15
    },
    {
      "identifier" : "EndTestCase",
      "message" : "(Duration:\"5.298053\", Errors:\"0\", Exceptions:\"0\", StartTime:\"2022-06-02 14:46:22 -0600\", Successes:\"1\", TestCase:\"Deploy\/CreateSuiteFromSingleModel.script\", Warnings:\"3\")",
      "timestamp" : "2022-06-02 14:46:27.529 -0600"
    },
    {
      "identifier" : "SUCCESS",
      "message" : "Execution Time 0:00:05 Deploy\/CreateSuiteFromSingleModel.script",
      "timestamp" : "2022-06-02 14:46:27.536 -0600"
    }
  ],
  "createdTimestamp" : "2022-06-02 14:46:22.231 -0600"
}