﻿Date Run,Status,Time,# of Errors,# of Warnings,# of Exceptions,Log File,Return Value,Error Message,# of Successes
2022-06-02 15:02:34.455 -0600,"Failure",0:00:03,1,0,0,"20220602_150234.455/LogFile.txt","","Script Error -- Number of Errors logged: 1",0
2022-06-02 15:04:48.860 -0600,"Success",0:00:08,0,0,0,"20220602_150448.860/LogFile.txt","","",1
2022-06-02 15:06:05.151 -0600,"Success",0:00:02,0,0,0,"20220602_150605.151/LogFile.txt","","",1
2022-06-02 15:10:39.746 -0600,"Success",0:00:04,0,0,0,"20220602_151039.746/LogFile.txt","","",1
2022-06-02 15:13:20.860 -0600,"Success",0:00:03,0,0,0,"20220602_151320.860/LogFile.txt","","",1
