﻿<?xml version="1.0" encoding="UTF-8" ?>
<runHistory script="DAI Model Building/Untitled">
 <run>
  <RunDate>2022-06-02 15:02:34.455 -0600</RunDate>
  <Status>Failure</Status>
  <Duration>3.537798</Duration>
  <Errors>1</Errors>
  <Warnings>0</Warnings>
  <Exceptions>0</Exceptions>
  <Successes>0</Successes>
  <LogFile>20220602_150234.455/LogFile.txt</LogFile>
  <ReturnValue></ReturnValue>
  <ErrorMessage>Script Error -- Number of Errors logged: 1</ErrorMessage>
 </run>
 <run>
  <RunDate>2022-06-02 15:04:48.860 -0600</RunDate>
  <Status>Success</Status>
  <Duration>8.964256</Duration>
  <Errors>0</Errors>
  <Warnings>0</Warnings>
  <Exceptions>0</Exceptions>
  <Successes>1</Successes>
  <LogFile>20220602_150448.860/LogFile.txt</LogFile>
  <ReturnValue></ReturnValue>
  <ErrorMessage></ErrorMessage>
 </run>
 <run>
  <RunDate>2022-06-02 15:06:05.151 -0600</RunDate>
  <Status>Success</Status>
  <Duration>2.517521</Duration>
  <Errors>0</Errors>
  <Warnings>0</Warnings>
  <Exceptions>0</Exceptions>
  <Successes>1</Successes>
  <LogFile>20220602_150605.151/LogFile.txt</LogFile>
  <ReturnValue></ReturnValue>
  <ErrorMessage></ErrorMessage>
 </run>
 <run>
  <RunDate>2022-06-02 15:10:39.746 -0600</RunDate>
  <Status>Success</Status>
  <Duration>4.766328</Duration>
  <Errors>0</Errors>
  <Warnings>0</Warnings>
  <Exceptions>0</Exceptions>
  <Successes>1</Successes>
  <LogFile>20220602_151039.746/LogFile.txt</LogFile>
  <ReturnValue></ReturnValue>
  <ErrorMessage></ErrorMessage>
 </run>
 <run>
  <RunDate>2022-06-02 15:13:20.860 -0600</RunDate>
  <Status>Success</Status>
  <Duration>3.193907</Duration>
  <Errors>0</Errors>
  <Warnings>0</Warnings>
  <Exceptions>0</Exceptions>
  <Successes>1</Successes>
  <LogFile>20220602_151320.860/LogFile.txt</LogFile>
  <ReturnValue></ReturnValue>
  <ErrorMessage></ErrorMessage>
 </run>
</runHistory>
