{
  "entries" : [
    {
      "identifier" : "START",
      "message" : "Running ExecuteDAI_API\/GetRuns.script",
      "timestamp" : "2022-06-15 09:09:50.066 -0500"
    },
    {
      "handlerName" : "on_setaccesstoken",
      "message" : "Able to Access DAI Server, and grab a access token",
      "timestamp" : "2022-06-15 09:09:51.798 -0500",
      "identifier" : "LogSuccess",
      "scriptName" : "",
      "handlerLine" : 13
    },
    {
      "handlerName" : "on_checkmodeluid",
      "message" : "ModelUID has not been set, please use \"SetModelUID\"",
      "timestamp" : "2022-06-15 09:09:51.805 -0500",
      "identifier" : "LogError",
      "scriptName" : "",
      "handlerLine" : 3
    },
    {
      "identifier" : "EndTestCase",
      "message" : "(Duration:\"1.886221\", Errors:\"1\", Exceptions:\"0\", StartTime:\"2022-06-15 09:09:50 -0500\", Successes:\"1\", TestCase:\"ExecuteDAI_API\/GetRuns.script\", Warnings:\"0\")",
      "timestamp" : "2022-06-15 09:09:51.954 -0500"
    },
    {
      "message" : "Script Error: Number of Errors logged: 1 -- Execution Time 0:00:01 ExecuteDAI_API\/GetRuns.script",
      "timestamp" : "2022-06-15 09:09:52.062 -0500",
      "identifier" : "FAILURE",
      "image" : "Screen_Error.png"
    }
  ],
  "createdTimestamp" : "2022-06-15 09:09:50.068 -0500"
}