{
  "entries" : [
    {
      "identifier" : "START",
      "message" : "Running ExecuteDAI_API\/SampleGrabLogs.script",
      "timestamp" : "2022-06-03 11:32:08.968 -0600"
    },
    {
      "handlerName" : "on_setaccesstoken",
      "message" : "Able to Access DAI Server, and grab a access token",
      "timestamp" : "2022-06-03 11:32:09.204 -0600",
      "identifier" : "LogSuccess",
      "scriptName" : "",
      "handlerLine" : 13
    },
    {
      "identifier" : "EndTestCase",
      "message" : "(Duration:\"0.491956\", Errors:\"1\", Exceptions:\"0\", StartTime:\"2022-06-03 11:32:08 -0600\", Successes:\"1\", TestCase:\"ExecuteDAI_API\/SampleGrabLogs.script\", Warnings:\"0\")",
      "timestamp" : "2022-06-03 11:32:09.461 -0600"
    },
    {
      "identifier" : "FAILURE",
      "message" : "Invalid JSON: Can't get value of JSON expression -- Execution Time 0:00:00 ExecuteDAI_API\/SampleGrabLogs.script",
      "timestamp" : "2022-06-03 11:32:09.473 -0600"
    }
  ],
  "createdTimestamp" : "2022-06-03 11:32:08.969 -0600"
}