﻿<?xml version="1.0" encoding="UTF-8" ?>
<runHistory script="ExecuteDAI_API/GetRuns">
 <run>
  <RunDate>2022-06-15 09:09:50.063 -0500</RunDate>
  <Status>Failure</Status>
  <Duration>1.890920</Duration>
  <Errors>1</Errors>
  <Warnings>0</Warnings>
  <Exceptions>0</Exceptions>
  <Successes>1</Successes>
  <LogFile>20220615_090950.063/LogFile.txt</LogFile>
  <ReturnValue></ReturnValue>
  <ErrorMessage>Script Error -- Number of Errors logged: 1</ErrorMessage>
 </run>
 <run>
  <RunDate>2022-06-15 09:10:08.956 -0500</RunDate>
  <Status>Success</Status>
  <Duration>1.071288</Duration>
  <Errors>0</Errors>
  <Warnings>0</Warnings>
  <Exceptions>0</Exceptions>
  <Successes>1</Successes>
  <LogFile>20220615_091008.956/LogFile.txt</LogFile>
  <ReturnValue></ReturnValue>
  <ErrorMessage></ErrorMessage>
 </run>
 <run>
  <RunDate>2022-06-15 09:14:16.352 -0500</RunDate>
  <Status>Failure</Status>
  <Duration>1.516981</Duration>
  <Errors>1</Errors>
  <Warnings>0</Warnings>
  <Exceptions>0</Exceptions>
  <Successes>1</Successes>
  <LogFile>20220615_091416.352/LogFile.txt</LogFile>
  <ReturnValue></ReturnValue>
  <ErrorMessage>NSRangeException -- *** -[__NSArrayM objectAtIndex:]: index 0 beyond bounds for empty array</ErrorMessage>
 </run>
 <run>
  <RunDate>2022-06-15 09:17:41.559 -0500</RunDate>
  <Status>Failure</Status>
  <Duration>1.000797</Duration>
  <Errors>1</Errors>
  <Warnings>0</Warnings>
  <Exceptions>0</Exceptions>
  <Successes>1</Successes>
  <LogFile>20220615_091741.559/LogFile.txt</LogFile>
  <ReturnValue></ReturnValue>
  <ErrorMessage>NSRangeException -- *** -[__NSArrayM objectAtIndex:]: index 0 beyond bounds for empty array</ErrorMessage>
 </run>
 <run>
  <RunDate>2022-06-15 09:17:52.835 -0500</RunDate>
  <Status>Failure</Status>
  <Duration>0.899033</Duration>
  <Errors>1</Errors>
  <Warnings>0</Warnings>
  <Exceptions>0</Exceptions>
  <Successes>1</Successes>
  <LogFile>20220615_091752.835/LogFile.txt</LogFile>
  <ReturnValue></ReturnValue>
  <ErrorMessage>SenseTalk Runtime Exception -- Invalid operands for addition: expected numbers, dates and/or lists; got &#x27;coverage,endtime,events,fai...&#x27; and &#x27;{file:&quot;/Users/randallhesse/...&#x27;</ErrorMessage>
 </run>
 <run>
  <RunDate>2022-06-15 09:20:21.094 -0500</RunDate>
  <Status>Failure</Status>
  <Duration>0.857348</Duration>
  <Errors>1</Errors>
  <Warnings>0</Warnings>
  <Exceptions>0</Exceptions>
  <Successes>1</Successes>
  <LogFile>20220615_092021.094/LogFile.txt</LogFile>
  <ReturnValue></ReturnValue>
  <ErrorMessage>NSRangeException -- *** -[__NSArrayM objectAtIndex:]: index 0 beyond bounds for empty array</ErrorMessage>
 </run>
 <run>
  <RunDate>2022-06-15 09:20:33.040 -0500</RunDate>
  <Status>Failure</Status>
  <Duration>0.853674</Duration>
  <Errors>1</Errors>
  <Warnings>0</Warnings>
  <Exceptions>0</Exceptions>
  <Successes>1</Successes>
  <LogFile>20220615_092033.040/LogFile.txt</LogFile>
  <ReturnValue></ReturnValue>
  <ErrorMessage>NSRangeException -- *** -[__NSArrayM objectAtIndex:]: index 0 beyond bounds for empty array</ErrorMessage>
 </run>
 <run>
  <RunDate>2022-06-15 09:25:19.241 -0500</RunDate>
  <Status>Failure</Status>
  <Duration>0.849554</Duration>
  <Errors>1</Errors>
  <Warnings>0</Warnings>
  <Exceptions>0</Exceptions>
  <Successes>1</Successes>
  <LogFile>20220615_092519.241/LogFile.txt</LogFile>
  <ReturnValue></ReturnValue>
  <ErrorMessage>NSRangeException -- *** -[__NSArrayM objectAtIndex:]: index 0 beyond bounds for empty array</ErrorMessage>
 </run>
 <run>
  <RunDate>2022-06-15 09:25:28.087 -0500</RunDate>
  <Status>Failure</Status>
  <Duration>0.845552</Duration>
  <Errors>1</Errors>
  <Warnings>0</Warnings>
  <Exceptions>0</Exceptions>
  <Successes>1</Successes>
  <LogFile>20220615_092528.087/LogFile.txt</LogFile>
  <ReturnValue></ReturnValue>
  <ErrorMessage>SenseTalk Runtime Exception -- Invalid operands for addition: expected numbers, dates and/or lists; got &#x27;{coverage:0.75, endtime:&quot;20...&#x27; and &#x27;{file:&quot;/Users/randallhesse/...&#x27;</ErrorMessage>
 </run>
 <run>
  <RunDate>2022-06-15 09:28:50.204 -0500</RunDate>
  <Status>Success</Status>
  <Duration>1.014945</Duration>
  <Errors>0</Errors>
  <Warnings>0</Warnings>
  <Exceptions>0</Exceptions>
  <Successes>1</Successes>
  <LogFile>20220615_092850.204/LogFile.txt</LogFile>
  <ReturnValue></ReturnValue>
  <ErrorMessage></ErrorMessage>
 </run>
 <run>
  <RunDate>2022-06-15 09:37:17.566 -0500</RunDate>
  <Status>Aborted</Status>
  <Duration>8.147415</Duration>
  <Errors>1</Errors>
  <Warnings>0</Warnings>
  <Exceptions>0</Exceptions>
  <Successes>1</Successes>
  <LogFile>20220615_093717.566/LogFile.txt</LogFile>
  <ReturnValue></ReturnValue>
  <ErrorMessage></ErrorMessage>
 </run>
 <run>
  <RunDate>2022-06-15 09:38:58.125 -0500</RunDate>
  <Status>Aborted</Status>
  <Duration>20.166060</Duration>
  <Errors>1</Errors>
  <Warnings>0</Warnings>
  <Exceptions>0</Exceptions>
  <Successes>1</Successes>
  <LogFile>20220615_093858.125/LogFile.txt</LogFile>
  <ReturnValue></ReturnValue>
  <ErrorMessage></ErrorMessage>
 </run>
 <run>
  <RunDate>2022-06-15 09:39:19.155 -0500</RunDate>
  <Status>Success</Status>
  <Duration>1.965796</Duration>
  <Errors>0</Errors>
  <Warnings>0</Warnings>
  <Exceptions>0</Exceptions>
  <Successes>1</Successes>
  <LogFile>20220615_093919.155/LogFile.txt</LogFile>
  <ReturnValue></ReturnValue>
  <ErrorMessage></ErrorMessage>
 </run>
 <run>
  <RunDate>2022-06-15 09:55:20.300 -0500</RunDate>
  <Status>Success</Status>
  <Duration>1.747940</Duration>
  <Errors>0</Errors>
  <Warnings>0</Warnings>
  <Exceptions>0</Exceptions>
  <Successes>1</Successes>
  <LogFile>20220615_095520.300/LogFile.txt</LogFile>
  <ReturnValue></ReturnValue>
  <ErrorMessage></ErrorMessage>
 </run>
 <run>
  <RunDate>2022-07-08 13:58:40.867 -0600</RunDate>
  <Status>Success</Status>
  <Duration>0.913240</Duration>
  <Errors>0</Errors>
  <Warnings>0</Warnings>
  <Exceptions>0</Exceptions>
  <Successes>1</Successes>
  <LogFile>20220708_135840.867/LogFile.txt</LogFile>
  <ReturnValue></ReturnValue>
  <ErrorMessage></ErrorMessage>
 </run>
 <run>
  <RunDate>2022-07-08 14:03:10.970 -0600</RunDate>
  <Status>Failure</Status>
  <Duration>1.084499</Duration>
  <Errors>1</Errors>
  <Warnings>0</Warnings>
  <Exceptions>0</Exceptions>
  <Successes>1</Successes>
  <LogFile>20220708_140310.970/LogFile.txt</LogFile>
  <ReturnValue></ReturnValue>
  <ErrorMessage>NSRangeException -- *** -[__NSArrayM objectAtIndex:]: index 0 beyond bounds for empty array</ErrorMessage>
 </run>
 <run>
  <RunDate>2022-07-08 14:04:04.369 -0600</RunDate>
  <Status>Failure</Status>
  <Duration>0.828019</Duration>
  <Errors>1</Errors>
  <Warnings>0</Warnings>
  <Exceptions>0</Exceptions>
  <Successes>1</Successes>
  <LogFile>20220708_140404.369/LogFile.txt</LogFile>
  <ReturnValue></ReturnValue>
  <ErrorMessage>NSRangeException -- *** -[__NSArrayM objectAtIndex:]: index 0 beyond bounds for empty array</ErrorMessage>
 </run>
 <run>
  <RunDate>2022-07-08 14:04:50.094 -0600</RunDate>
  <Status>Success</Status>
  <Duration>1.015696</Duration>
  <Errors>0</Errors>
  <Warnings>0</Warnings>
  <Exceptions>0</Exceptions>
  <Successes>1</Successes>
  <LogFile>20220708_140450.094/LogFile.txt</LogFile>
  <ReturnValue></ReturnValue>
  <ErrorMessage></ErrorMessage>
 </run>
 <run>
  <RunDate>2022-07-08 14:05:26.336 -0600</RunDate>
  <Status>Success</Status>
  <Duration>0.832878</Duration>
  <Errors>0</Errors>
  <Warnings>0</Warnings>
  <Exceptions>0</Exceptions>
  <Successes>1</Successes>
  <LogFile>20220708_140526.336/LogFile.txt</LogFile>
  <ReturnValue></ReturnValue>
  <ErrorMessage></ErrorMessage>
 </run>
 <run>
  <RunDate>2022-07-08 14:06:33.096 -0600</RunDate>
  <Status>Success</Status>
  <Duration>0.495520</Duration>
  <Errors>0</Errors>
  <Warnings>0</Warnings>
  <Exceptions>0</Exceptions>
  <Successes>1</Successes>
  <LogFile>20220708_140633.096/LogFile.txt</LogFile>
  <ReturnValue></ReturnValue>
  <ErrorMessage></ErrorMessage>
 </run>
 <run>
  <RunDate>2022-07-08 14:08:28.542 -0600</RunDate>
  <Status>Success</Status>
  <Duration>0.669676</Duration>
  <Errors>0</Errors>
  <Warnings>0</Warnings>
  <Exceptions>0</Exceptions>
  <Successes>1</Successes>
  <LogFile>20220708_140828.542/LogFile.txt</LogFile>
  <ReturnValue></ReturnValue>
  <ErrorMessage></ErrorMessage>
 </run>
 <run>
  <RunDate>2022-07-13 14:18:48.051 -0500</RunDate>
  <Status>Success</Status>
  <Duration>2.815324</Duration>
  <Errors>0</Errors>
  <Warnings>0</Warnings>
  <Exceptions>0</Exceptions>
  <Successes>1</Successes>
  <LogFile>20220713_141848.051/LogFile.txt</LogFile>
  <ReturnValue></ReturnValue>
  <ErrorMessage></ErrorMessage>
 </run>
 <run>
  <RunDate>2022-07-13 14:23:26.288 -0500</RunDate>
  <Status>Success</Status>
  <Duration>1.875388</Duration>
  <Errors>0</Errors>
  <Warnings>0</Warnings>
  <Exceptions>0</Exceptions>
  <Successes>1</Successes>
  <LogFile>20220713_142326.288/LogFile.txt</LogFile>
  <ReturnValue></ReturnValue>
  <ErrorMessage></ErrorMessage>
 </run>
 <run>
  <RunDate>2022-07-19 14:05:27.863 -0600</RunDate>
  <Status>Success</Status>
  <Duration>0.743812</Duration>
  <Errors>0</Errors>
  <Warnings>0</Warnings>
  <Exceptions>0</Exceptions>
  <Successes>1</Successes>
  <LogFile>20220719_140527.863/LogFile.txt</LogFile>
  <ReturnValue></ReturnValue>
  <ErrorMessage></ErrorMessage>
 </run>
 <run>
  <RunDate>2022-07-19 15:14:11.519 -0600</RunDate>
  <Status>Success</Status>
  <Duration>0.815891</Duration>
  <Errors>0</Errors>
  <Warnings>0</Warnings>
  <Exceptions>0</Exceptions>
  <Successes>1</Successes>
  <LogFile>20220719_151411.519/LogFile.txt</LogFile>
  <ReturnValue></ReturnValue>
  <ErrorMessage></ErrorMessage>
 </run>
 <run>
  <RunDate>2022-07-19 15:23:55.506 -0600</RunDate>
  <Status>Success</Status>
  <Duration>0.489555</Duration>
  <Errors>0</Errors>
  <Warnings>0</Warnings>
  <Exceptions>0</Exceptions>
  <Successes>1</Successes>
  <LogFile>20220719_152355.506/LogFile.txt</LogFile>
  <ReturnValue></ReturnValue>
  <ErrorMessage></ErrorMessage>
 </run>
 <run>
  <RunDate>2022-07-19 15:25:45.679 -0600</RunDate>
  <Status>Success</Status>
  <Duration>2.493202</Duration>
  <Errors>0</Errors>
  <Warnings>0</Warnings>
  <Exceptions>0</Exceptions>
  <Successes>1</Successes>
  <LogFile>20220719_152545.679/LogFile.txt</LogFile>
  <ReturnValue></ReturnValue>
  <ErrorMessage></ErrorMessage>
 </run>
 <run>
  <RunDate>2022-07-19 15:28:36.536 -0600</RunDate>
  <Status>Success</Status>
  <Duration>0.461198</Duration>
  <Errors>0</Errors>
  <Warnings>0</Warnings>
  <Exceptions>0</Exceptions>
  <Successes>1</Successes>
  <LogFile>20220719_152836.536/LogFile.txt</LogFile>
  <ReturnValue></ReturnValue>
  <ErrorMessage></ErrorMessage>
 </run>
 <run>
  <RunDate>2022-07-19 15:29:14.579 -0600</RunDate>
  <Status>Success</Status>
  <Duration>0.462972</Duration>
  <Errors>0</Errors>
  <Warnings>0</Warnings>
  <Exceptions>0</Exceptions>
  <Successes>1</Successes>
  <LogFile>20220719_152914.579/LogFile.txt</LogFile>
  <ReturnValue></ReturnValue>
  <ErrorMessage></ErrorMessage>
 </run>
 <run>
  <RunDate>2022-07-19 15:29:30.970 -0600</RunDate>
  <Status>Success</Status>
  <Duration>0.376812</Duration>
  <Errors>0</Errors>
  <Warnings>0</Warnings>
  <Exceptions>0</Exceptions>
  <Successes>1</Successes>
  <LogFile>20220719_152930.970/LogFile.txt</LogFile>
  <ReturnValue></ReturnValue>
  <ErrorMessage></ErrorMessage>
 </run>
 <run>
  <RunDate>2022-07-19 15:29:50.147 -0600</RunDate>
  <Status>Success</Status>
  <Duration>0.385742</Duration>
  <Errors>0</Errors>
  <Warnings>0</Warnings>
  <Exceptions>0</Exceptions>
  <Successes>1</Successes>
  <LogFile>20220719_152950.147/LogFile.txt</LogFile>
  <ReturnValue></ReturnValue>
  <ErrorMessage></ErrorMessage>
 </run>
 <run>
  <RunDate>2022-07-19 15:30:32.087 -0600</RunDate>
  <Status>Success</Status>
  <Duration>0.471785</Duration>
  <Errors>0</Errors>
  <Warnings>0</Warnings>
  <Exceptions>0</Exceptions>
  <Successes>1</Successes>
  <LogFile>20220719_153032.087/LogFile.txt</LogFile>
  <ReturnValue></ReturnValue>
  <ErrorMessage></ErrorMessage>
 </run>
 <run>
  <RunDate>2022-07-19 15:37:20.231 -0600</RunDate>
  <Status>Success</Status>
  <Duration>1.543154</Duration>
  <Errors>0</Errors>
  <Warnings>0</Warnings>
  <Exceptions>0</Exceptions>
  <Successes>1</Successes>
  <LogFile>20220719_153720.231/LogFile.txt</LogFile>
  <ReturnValue></ReturnValue>
  <ErrorMessage></ErrorMessage>
 </run>
 <run>
  <RunDate>2022-07-19 15:38:19.287 -0600</RunDate>
  <Status>Success</Status>
  <Duration>0.390628</Duration>
  <Errors>0</Errors>
  <Warnings>0</Warnings>
  <Exceptions>0</Exceptions>
  <Successes>1</Successes>
  <LogFile>20220719_153819.287/LogFile.txt</LogFile>
  <ReturnValue></ReturnValue>
  <ErrorMessage></ErrorMessage>
 </run>
 <run>
  <RunDate>2022-07-19 15:38:31.378 -0600</RunDate>
  <Status>Success</Status>
  <Duration>0.462321</Duration>
  <Errors>0</Errors>
  <Warnings>0</Warnings>
  <Exceptions>0</Exceptions>
  <Successes>1</Successes>
  <LogFile>20220719_153831.378/LogFile.txt</LogFile>
  <ReturnValue></ReturnValue>
  <ErrorMessage></ErrorMessage>
 </run>
 <run>
  <RunDate>2022-07-19 15:38:42.930 -0600</RunDate>
  <Status>Success</Status>
  <Duration>0.440980</Duration>
  <Errors>0</Errors>
  <Warnings>0</Warnings>
  <Exceptions>0</Exceptions>
  <Successes>1</Successes>
  <LogFile>20220719_153842.930/LogFile.txt</LogFile>
  <ReturnValue></ReturnValue>
  <ErrorMessage></ErrorMessage>
 </run>
 <run>
  <RunDate>2022-07-19 15:39:14.764 -0600</RunDate>
  <Status>Success</Status>
  <Duration>0.498910</Duration>
  <Errors>0</Errors>
  <Warnings>0</Warnings>
  <Exceptions>0</Exceptions>
  <Successes>1</Successes>
  <LogFile>20220719_153914.764/LogFile.txt</LogFile>
  <ReturnValue></ReturnValue>
  <ErrorMessage></ErrorMessage>
 </run>
 <run>
  <RunDate>2022-07-19 15:39:29.192 -0600</RunDate>
  <Status>Success</Status>
  <Duration>0.472057</Duration>
  <Errors>0</Errors>
  <Warnings>0</Warnings>
  <Exceptions>0</Exceptions>
  <Successes>1</Successes>
  <LogFile>20220719_153929.192/LogFile.txt</LogFile>
  <ReturnValue></ReturnValue>
  <ErrorMessage></ErrorMessage>
 </run>
 <run>
  <RunDate>2022-07-19 15:40:04.072 -0600</RunDate>
  <Status>Failure</Status>
  <Duration>0.416971</Duration>
  <Errors>2</Errors>
  <Warnings>0</Warnings>
  <Exceptions>0</Exceptions>
  <Successes>1</Successes>
  <LogFile>20220719_154004.072/LogFile.txt</LogFile>
  <ReturnValue></ReturnValue>
  <ErrorMessage>Invalid JSON -- Can&#x27;t get value of JSON expression</ErrorMessage>
 </run>
 <run>
  <RunDate>2022-07-19 15:40:59.528 -0600</RunDate>
  <Status>Success</Status>
  <Duration>0.460102</Duration>
  <Errors>0</Errors>
  <Warnings>0</Warnings>
  <Exceptions>0</Exceptions>
  <Successes>1</Successes>
  <LogFile>20220719_154059.528/LogFile.txt</LogFile>
  <ReturnValue></ReturnValue>
  <ErrorMessage></ErrorMessage>
 </run>
 <run>
  <RunDate>2022-07-19 15:42:06.390 -0600</RunDate>
  <Status>Success</Status>
  <Duration>1.493253</Duration>
  <Errors>0</Errors>
  <Warnings>0</Warnings>
  <Exceptions>0</Exceptions>
  <Successes>1</Successes>
  <LogFile>20220719_154206.390/LogFile.txt</LogFile>
  <ReturnValue></ReturnValue>
  <ErrorMessage></ErrorMessage>
 </run>
 <run>
  <RunDate>2022-07-19 15:42:33.105 -0600</RunDate>
  <Status>Success</Status>
  <Duration>0.393297</Duration>
  <Errors>0</Errors>
  <Warnings>0</Warnings>
  <Exceptions>0</Exceptions>
  <Successes>1</Successes>
  <LogFile>20220719_154233.105/LogFile.txt</LogFile>
  <ReturnValue></ReturnValue>
  <ErrorMessage></ErrorMessage>
 </run>
 <run>
  <RunDate>2022-07-19 15:43:27.802 -0600</RunDate>
  <Status>Success</Status>
  <Duration>1.473721</Duration>
  <Errors>0</Errors>
  <Warnings>0</Warnings>
  <Exceptions>0</Exceptions>
  <Successes>1</Successes>
  <LogFile>20220719_154327.802/LogFile.txt</LogFile>
  <ReturnValue></ReturnValue>
  <ErrorMessage></ErrorMessage>
 </run>
 <run>
  <RunDate>2022-07-19 15:43:33.875 -0600</RunDate>
  <Status>Success</Status>
  <Duration>0.512825</Duration>
  <Errors>0</Errors>
  <Warnings>0</Warnings>
  <Exceptions>0</Exceptions>
  <Successes>1</Successes>
  <LogFile>20220719_154333.875/LogFile.txt</LogFile>
  <ReturnValue></ReturnValue>
  <ErrorMessage></ErrorMessage>
 </run>
 <run>
  <RunDate>2022-07-19 18:35:02.514 -0600</RunDate>
  <Status>Success</Status>
  <Duration>0.667697</Duration>
  <Errors>0</Errors>
  <Warnings>0</Warnings>
  <Exceptions>0</Exceptions>
  <Successes>1</Successes>
  <LogFile>20220719_183502.514/LogFile.txt</LogFile>
  <ReturnValue></ReturnValue>
  <ErrorMessage></ErrorMessage>
 </run>
 <run>
  <RunDate>2022-07-19 18:35:46.043 -0600</RunDate>
  <Status>Success</Status>
  <Duration>0.499523</Duration>
  <Errors>0</Errors>
  <Warnings>0</Warnings>
  <Exceptions>0</Exceptions>
  <Successes>1</Successes>
  <LogFile>20220719_183546.043/LogFile.txt</LogFile>
  <ReturnValue></ReturnValue>
  <ErrorMessage></ErrorMessage>
 </run>
 <run>
  <RunDate>2022-07-19 18:37:24.405 -0600</RunDate>
  <Status>Failure</Status>
  <Duration>0.470269</Duration>
  <Errors>1</Errors>
  <Warnings>0</Warnings>
  <Exceptions>0</Exceptions>
  <Successes>1</Successes>
  <LogFile>20220719_183724.405/LogFile.txt</LogFile>
  <ReturnValue></ReturnValue>
  <ErrorMessage>STUnknownMessage -- ERROR: No Such Function: &#x27;starttime&#x27;</ErrorMessage>
 </run>
 <run>
  <RunDate>2022-07-19 18:38:51.008 -0600</RunDate>
  <Status>Failure</Status>
  <Duration>0.446276</Duration>
  <Errors>1</Errors>
  <Warnings>0</Warnings>
  <Exceptions>0</Exceptions>
  <Successes>1</Successes>
  <LogFile>20220719_183851.008/LogFile.txt</LogFile>
  <ReturnValue></ReturnValue>
  <ErrorMessage>STUnknownMessage -- ERROR: No Such Function: &#x27;limit&#x27;</ErrorMessage>
 </run>
 <run>
  <RunDate>2022-07-19 18:39:07.744 -0600</RunDate>
  <Status>Failure</Status>
  <Duration>0.377883</Duration>
  <Errors>1</Errors>
  <Warnings>0</Warnings>
  <Exceptions>0</Exceptions>
  <Successes>1</Successes>
  <LogFile>20220719_183907.744/LogFile.txt</LogFile>
  <ReturnValue></ReturnValue>
  <ErrorMessage>STUnknownMessage -- ERROR: No Such Function: &#x27;limit&#x27;</ErrorMessage>
 </run>
 <run>
  <RunDate>2022-07-19 18:39:27.322 -0600</RunDate>
  <Status>Failure</Status>
  <Duration>0.646595</Duration>
  <Errors>1</Errors>
  <Warnings>0</Warnings>
  <Exceptions>0</Exceptions>
  <Successes>1</Successes>
  <LogFile>20220719_183927.322/LogFile.txt</LogFile>
  <ReturnValue></ReturnValue>
  <ErrorMessage>STUnknownMessage -- ERROR: No Such Function: &#x27;LIMIT&#x27;</ErrorMessage>
 </run>
 <run>
  <RunDate>2022-07-19 18:39:59.507 -0600</RunDate>
  <Status>Success</Status>
  <Duration>0.371526</Duration>
  <Errors>0</Errors>
  <Warnings>0</Warnings>
  <Exceptions>0</Exceptions>
  <Successes>1</Successes>
  <LogFile>20220719_183959.507/LogFile.txt</LogFile>
  <ReturnValue></ReturnValue>
  <ErrorMessage></ErrorMessage>
 </run>
 <run>
  <RunDate>2022-07-19 18:40:25.512 -0600</RunDate>
  <Status>Success</Status>
  <Duration>0.432827</Duration>
  <Errors>0</Errors>
  <Warnings>0</Warnings>
  <Exceptions>0</Exceptions>
  <Successes>1</Successes>
  <LogFile>20220719_184025.512/LogFile.txt</LogFile>
  <ReturnValue></ReturnValue>
  <ErrorMessage></ErrorMessage>
 </run>
 <run>
  <RunDate>2022-07-19 18:40:48.833 -0600</RunDate>
  <Status>Success</Status>
  <Duration>0.555449</Duration>
  <Errors>0</Errors>
  <Warnings>0</Warnings>
  <Exceptions>0</Exceptions>
  <Successes>1</Successes>
  <LogFile>20220719_184048.833/LogFile.txt</LogFile>
  <ReturnValue></ReturnValue>
  <ErrorMessage></ErrorMessage>
 </run>
 <run>
  <RunDate>2022-07-19 18:41:29.920 -0600</RunDate>
  <Status>Success</Status>
  <Duration>0.474558</Duration>
  <Errors>0</Errors>
  <Warnings>0</Warnings>
  <Exceptions>0</Exceptions>
  <Successes>1</Successes>
  <LogFile>20220719_184129.920/LogFile.txt</LogFile>
  <ReturnValue></ReturnValue>
  <ErrorMessage></ErrorMessage>
 </run>
 <run>
  <RunDate>2022-07-19 18:42:04.687 -0600</RunDate>
  <Status>Success</Status>
  <Duration>0.395908</Duration>
  <Errors>0</Errors>
  <Warnings>0</Warnings>
  <Exceptions>0</Exceptions>
  <Successes>1</Successes>
  <LogFile>20220719_184204.687/LogFile.txt</LogFile>
  <ReturnValue></ReturnValue>
  <ErrorMessage></ErrorMessage>
 </run>
 <run>
  <RunDate>2022-07-19 18:42:48.338 -0600</RunDate>
  <Status>Success</Status>
  <Duration>0.391006</Duration>
  <Errors>0</Errors>
  <Warnings>0</Warnings>
  <Exceptions>0</Exceptions>
  <Successes>1</Successes>
  <LogFile>20220719_184248.338/LogFile.txt</LogFile>
  <ReturnValue></ReturnValue>
  <ErrorMessage></ErrorMessage>
 </run>
 <run>
  <RunDate>2022-07-19 18:44:21.877 -0600</RunDate>
  <Status>Success</Status>
  <Duration>0.492683</Duration>
  <Errors>0</Errors>
  <Warnings>0</Warnings>
  <Exceptions>0</Exceptions>
  <Successes>1</Successes>
  <LogFile>20220719_184421.877/LogFile.txt</LogFile>
  <ReturnValue></ReturnValue>
  <ErrorMessage></ErrorMessage>
 </run>
 <run>
  <RunDate>2022-07-19 18:47:45.697 -0600</RunDate>
  <Status>Success</Status>
  <Duration>0.474917</Duration>
  <Errors>0</Errors>
  <Warnings>0</Warnings>
  <Exceptions>0</Exceptions>
  <Successes>1</Successes>
  <LogFile>20220719_184745.697/LogFile.txt</LogFile>
  <ReturnValue></ReturnValue>
  <ErrorMessage></ErrorMessage>
 </run>
 <run>
  <RunDate>2022-07-19 18:48:35.499 -0600</RunDate>
  <Status>Success</Status>
  <Duration>0.395978</Duration>
  <Errors>0</Errors>
  <Warnings>0</Warnings>
  <Exceptions>0</Exceptions>
  <Successes>1</Successes>
  <LogFile>20220719_184835.499/LogFile.txt</LogFile>
  <ReturnValue></ReturnValue>
  <ErrorMessage></ErrorMessage>
 </run>
 <run>
  <RunDate>2022-07-19 18:49:40.874 -0600</RunDate>
  <Status>Success</Status>
  <Duration>0.585537</Duration>
  <Errors>0</Errors>
  <Warnings>0</Warnings>
  <Exceptions>0</Exceptions>
  <Successes>1</Successes>
  <LogFile>20220719_184940.874/LogFile.txt</LogFile>
  <ReturnValue></ReturnValue>
  <ErrorMessage></ErrorMessage>
 </run>
 <run>
  <RunDate>2022-07-19 18:50:19.376 -0600</RunDate>
  <Status>Success</Status>
  <Duration>0.491323</Duration>
  <Errors>0</Errors>
  <Warnings>0</Warnings>
  <Exceptions>0</Exceptions>
  <Successes>1</Successes>
  <LogFile>20220719_185019.376/LogFile.txt</LogFile>
  <ReturnValue></ReturnValue>
  <ErrorMessage></ErrorMessage>
 </run>
 <run>
  <RunDate>2022-07-19 18:50:48.461 -0600</RunDate>
  <Status>Success</Status>
  <Duration>0.428947</Duration>
  <Errors>0</Errors>
  <Warnings>0</Warnings>
  <Exceptions>0</Exceptions>
  <Successes>1</Successes>
  <LogFile>20220719_185048.461/LogFile.txt</LogFile>
  <ReturnValue></ReturnValue>
  <ErrorMessage></ErrorMessage>
 </run>
 <run>
  <RunDate>2022-07-19 18:51:07.434 -0600</RunDate>
  <Status>Success</Status>
  <Duration>0.511548</Duration>
  <Errors>0</Errors>
  <Warnings>0</Warnings>
  <Exceptions>0</Exceptions>
  <Successes>1</Successes>
  <LogFile>20220719_185107.434/LogFile.txt</LogFile>
  <ReturnValue></ReturnValue>
  <ErrorMessage></ErrorMessage>
 </run>
 <run>
  <RunDate>2022-07-19 18:51:31.420 -0600</RunDate>
  <Status>Success</Status>
  <Duration>0.427138</Duration>
  <Errors>0</Errors>
  <Warnings>0</Warnings>
  <Exceptions>0</Exceptions>
  <Successes>1</Successes>
  <LogFile>20220719_185131.420/LogFile.txt</LogFile>
  <ReturnValue></ReturnValue>
  <ErrorMessage></ErrorMessage>
 </run>
 <run>
  <RunDate>2022-07-19 18:52:44.103 -0600</RunDate>
  <Status>Success</Status>
  <Duration>0.602264</Duration>
  <Errors>0</Errors>
  <Warnings>0</Warnings>
  <Exceptions>0</Exceptions>
  <Successes>1</Successes>
  <LogFile>20220719_185244.103/LogFile.txt</LogFile>
  <ReturnValue></ReturnValue>
  <ErrorMessage></ErrorMessage>
 </run>
 <run>
  <RunDate>2022-07-19 18:52:51.787 -0600</RunDate>
  <Status>Success</Status>
  <Duration>0.525277</Duration>
  <Errors>0</Errors>
  <Warnings>0</Warnings>
  <Exceptions>0</Exceptions>
  <Successes>1</Successes>
  <LogFile>20220719_185251.787/LogFile.txt</LogFile>
  <ReturnValue></ReturnValue>
  <ErrorMessage></ErrorMessage>
 </run>
 <run>
  <RunDate>2022-07-19 18:54:00.662 -0600</RunDate>
  <Status>Success</Status>
  <Duration>0.795096</Duration>
  <Errors>0</Errors>
  <Warnings>0</Warnings>
  <Exceptions>0</Exceptions>
  <Successes>1</Successes>
  <LogFile>20220719_185400.662/LogFile.txt</LogFile>
  <ReturnValue></ReturnValue>
  <ErrorMessage></ErrorMessage>
 </run>
 <run>
  <RunDate>2022-07-19 18:54:17.683 -0600</RunDate>
  <Status>Success</Status>
  <Duration>0.639023</Duration>
  <Errors>0</Errors>
  <Warnings>0</Warnings>
  <Exceptions>0</Exceptions>
  <Successes>1</Successes>
  <LogFile>20220719_185417.683/LogFile.txt</LogFile>
  <ReturnValue></ReturnValue>
  <ErrorMessage></ErrorMessage>
 </run>
 <run>
  <RunDate>2022-07-20 10:28:51.313 -0600</RunDate>
  <Status>Success</Status>
  <Duration>2.787577</Duration>
  <Errors>0</Errors>
  <Warnings>0</Warnings>
  <Exceptions>0</Exceptions>
  <Successes>1</Successes>
  <LogFile>20220720_102851.313/LogFile.txt</LogFile>
  <ReturnValue></ReturnValue>
  <ErrorMessage></ErrorMessage>
 </run>
 <run>
  <RunDate>2022-07-20 10:41:47.519 -0600</RunDate>
  <Status>Success</Status>
  <Duration>2.813561</Duration>
  <Errors>0</Errors>
  <Warnings>0</Warnings>
  <Exceptions>0</Exceptions>
  <Successes>1</Successes>
  <LogFile>20220720_104147.519/LogFile.txt</LogFile>
  <ReturnValue></ReturnValue>
  <ErrorMessage></ErrorMessage>
 </run>
 <run>
  <RunDate>2022-07-20 10:42:10.963 -0600</RunDate>
  <Status>Success</Status>
  <Duration>2.682414</Duration>
  <Errors>0</Errors>
  <Warnings>0</Warnings>
  <Exceptions>0</Exceptions>
  <Successes>1</Successes>
  <LogFile>20220720_104210.963/LogFile.txt</LogFile>
  <ReturnValue></ReturnValue>
  <ErrorMessage></ErrorMessage>
 </run>
 <run>
  <RunDate>2022-07-20 10:42:24.817 -0600</RunDate>
  <Status>Success</Status>
  <Duration>2.852341</Duration>
  <Errors>0</Errors>
  <Warnings>0</Warnings>
  <Exceptions>0</Exceptions>
  <Successes>1</Successes>
  <LogFile>20220720_104224.817/LogFile.txt</LogFile>
  <ReturnValue></ReturnValue>
  <ErrorMessage></ErrorMessage>
 </run>
 <run>
  <RunDate>2022-07-20 10:43:24.260 -0600</RunDate>
  <Status>Success</Status>
  <Duration>3.262494</Duration>
  <Errors>0</Errors>
  <Warnings>0</Warnings>
  <Exceptions>0</Exceptions>
  <Successes>1</Successes>
  <LogFile>20220720_104324.260/LogFile.txt</LogFile>
  <ReturnValue></ReturnValue>
  <ErrorMessage></ErrorMessage>
 </run>
 <run>
  <RunDate>2022-07-20 10:44:19.767 -0600</RunDate>
  <Status>Success</Status>
  <Duration>3.113324</Duration>
  <Errors>0</Errors>
  <Warnings>0</Warnings>
  <Exceptions>0</Exceptions>
  <Successes>1</Successes>
  <LogFile>20220720_104419.767/LogFile.txt</LogFile>
  <ReturnValue></ReturnValue>
  <ErrorMessage></ErrorMessage>
 </run>
 <run>
  <RunDate>2022-07-20 10:44:40.894 -0600</RunDate>
  <Status>Success</Status>
  <Duration>5.501823</Duration>
  <Errors>0</Errors>
  <Warnings>0</Warnings>
  <Exceptions>0</Exceptions>
  <Successes>1</Successes>
  <LogFile>20220720_104440.894/LogFile.txt</LogFile>
  <ReturnValue></ReturnValue>
  <ErrorMessage></ErrorMessage>
 </run>
 <run>
  <RunDate>2022-07-28 13:18:26.367 -0600</RunDate>
  <Status>Success</Status>
  <Duration>5.110695</Duration>
  <Errors>0</Errors>
  <Warnings>0</Warnings>
  <Exceptions>0</Exceptions>
  <Successes>1</Successes>
  <LogFile>20220728_131826.367/LogFile.txt</LogFile>
  <ReturnValue></ReturnValue>
  <ErrorMessage></ErrorMessage>
 </run>
 <run>
  <RunDate>2022-07-28 13:22:42.785 -0600</RunDate>
  <Status>Success</Status>
  <Duration>5.003489</Duration>
  <Errors>0</Errors>
  <Warnings>0</Warnings>
  <Exceptions>0</Exceptions>
  <Successes>1</Successes>
  <LogFile>20220728_132242.785/LogFile.txt</LogFile>
  <ReturnValue></ReturnValue>
  <ErrorMessage></ErrorMessage>
 </run>
 <run>
  <RunDate>2022-08-02 20:45:35.898 -0600</RunDate>
  <Status>Success</Status>
  <Duration>5.830036</Duration>
  <Errors>0</Errors>
  <Warnings>0</Warnings>
  <Exceptions>0</Exceptions>
  <Successes>1</Successes>
  <LogFile>20220802_204535.898/LogFile.txt</LogFile>
  <ReturnValue></ReturnValue>
  <ErrorMessage></ErrorMessage>
 </run>
</runHistory>
