{
  "entries" : [
    {
      "identifier" : "START",
      "message" : "Running Execute DAI API\/GetRuns.script",
      "timestamp" : "2022-07-19 18:47:45.700 -0600"
    },
    {
      "handlerName" : "on_setaccesstoken",
      "message" : "Able to Access DAI Server, and grab a access token",
      "timestamp" : "2022-07-19 18:47:45.968 -0600",
      "identifier" : "LogSuccess",
      "scriptName" : "",
      "handlerLine" : 13
    },
    {
      "handlerName" : "function_getruns",
      "message" : "http:\/\/ec2-3-22-49-52.us-east-2.compute.amazonaws.com:8000\/ai\/runs?limit=10&starttime=2022-07-19T12:00:00.000Z&sort=%2Bstarttime",
      "timestamp" : "2022-07-19 18:47:45.975 -0600",
      "identifier" : "Log",
      "scriptName" : "",
      "handlerLine" : 19
    },
    {
      "handlerName" : "on_execute_dai_api_getruns",
      "message" : "{date_as_of:\"2022-07-20T00:47:46.078395+00:00\", items:[], total_count:0}",
      "timestamp" : "2022-07-19 18:47:46.069 -0600",
      "identifier" : "Log",
      "scriptName" : "Execute DAI API\/GetRuns.script",
      "handlerLine" : 22
    },
    {
      "identifier" : "EndTestCase",
      "message" : "(Duration:\"0.470654\", Errors:\"0\", Exceptions:\"0\", StartTime:\"2022-07-19 18:47:45 -0600\", Successes:\"1\", TestCase:\"Execute DAI API\/GetRuns.script\", Warnings:\"0\")",
      "timestamp" : "2022-07-19 18:47:46.173 -0600"
    },
    {
      "identifier" : "SUCCESS",
      "message" : "Execution Time 0:00:00 Execute DAI API\/GetRuns.script",
      "timestamp" : "2022-07-19 18:47:46.185 -0600"
    }
  ],
  "createdTimestamp" : "2022-07-19 18:47:45.701 -0600"
}