{
  "entries" : [
    {
      "identifier" : "START",
      "message" : "Running SampleGrabLogs.script",
      "timestamp" : "2022-06-02 23:36:51.839 -0600"
    },
    {
      "handlerName" : "on_setaccesstoken",
      "message" : "Able to Access DAI Server, and grab a access token",
      "timestamp" : "2022-06-02 23:36:52.078 -0600",
      "identifier" : "LogSuccess",
      "scriptName" : "",
      "handlerLine" : 13
    },
    {
      "handlerName" : "on_samplegrablogs",
      "message" : "{created_datetime:\"2022-06-03T05:31:00.018154+00:00\", runstatus:\"SUCCESS\", task_instance_id:\"e8c8f1cb-d8ec-4f6e-bd09-c9e9cd56d24f\", test_config_id:\"c253a9bd-f51c-484c-9839-69370bd09023\", updated_datetime:\"2022-06-03T05:31:21.843178+00:00\"}",
      "timestamp" : "2022-06-02 23:36:52.179 -0600",
      "identifier" : "Log",
      "scriptName" : "SampleGrabLogs.script",
      "handlerLine" : 21
    },
    {
      "identifier" : "EndTestCase",
      "message" : "(Duration:\"0.482503\", Errors:\"0\", Exceptions:\"0\", StartTime:\"2022-06-02 23:36:51 -0600\", Successes:\"1\", TestCase:\"SampleGrabLogs.script\", Warnings:\"0\")",
      "timestamp" : "2022-06-02 23:36:52.324 -0600"
    },
    {
      "identifier" : "SUCCESS",
      "message" : "Execution Time 0:00:00 SampleGrabLogs.script",
      "timestamp" : "2022-06-02 23:36:52.333 -0600"
    }
  ],
  "createdTimestamp" : "2022-06-02 23:36:51.841 -0600"
}