{
  "entries" : [
    {
      "identifier" : "START",
      "message" : "Running ExecuteDAI_API\/PullLogsDownLocally.script",
      "timestamp" : "2022-06-03 11:36:06.782 -0600"
    },
    {
      "handlerName" : "on_setaccesstoken",
      "message" : "Able to Access DAI Server, and grab a access token",
      "timestamp" : "2022-06-03 11:36:06.957 -0600",
      "identifier" : "LogSuccess",
      "scriptName" : "",
      "handlerLine" : 13
    },
    {
      "identifier" : "EndTestCase",
      "message" : "(Duration:\"0.332835\", Errors:\"1\", Exceptions:\"0\", StartTime:\"2022-06-03 11:36:06 -0600\", Successes:\"1\", TestCase:\"ExecuteDAI_API\/PullLogsDownLocally.script\", Warnings:\"0\")",
      "timestamp" : "2022-06-03 11:36:07.117 -0600"
    },
    {
      "identifier" : "FAILURE",
      "message" : "STUnknownMessage: ERROR: No Such Function: 'getmodellogs' -- Execution Time 0:00:00 ExecuteDAI_API\/PullLogsDownLocally.script",
      "timestamp" : "2022-06-03 11:36:07.125 -0600"
    }
  ],
  "createdTimestamp" : "2022-06-03 11:36:06.783 -0600"
}