{
  "entries" : [
    {
      "identifier" : "START",
      "message" : "Running Execute DAI API\/GetRuns.script",
      "timestamp" : "2022-07-20 10:42:10.966 -0600"
    },
    {
      "handlerName" : "on_setaccesstoken",
      "message" : "Able to Access DAI Server, and grab a access token",
      "timestamp" : "2022-07-20 10:42:11.503 -0600",
      "identifier" : "LogSuccess",
      "scriptName" : "",
      "handlerLine" : 13
    },
    {
      "handlerName" : "on_execute_dai_api_getruns",
      "message" : "[{coverage:0.478571, endtime:\"2022-06-02T18:49:15.263992+00:00\", events:\"True\", failedaction:<missing value>, groupid:1, hierarchyid:18415, id:1312, modelid:\"b3a17a75-f3fa-4a0a-8f17-7d89252f993f\", modelname:\"NopCommerce\", runtype:\"normal\", scriptname:<missing value>, seed:96691154, starttime:\"2022-06-02T18:49:14.980999+00:00\", step:0, suitename:<missing value>, testcase:\"\", testcaseid:<missing value>, testconfigtask:<missing value>, teststatus:\"PASSED\"},{coverage:0.609524, endtime:\"2022-06-02T18:50:03.214498+00:00\", events:\"True\", failedaction:<missing value>, groupid:1, hierarchyid:18415, id:1313, modelid:\"b3a17a75-f3fa-4a0a-8f17-7d89252f993f\", modelname:\"NopCommerce\", runtype:\"normal\", scriptname:<missing value>, seed:137338744, starttime:\"2022-06-02T18:50:02.873566+00:00\", step:0, suitename:<missing value>, testcase:\"\", testcaseid:<missing value>, testconfigtask:<missing value>, teststatus:\"PASSED\"},{coverage:0.96875, endtime:\"2022-06-02T18:50:03.104004+00:00\", events:\"True\", failedaction:<missing value>, groupid:1, hierarchyid:18485, id:1314, modelid:\"4972f46e-aad7-4645-bae5-9383580a3728\", modelname:\"nopcommerceinformation\", runtype:\"normal\", scriptname:<missing value>, seed:46525, starttime:\"2022-06-02T18:50:02.995296+00:00\", step:0, suitename:<missing value>, testcase:\"\", testcaseid:<missing value>, testconfigtask:<missing value>, teststatus:\"PASSED\"},{coverage:0.378571, endtime:\"2022-06-02T18:50:42.545606+00:00\", events:\"True\", failedaction:<missing value>, groupid:1, hierarchyid:18415, id:1315, modelid:\"b3a17a75-f3fa-4a0a-8f17-7d89252f993f\", modelname:\"NopCommerce\", runtype:\"normal\", scriptname:<missing value>, seed:188607584, starttime:\"2022-06-02T18:50:42.349075+00:00\", step:0, suitename:<missing value>, testcase:\"\", testcaseid:<missing value>, testconfigtask:<missing value>, teststatus:\"PASSED\"},{coverage:1, endtime:\"2022-06-02T19:24:47.509089+00:00\", events:\"True\", failedaction:<missing value>, groupid:6, hierarchyid:17894, id:1316, modelid:\"109fd38c-cd6e-45f7-9e95-1b1c2add129b\", modelname:\"TopModel01\", runtype:\"normal\", scriptname:<missing value>, seed:221720696, starttime:\"2022-06-02T19:24:47.283829+00:00\", step:0, suitename:<missing value>, testcase:\"\", testcaseid:<missing value>, testconfigtask:<missing value>, teststatus:\"PASSED\"},{coverage:1, endtime:\"2022-06-02T19:24:47.476906+00:00\", events:\"True\", failedaction:<missing value>, groupid:6, hierarchyid:17932, id:1317, modelid:\"9d9e472b-5040-44ba-9c55-bc96405a2d61\", modelname:\"SubModel\", runtype:\"normal\", scriptname:<missing value>, seed:13176, starttime:\"2022-06-02T19:24:47.387631+00:00\", step:0, suitename:<missing value>, testcase:\"\", testcaseid:<missing value>, testconfigtask:<missing value>, teststatus:\"PASSED\"},{coverage:1, endtime:\"2022-06-02T19:25:51.418005+00:00\", events:\"True\", failedaction:<missing value>, groupid:6, hierarchyid:17894, id:1318, modelid:\"109fd38c-cd6e-45f7-9e95-1b1c2add129b\", modelname:\"TopModel01\", runtype:\"normal\", scriptname:<missing value>, seed:189564913, starttime:\"2022-06-02T19:25:51.192798+00:00\", step:0, suitename:<missing value>, testcase:\"\", testcaseid:<missing value>, testconfigtask:<missing value>, teststatus:\"PASSED\"},{coverage:1, endtime:\"2022-06-02T19:25:51.386495+00:00\", events:\"True\", failedaction:<missing value>, groupid:6, hierarchyid:17932, id:1319, modelid:\"9d9e472b-5040-44ba-9c55-bc96405a2d61\", modelname:\"SubModel\", runtype:\"normal\", scriptname:<missing value>, seed:58097, starttime:\"2022-06-02T19:25:51.295996+00:00\", step:0, suitename:<missing value>, testcase:\"\", testcaseid:<missing value>, testconfigtask:<missing value>, teststatus:\"PASSED\"},{coverage:1, endtime:\"2022-06-02T19:26:25.955470+00:00\", events:\"True\", failedaction:<missing value>, groupid:6, hierarchyid:17894, id:1320, modelid:\"109fd38c-cd6e-45f7-9e95-1b1c2add129b\", modelname:\"TopModel01\", runtype:\"normal\", scriptname:<missing value>, seed:200019515, starttime:\"2022-06-02T19:26:25.719980+00:00\", step:0, suitename:<missing value>, testcase:\"\", testcaseid:<missing value>, testconfigtask:<missing value>, teststatus:\"PASSED\"},{coverage:1, endtime:\"2022-06-02T19:26:25.922095+00:00\", events:\"True\", failedaction:<missing value>, groupid:6, hierarchyid:17932, id:1321, modelid:\"9d9e472b-5040-44ba-9c55-bc96405a2d61\", modelname:\"SubModel\", runtype:\"normal\", scriptname:<missing value>, seed:42000, starttime:\"2022-06-02T19:26:25.825347+00:00\", step:0, suitename:<missing value>, testcase:\"\", testcaseid:<missing value>, testconfigtask:<missing value>, teststatus:\"PASSED\"},{coverage:1, endtime:\"2022-06-02T19:26:33.466641+00:00\", events:\"True\", failedaction:<missing value>, groupid:6, hierarchyid:17894, id:1322, modelid:\"109fd38c-cd6e-45f7-9e95-1b1c2add129b\", modelname:\"TopModel01\", runtype:\"normal\", scriptname:<missing value>, seed:132524240, starttime:\"2022-06-02T19:26:33.229513+00:00\", step:0, suitename:<missing value>, testcase:\"\", testcaseid:<missing value>, testconfigtask:<missing value>, teststatus:\"PASSED\"},{coverage:1, endtime:\"2022-06-02T19:26:33.428895+00:00\", events:\"True\", failedaction:<missing value>, groupid:6, hierarchyid:17932, id:1323, modelid:\"9d9e472b-5040-44ba-9c55-bc96405a2d61\", modelname:\"SubModel\", runtype:\"normal\", scriptname:<missing value>, seed:62808, starttime:\"2022-06-02T19:26:33.335412+00:00\", step:0, suitename:<missing value>, testcase:\"\", testcaseid:<missing value>, testconfigtask:<missing value>, teststatus:\"PASSED\"},{coverage:1, endtime:\"2022-06-02T19:26:42.932008+00:00\", events:\"True\", failedaction:<missing value>, groupid:6, hierarchyid:17894, id:1324, modelid:\"109fd38c-cd6e-45f7-9e95-1b1c2add129b\", modelname:\"TopModel01\", runtype:\"normal\", scriptname:<missing value>, seed:187777791, starttime:\"2022-06-02T19:26:42.703843+00:00\", step:0, suitename:<missing value>, testcase:\"\", testcaseid:<missing value>, testconfigtask:<missing value>, teststatus:\"PASSED\"},{coverage:1, endtime:\"2022-06-02T19:26:42.899722+00:00\", events:\"True\", failedaction:<missing value>, groupid:6, hierarchyid:17932, id:1325, modelid:\"9d9e472b-5040-44ba-9c55-bc96405a2d61\", modelname:\"SubModel\", runtype:\"normal\", scriptname:<missing value>, seed:20686, starttime:\"2022-06-02T19:26:42.809931+00:00\", step:0, suitename:<missing value>, testcase:\"\", testcaseid:<missing value>, testconfigtask:<missing value>, teststatus:\"PASSED\"},{coverage:1, endtime:\"2022-06-02T19:35:09.402563+00:00\", events:\"True\", failedaction:<missing value>, groupid:6, hierarchyid:17894, id:1326, modelid:\"109fd38c-cd6e-45f7-9e95-1b1c2add129b\", modelname:\"TopModel01\", runtype:\"normal\", scriptname:<missing value>, seed:167215426, starttime:\"2022-06-02T19:35:09.181539+00:00\", step:0, suitename:<missing value>, testcase:\"\", testcaseid:<missing value>, testconfigtask:<missing value>, teststatus:\"PASSED\"},{coverage:1, endtime:\"2022-06-02T19:35:09.371599+00:00\", events:\"True\", failedaction:<missing value>, groupid:6, hierarchyid:17932, id:1327, modelid:\"9d9e472b-5040-44ba-9c55-bc96405a2d61\", modelname:\"SubModel\", runtype:\"normal\", scriptname:<missing value>, seed:15107, starttime:\"2022-06-02T19:35:09.284249+00:00\", step:0, suitename:<missing value>, testcase:\"\", testcaseid:<missing value>, testconfigtask:<missing value>, teststatus:\"PASSED\"},{coverage:0, endtime:\"2022-06-03T04:30:22.613117+00:00\", events:\"False\", failedaction:<missing value>, groupid:0, hierarchyid:0, id:1328, modelid:<missing value>, modelname:<missing value>, runtype:\"script\", scriptname:\"Main.script\", seed:0, starttime:\"2022-06-03T04:29:56.746894+00:00\", step:0, suitename:\"SimpleChromeTest.suite\", testcase:\"\", testcaseid:<missing value>, testconfigtask:{locked_suts:[{connections:[{color_depth:<missing value>, connection_type:\"RDP\", height:1080, host:\"ec2-18-216-243-240.us-east-2.compute.amazonaws.com\", password:\"l2ABsUG9DK78aQUZ-ZGg3q&@QsC)AMS8\", port:3389, username:\"Administrator\", width:1920}], criteria:[], description:\"\", enabled:\"True\", execution_environments:[], id:\"bd5feafc-0d67-4b78-ac42-72ef234b9b93\", lock:{execution_id:\"241a5d20-f9c4-410d-80c5-ebf4a55a9720\", reason:\"test-config-executing\", start_time:\"2022-06-03T04:29:56.554975+00:00\", user:\"service-account-client:dai:s2s:execution\"}, name:\"RandyAWS SUT\"}], task_instance_id:\"241a5d20-f9c4-410d-80c5-ebf4a55a9720\", test_config:{asset_id:\"96ae7624-843b-4fe2-9cae-a6718f068eb3\", created:\"2022-06-03T04:26:58.684867+00:00\", description:\"\", enabled:\"True\", environment_type:\"local\", id:\"c253a9bd-f51c-484c-9839-69370bd09023\", model_name:<missing value>, model_tag_id:<missing value>, model_uuid:<missing value>, name:\"AWS Test Config\", owner:\"rhesse\", steps:[{script_localpath:\"Main.script\", step_type:\"script_type\", stop_on_failure:\"False\"}], suts:[{criteria:[], is_hosted:\"False\", sut_id:\"bd5feafc-0d67-4b78-ac42-72ef234b9b93\"}], tags:[], updated:\"2022-06-03T04:26:58.684867+00:00\"}, test_config_id:\"c253a9bd-f51c-484c-9839-69370bd09023\", test_config_name:\"AWS Test Config\"}, teststatus:\"PASSED\"},{coverage:0, endtime:\"2022-06-03T04:31:39.143006+00:00\", events:\"False\", failedaction:<missing value>, groupid:0, hierarchyid:0, id:1329, modelid:<missing value>, modelname:<missing value>, runtype:\"script\", scriptname:\"Main.script\", seed:0, starttime:\"2022-06-03T04:31:15.267800+00:00\", step:0, suitename:\"SimpleChromeTest.suite\", testcase:\"\", testcaseid:<missing value>, testconfigtask:{locked_suts:[{connections:[{color_depth:<missing value>, connection_type:\"RDP\", height:1080, host:\"ec2-18-216-243-240.us-east-2.compute.amazonaws.com\", password:\"l2ABsUG9DK78aQUZ-ZGg3q&@QsC)AMS8\", port:3389, username:\"Administrator\", width:1920}], criteria:[], description:\"\", enabled:\"True\", execution_environments:[], id:\"bd5feafc-0d67-4b78-ac42-72ef234b9b93\", lock:{execution_id:\"1de3d8da-1050-43a3-a368-17612e1e6999\", reason:\"test-config-executing\", start_time:\"2022-06-03T04:31:15.085026+00:00\", user:\"service-account-client:dai:s2s:execution\"}, name:\"RandyAWS SUT\"}], task_instance_id:\"1de3d8da-1050-43a3-a368-17612e1e6999\", test_config:{asset_id:\"96ae7624-843b-4fe2-9cae-a6718f068eb3\", created:\"2022-06-03T04:26:58.684867+00:00\", description:\"\", enabled:\"True\", environment_type:\"local\", id:\"c253a9bd-f51c-484c-9839-69370bd09023\", model_name:<missing value>, model_tag_id:<missing value>, model_uuid:<missing value>, name:\"AWS Test Config\", owner:\"rhesse\", steps:[{script_localpath:\"Main.script\", step_type:\"script_type\", stop_on_failure:\"False\"}], suts:[{criteria:[], is_hosted:\"False\", sut_id:\"bd5feafc-0d67-4b78-ac42-72ef234b9b93\"}], tags:[], updated:\"2022-06-03T04:26:58.684867+00:00\"}, test_config_id:\"c253a9bd-f51c-484c-9839-69370bd09023\", test_config_name:\"AWS Test Config\"}, teststatus:\"PASSED\"},{coverage:0, endtime:\"2022-06-03T04:41:25.148551+00:00\", events:\"False\", failedaction:<missing value>, groupid:0, hierarchyid:0, id:1330, modelid:<missing value>, modelname:<missing value>, runtype:\"script\", scriptname:\"Main.script\", seed:0, starttime:\"2022-06-03T04:41:00.383772+00:00\", step:0, suitename:\"SimpleChromeTest.suite\", testcase:\"\", testcaseid:<missing value>, testconfigtask:{locked_suts:[{connections:[{color_depth:<missing value>, connection_type:\"RDP\", height:1080, host:\"ec2-18-216-243-240.us-east-2.compute.amazonaws.com\", password:\"l2ABsUG9DK78aQUZ-ZGg3q&@QsC)AMS8\", port:3389, username:\"Administrator\", width:1920}], criteria:[], description:\"\", enabled:\"True\", execution_environments:[], id:\"bd5feafc-0d67-4b78-ac42-72ef234b9b93\", lock:{execution_id:\"8d06a6f2-8e42-4635-8cf9-b9a2da132bbb\", reason:\"test-config-executing\", start_time:\"2022-06-03T04:41:00.110190+00:00\", user:\"service-account-client:dai:s2s:execution\"}, name:\"RandyAWS SUT\"}], task_instance_id:\"8d06a6f2-8e42-4635-8cf9-b9a2da132bbb\", test_config:{asset_id:\"96ae7624-843b-4fe2-9cae-a6718f068eb3\", created:\"2022-06-03T04:26:58.684867+00:00\", description:\"\", enabled:\"True\", environment_type:\"local\", id:\"c253a9bd-f51c-484c-9839-69370bd09023\", model_name:<missing value>, model_tag_id:<missing value>, model_uuid:<missing value>, name:\"AWS Test Config\", owner:\"rhesse\", steps:[{script_localpath:\"Main.script\", step_type:\"script_type\", stop_on_failure:\"False\"}], suts:[{criteria:[], is_hosted:\"False\", sut_id:\"bd5feafc-0d67-4b78-ac42-72ef234b9b93\"}], tags:[], updated:\"2022-06-03T04:26:58.684867+00:00\"}, test_config_id:\"c253a9bd-f51c-484c-9839-69370bd09023\", test_config_name:\"AWS Test Config\"}, teststatus:\"PASSED\"},{coverage:0, endtime:\"2022-06-03T04:51:32.497521+00:00\", events:\"False\", failedaction:<missing value>, groupid:0, hierarchyid:0, id:1331, modelid:<missing value>, modelname:<missing value>, runtype:\"script\", scriptname:\"Main.script\", seed:0, starttime:\"2022-06-03T04:51:00.295767+00:00\", step:0, suitename:\"SimpleChromeTest.suite\", testcase:\"\", testcaseid:<missing value>, testconfigtask:{locked_suts:[{connections:[{color_depth:<missing value>, connection_type:\"RDP\", height:1080, host:\"ec2-18-216-243-240.us-east-2.compute.amazonaws.com\", password:\"l2ABsUG9DK78aQUZ-ZGg3q&@QsC)AMS8\", port:3389, username:\"Administrator\", width:1920}], criteria:[], description:\"\", enabled:\"True\", execution_environments:[], id:\"bd5feafc-0d67-4b78-ac42-72ef234b9b93\", lock:{execution_id:\"1e671ae0-68ac-4da9-b78f-d4b1f995f129\", reason:\"test-config-executing\", start_time:\"2022-06-03T04:51:00.101216+00:00\", user:\"service-account-client:dai:s2s:execution\"}, name:\"RandyAWS SUT\"}], task_instance_id:\"1e671ae0-68ac-4da9-b78f-d4b1f995f129\", test_config:{asset_id:\"96ae7624-843b-4fe2-9cae-a6718f068eb3\", created:\"2022-06-03T04:26:58.684867+00:00\", description:\"\", enabled:\"True\", environment_type:\"local\", id:\"c253a9bd-f51c-484c-9839-69370bd09023\", model_name:<missing value>, model_tag_id:<missing value>, model_uuid:<missing value>, name:\"AWS Test Config\", owner:\"rhesse\", steps:[{script_localpath:\"Main.script\", step_type:\"script_type\", stop_on_failure:\"False\"}], suts:[{criteria:[], is_hosted:\"False\", sut_id:\"bd5feafc-0d67-4b78-ac42-72ef234b9b93\"}], tags:[], updated:\"2022-06-03T04:26:58.684867+00:00\"}, test_config_id:\"c253a9bd-f51c-484c-9839-69370bd09023\", test_config_name:\"AWS Test Config\"}, teststatus:\"FAILED\"}]",
      "timestamp" : "2022-07-20 10:42:11.750 -0600",
      "identifier" : "Log",
      "scriptName" : "Execute DAI API\/GetRuns.script",
      "handlerLine" : 22
    },
    {
      "identifier" : "EndTestCase",
      "message" : "(Duration:\"2.678158\", Errors:\"0\", Exceptions:\"0\", StartTime:\"2022-07-20 10:42:10 -0600\", Successes:\"1\", TestCase:\"Execute DAI API\/GetRuns.script\", Warnings:\"0\")",
      "timestamp" : "2022-07-20 10:42:13.646 -0600"
    },
    {
      "identifier" : "SUCCESS",
      "message" : "Execution Time 0:00:02 Execute DAI API\/GetRuns.script",
      "timestamp" : "2022-07-20 10:42:13.659 -0600"
    }
  ],
  "createdTimestamp" : "2022-07-20 10:42:10.968 -0600"
}