{
  "entries" : [
    {
      "identifier" : "START",
      "message" : "Running Deploy\/CreateSuiteFromSingleModel.script",
      "timestamp" : "2022-06-02 14:48:43.198 -0600"
    },
    {
      "handlerName" : "on_utilities_convertmodel",
      "message" : "Building Suites and Model",
      "timestamp" : "2022-06-02 14:48:43.243 -0600",
      "identifier" : "Log",
      "scriptName" : "Utilities\/ConvertModel.script",
      "handlerLine" : 7
    },
    {
      "handlerName" : "on_chooseframeworktype",
      "message" : "Choosen Framework: Scripts And Folders",
      "timestamp" : "2022-06-02 14:48:45.423 -0600",
      "identifier" : "Log",
      "scriptName" : "Utilities\/Framework_Class.script",
      "handlerLine" : 9
    },
    {
      "handlerName" : "on_setaccesstoken",
      "message" : "Able to Access DAI Server, and grab a access token",
      "timestamp" : "2022-06-02 14:48:45.731 -0600",
      "identifier" : "LogSuccess",
      "scriptName" : "",
      "handlerLine" : 13
    },
    {
      "handlerName" : "on_checkinformation",
      "message" : "Deleting Existing Suite: \/Users\/randallhesse\/desktop\/Throw-Away Suites\/aws.suite",
      "timestamp" : "2022-06-02 14:48:49.189 -0600",
      "identifier" : "LogWarning",
      "scriptName" : "",
      "handlerLine" : 11
    },
    {
      "handlerName" : "on_createnewsuite",
      "message" : "Created New Suite: \/Users\/randallhesse\/desktop\/Throw-Away Suites\/aws.suite",
      "timestamp" : "2022-06-02 14:48:49.210 -0600",
      "identifier" : "Log",
      "scriptName" : "",
      "handlerLine" : 10
    },
    {
      "handlerName" : "on_scriptsandfolders",
      "message" : "ScriptCount 6",
      "timestamp" : "2022-06-02 14:48:49.234 -0600",
      "identifier" : "Log",
      "scriptName" : "",
      "handlerLine" : 8
    },
    {
      "identifier" : "EndTestCase",
      "message" : "(Duration:\"6.22443\", Errors:\"1\", Exceptions:\"0\", StartTime:\"2022-06-02 14:48:43 -0600\", Successes:\"1\", TestCase:\"Deploy\/CreateSuiteFromSingleModel.script\", Warnings:\"1\")",
      "timestamp" : "2022-06-02 14:48:49.424 -0600"
    },
    {
      "message" : "STFileException: Attempt to close unopened file: ScriptPath -- Execution Time 0:00:06 Deploy\/CreateSuiteFromSingleModel.script",
      "timestamp" : "2022-06-02 14:48:49.565 -0600",
      "identifier" : "FAILURE",
      "image" : "Screen_Error.png"
    }
  ],
  "createdTimestamp" : "2022-06-02 14:48:43.200 -0600"
}