﻿Script,Last Status,Runs,Fails,First Run,Last Run,Avg Time(Success)
Deploy/CreateSuiteFromSingleModel,Success,6,3,2021-09-15 23:02:53 -0600,2021-09-15 23:07:25 -0600,0:00:17
Sratch,Failure,1,1,2021-08-23 10:51:42 -0600,2021-08-23 10:51:42 -0600,0:00:00
Deploy/ExcuteAModel,Success,5,0,2021-07-28 09:56:02 -0600,2021-09-15 23:01:21 -0600,0:00:02
Test_Deploys/ConvertModel_Test,Success,1,0,2021-09-15 23:08:28 -0600,2021-09-15 23:08:28 -0600,0:00:13
Deploy/GrabTestCaseRuns,Success,3,1,2021-09-16 08:59:52 -0600,2021-09-16 09:07:50 -0600,0:00:10
Utilities/Untitled,Success,3,1,2022-02-07 13:56:38 -0700,2022-02-07 13:57:41 -0700,0:00:00
Deploy/GrabLogs,Success,9,1,2021-09-01 13:28:21 -0600,2021-10-07 12:49:35 -0600,0:00:02
