﻿<?xml version="1.0" encoding="UTF-8" ?>
<statistics>
 <script name="Utilities">
  <LastStatus>Success</LastStatus>
  <NumberOfRuns>5</NumberOfRuns>
  <NumberOfFails>0</NumberOfFails>
  <FirstRun>2020-12-17 10:37:35 -0700</FirstRun>
  <LastRun>2021-02-02 13:32:33 -0700</LastRun>
  <TotalTimeOnSuccess>0.673454</TotalTimeOnSuccess>
 </script>
 <script name="Main">
  <LastStatus>Success</LastStatus>
  <NumberOfRuns>201</NumberOfRuns>
  <NumberOfFails>67</NumberOfFails>
  <FirstRun>2020-12-16 13:36:57 -0700</FirstRun>
  <LastRun>2021-02-17 10:13:51 -0700</LastRun>
  <TotalTimeOnSuccess>381.535727</TotalTimeOnSuccess>
 </script>
</statistics>
