﻿<?xml version="1.0" encoding="UTF-8" ?>
<statistics>
 <script name="Deploy/CreateSuiteFromSingleModel">
  <LastStatus>Success</LastStatus>
  <NumberOfRuns>6</NumberOfRuns>
  <NumberOfFails>3</NumberOfFails>
  <FirstRun>2021-09-15 23:02:53 -0600</FirstRun>
  <LastRun>2021-09-15 23:07:25 -0600</LastRun>
  <TotalTimeOnSuccess>51.725431</TotalTimeOnSuccess>
 </script>
 <script name="Sratch">
  <LastStatus>Failure</LastStatus>
  <NumberOfRuns>1</NumberOfRuns>
  <NumberOfFails>1</NumberOfFails>
  <FirstRun>2021-08-23 10:51:42 -0600</FirstRun>
  <LastRun>2021-08-23 10:51:42 -0600</LastRun>
  <TotalTimeOnSuccess>0.000000</TotalTimeOnSuccess>
 </script>
 <script name="Deploy/ExcuteAModel">
  <LastStatus>Success</LastStatus>
  <NumberOfRuns>5</NumberOfRuns>
  <NumberOfFails>0</NumberOfFails>
  <FirstRun>2021-07-28 09:56:02 -0600</FirstRun>
  <LastRun>2021-09-15 23:01:21 -0600</LastRun>
  <TotalTimeOnSuccess>13.058877</TotalTimeOnSuccess>
 </script>
 <script name="Test_Deploys/ConvertModel_Test">
  <LastStatus>Success</LastStatus>
  <NumberOfRuns>1</NumberOfRuns>
  <NumberOfFails>0</NumberOfFails>
  <FirstRun>2021-09-15 23:08:28 -0600</FirstRun>
  <LastRun>2021-09-15 23:08:28 -0600</LastRun>
  <TotalTimeOnSuccess>13.378810</TotalTimeOnSuccess>
 </script>
 <script name="Deploy/GrabTestCaseRuns">
  <LastStatus>Success</LastStatus>
  <NumberOfRuns>3</NumberOfRuns>
  <NumberOfFails>1</NumberOfFails>
  <FirstRun>2021-09-16 08:59:52 -0600</FirstRun>
  <LastRun>2021-09-16 09:07:50 -0600</LastRun>
  <TotalTimeOnSuccess>21.817779</TotalTimeOnSuccess>
 </script>
 <script name="Utilities/Untitled">
  <LastStatus>Success</LastStatus>
  <NumberOfRuns>3</NumberOfRuns>
  <NumberOfFails>1</NumberOfFails>
  <FirstRun>2022-02-07 13:56:38 -0700</FirstRun>
  <LastRun>2022-02-07 13:57:41 -0700</LastRun>
  <TotalTimeOnSuccess>0.948476</TotalTimeOnSuccess>
 </script>
 <script name="Deploy/GrabLogs">
  <LastStatus>Success</LastStatus>
  <NumberOfRuns>9</NumberOfRuns>
  <NumberOfFails>1</NumberOfFails>
  <FirstRun>2021-09-01 13:28:21 -0600</FirstRun>
  <LastRun>2021-10-07 12:49:35 -0600</LastRun>
  <TotalTimeOnSuccess>22.502174</TotalTimeOnSuccess>
 </script>
</statistics>
