{
  "entries" : [
    {
      "identifier" : "START",
      "message" : "Running ExecuteDAI_API\/GetRuns.script",
      "timestamp" : "2022-06-15 09:14:16.356 -0500"
    },
    {
      "handlerName" : "on_setaccesstoken",
      "message" : "Able to Access DAI Server, and grab a access token",
      "timestamp" : "2022-06-15 09:14:17.500 -0500",
      "identifier" : "LogSuccess",
      "scriptName" : "",
      "handlerLine" : 13
    },
    {
      "identifier" : "EndTestCase",
      "message" : "(Duration:\"1.512275\", Errors:\"1\", Exceptions:\"0\", StartTime:\"2022-06-15 09:14:16 -0500\", Successes:\"1\", TestCase:\"ExecuteDAI_API\/GetRuns.script\", Warnings:\"0\")",
      "timestamp" : "2022-06-15 09:14:17.870 -0500"
    },
    {
      "message" : "NSRangeException: *** -[__NSArrayM objectAtIndex:]: index 0 beyond bounds for empty array -- Execution Time 0:00:01 ExecuteDAI_API\/GetRuns.script",
      "timestamp" : "2022-06-15 09:14:17.937 -0500",
      "identifier" : "FAILURE",
      "image" : "Screen_Error.png"
    }
  ],
  "createdTimestamp" : "2022-06-15 09:14:16.357 -0500"
}