{
  "entries" : [
    {
      "identifier" : "START",
      "message" : "Running Deploy\/GrabLogs.script",
      "timestamp" : "2021-09-15 23:10:30.185 -0600"
    },
    {
      "handlerName" : "on_getaccesstoken",
      "message" : "https:\/\/eval53.dai.eggplant.cloud\/\/ai\/auth",
      "timestamp" : "2021-09-15 23:10:30.268 -0600",
      "identifier" : "Log",
      "scriptName" : "",
      "handlerLine" : 6
    },
    {
      "handlerName" : "on_getaccesstoken",
      "message" : "Able to Access DAI Server",
      "timestamp" : "2021-09-15 23:10:31.100 -0600",
      "identifier" : "Log",
      "scriptName" : "",
      "handlerLine" : 13
    },
    {
      "handlerName" : "on_getmodels",
      "message" : "Grabbing information about Your Models",
      "timestamp" : "2021-09-15 23:10:31.108 -0600",
      "identifier" : "Log",
      "scriptName" : "",
      "handlerLine" : 2
    },
    {
      "handlerName" : "on_deploy_grablogs",
      "message" : "{detail:\"The Model was not found\", message:\"The Model was not found\", status:404, title:<missing value>, type:<missing value>}",
      "timestamp" : "2021-09-15 23:10:31.638 -0600",
      "identifier" : "Log",
      "scriptName" : "Deploy\/GrabLogs.script",
      "handlerLine" : 23
    },
    {
      "identifier" : "EndTestCase",
      "message" : "(Duration:\"1.719506\", Errors:\"1\", Exceptions:\"0\", StartTime:\"2021-09-15 23:10:30 -0600\", Successes:\"0\", TestCase:\"Deploy\/GrabLogs.script\", Warnings:\"0\")",
      "timestamp" : "2021-09-15 23:10:31.905 -0600"
    },
    {
      "identifier" : "FAILURE",
      "message" : "Invalid JSON: Can't get value of JSON expression '<!DOCTYPE HTML PUBLIC \"-\/\/W3C\/\/DTD HTML 3.2 Final\/\/EN\">⏎<title>404 Not Found<\/title>⏎<h1>Not Foun...' (reason: Invalid value around character 0.) -- Execution Time 0:00:01 Deploy\/GrabLogs.script",
      "timestamp" : "2021-09-15 23:10:31.914 -0600"
    }
  ],
  "createdTimestamp" : "2021-09-15 23:10:30.185 -0600"
}